timestamp,device,interface,cpu_usage,memory_usage,bandwidth_utilization,latency_ms,packet_loss_percent,jitter_ms,packet_errors,interface_flaps,interface_status
2026-10-02 08:26:22.167756,R1,Gi0/1,42.48,49.31,50.18,15.05,0.18,1.88,6,0,UP
2026-10-02 08:26:22.167756,R1,Gi0/2,43.84,47.65,49.34,11.07,0.15,2.12,0,0,UP
2026-10-02 08:26:22.167756,SW1,Gi0/1,31.38,47.19,36.9,12.63,0.11,1.29,5,0,UP
2026-10-02 08:26:22.167756,SW1,Gi0/10,38.87,50.34,33.6,10.91,0.21,1.42,3,0,UP
2026-10-02 08:26:22.167756,SW1,Gi0/11,37.0,48.54,40.19,15.7,0.2,1.47,4,0,UP
2026-10-02 08:26:22.167756,SW2,Gi0/2,33.9,51.04,29.32,9.34,0.22,2.37,3,0,UP
2026-10-02 08:26:22.167756,SW2,Gi0/10,39.42,48.49,33.17,10.56,0.15,2.53,3,0,UP
2026-10-02 08:26:22.167756,SW2,Gi0/11,31.18,51.62,41.92,10.65,0.26,2.52,4,0,UP
2026-10-02 08:27:22.167756,R1,Gi0/1,35.8,48.45,47.65,13.95,0.15,1.91,0,0,UP
2026-10-02 08:27:22.167756,R1,Gi0/2,34.02,54.06,55.85,11.86,0.3,2.18,1,0,UP
2026-10-02 08:27:22.167756,SW1,Gi0/1,41.81,57.69,44.71,15.13,0.0,2.41,3,0,UP
2026-10-02 08:27:22.167756,SW1,Gi0/10,38.5,50.46,29.1,11.56,0.24,2.74,1,0,UP
2026-10-02 08:27:22.167756,SW1,Gi0/11,35.96,47.49,52.32,12.66,0.15,2.26,3,0,UP
2026-10-02 08:27:22.167756,SW2,Gi0/2,44.84,46.49,42.38,11.22,0.05,2.15,3,0,UP
2026-10-02 08:27:22.167756,SW2,Gi0/10,40.03,48.83,33.68,11.16,0.17,1.6,2,0,UP
2026-10-02 08:27:22.167756,SW2,Gi0/11,42.02,59.43,46.4,12.52,0.19,1.04,2,0,UP
2026-10-02 08:28:22.167756,R1,Gi0/1,40.3,62.32,43.46,12.6,0.2,1.42,5,0,UP
2026-10-02 08:28:22.167756,R1,Gi0/2,43.76,53.96,37.72,14.81,0.06,2.29,7,0,UP
2026-10-02 08:28:22.167756,SW1,Gi0/1,35.05,47.17,45.8,10.99,0.04,2.03,0,0,UP
2026-10-02 08:28:22.167756,SW1,Gi0/10,42.37,45.4,57.4,10.43,0.17,2.41,0,0,UP
2026-10-02 08:28:22.167756,SW1,Gi0/11,41.14,56.54,32.14,12.37,0.23,2.39,0,0,UP
2026-10-02 08:28:22.167756,SW2,Gi0/2,33.4,52.61,47.38,12.5,0.23,1.66,3,0,UP
2026-10-02 08:28:22.167756,SW2,Gi0/10,41.47,46.43,59.93,12.95,0.08,2.33,1,0,UP
2026-10-02 08:28:22.167756,SW2,Gi0/11,43.94,55.79,38.43,13.93,0.24,2.41,6,0,UP
2026-10-02 08:29:22.167756,R1,Gi0/1,38.77,46.23,37.88,10.37,0.19,2.17,3,0,UP
2026-10-02 08:29:22.167756,R1,Gi0/2,44.14,50.07,56.63,11.47,0.47,2.31,1,0,UP
2026-10-02 08:29:22.167756,SW1,Gi0/1,34.65,52.41,43.21,13.43,0.25,1.96,1,0,UP
2026-10-02 08:29:22.167756,SW1,Gi0/10,32.43,47.77,51.85,12.43,0.08,2.09,3,0,UP
2026-10-02 08:29:22.167756,SW1,Gi0/11,35.58,50.77,45.47,9.71,0.24,2.28,5,0,UP
2026-10-02 08:29:22.167756,SW2,Gi0/2,45.27,43.11,37.5,13.03,0.25,2.26,10,0,UP
2026-10-02 08:29:22.167756,SW2,Gi0/10,42.85,55.68,52.63,13.3,0.17,2.38,1,0,UP
2026-10-02 08:29:22.167756,SW2,Gi0/11,38.82,47.57,45.65,16.63,0.01,2.34,0,0,UP
2026-10-02 08:30:22.167756,R1,Gi0/1,37.64,55.44,45.51,9.84,0.13,2.34,1,0,UP
2026-10-02 08:30:22.167756,R1,Gi0/2,41.08,50.23,39.79,16.29,0.26,0.99,3,0,UP
2026-10-02 08:30:22.167756,SW1,Gi0/1,36.69,54.26,38.66,11.77,0.25,2.43,0,0,UP
2026-10-02 08:30:22.167756,SW1,Gi0/10,38.33,47.63,39.77,15.53,0.24,1.37,4,0,UP
2026-10-02 08:30:22.167756,SW1,Gi0/11,50.61,55.16,32.85,11.03,0.33,1.65,3,0,UP
2026-10-02 08:30:22.167756,SW2,Gi0/2,43.87,45.37,44.52,5.52,0.1,1.87,0,0,UP
2026-10-02 08:30:22.167756,SW2,Gi0/10,48.16,42.85,41.48,12.26,0.34,1.28,5,0,UP
2026-10-02 08:30:22.167756,SW2,Gi0/11,40.05,45.09,48.7,12.4,0.14,2.03,2,0,UP
2026-10-02 08:31:22.167756,R1,Gi0/1,40.57,53.31,57.69,9.52,0.41,1.02,2,0,UP
2026-10-02 08:31:22.167756,R1,Gi0/2,42.94,51.4,40.02,11.58,0.15,1.71,4,0,UP
2026-10-02 08:31:22.167756,SW1,Gi0/1,41.79,46.54,52.2,12.61,0.28,2.31,1,0,UP
2026-10-02 08:31:22.167756,SW1,Gi0/10,37.2,53.74,49.88,11.96,0.21,2.64,1,0,UP
2026-10-02 08:31:22.167756,SW1,Gi0/11,42.74,48.99,43.26,14.2,0.28,2.41,5,0,UP
2026-10-02 08:31:22.167756,SW2,Gi0/2,40.11,53.41,42.52,12.65,0.19,2.05,4,0,UP
2026-10-02 08:31:22.167756,SW2,Gi0/10,35.91,60.46,36.95,9.57,0.32,2.4,4,0,UP
2026-10-02 08:31:22.167756,SW2,Gi0/11,43.14,49.94,37.82,12.15,0.13,2.49,2,0,UP
2026-10-02 08:32:22.167756,R1,Gi0/1,35.87,48.39,48.3,10.87,0.12,2.12,3,0,UP
2026-10-02 08:32:22.167756,R1,Gi0/2,37.47,47.64,46.86,9.1,0.06,1.64,2,0,UP
2026-10-02 08:32:22.167756,SW1,Gi0/1,41.55,57.38,51.86,11.68,0.2,1.5,2,0,UP
2026-10-02 08:32:22.167756,SW1,Gi0/10,38.56,51.61,38.38,13.04,0.35,1.95,3,0,UP
2026-10-02 08:32:22.167756,SW1,Gi0/11,43.45,47.99,46.79,12.03,0.21,1.61,3,0,UP
2026-10-02 08:32:22.167756,SW2,Gi0/2,42.49,57.26,52.67,16.31,0.12,2.44,3,0,UP
2026-10-02 08:32:22.167756,SW2,Gi0/10,50.95,45.96,38.28,10.8,0.0,1.74,1,0,UP
2026-10-02 08:32:22.167756,SW2,Gi0/11,40.75,51.71,60.01,13.9,0.14,1.55,3,0,UP
2026-10-02 08:33:22.167756,R1,Gi0/1,33.4,59.16,54.44,11.06,0.03,2.68,2,0,UP
2026-10-02 08:33:22.167756,R1,Gi0/2,46.19,42.03,40.2,12.01,0.2,1.77,4,0,UP
2026-10-02 08:33:22.167756,SW1,Gi0/1,34.66,49.29,45.96,13.03,0.27,1.44,0,0,UP
2026-10-02 08:33:22.167756,SW1,Gi0/10,46.39,51.66,39.01,15.1,0.21,2.59,3,0,UP
2026-10-02 08:33:22.167756,SW1,Gi0/11,50.3,58.78,43.01,13.94,0.26,2.68,1,0,UP
2026-10-02 08:33:22.167756,SW2,Gi0/2,43.43,55.29,30.93,9.63,0.0,1.87,4,0,UP
2026-10-02 08:33:22.167756,SW2,Gi0/10,47.51,50.37,58.03,9.24,0.03,1.97,3,0,UP
2026-10-02 08:33:22.167756,SW2,Gi0/11,39.84,39.66,44.29,9.39,0.27,2.18,1,0,UP
2026-10-02 08:34:22.167756,R1,Gi0/1,37.43,44.7,44.5,13.91,0.1,2.25,1,0,UP
2026-10-02 08:34:22.167756,R1,Gi0/2,36.04,49.46,36.72,10.89,0.08,2.98,3,0,UP
2026-10-02 08:34:22.167756,SW1,Gi0/1,36.5,51.07,44.1,11.56,0.26,2.38,1,0,UP
2026-10-02 08:34:22.167756,SW1,Gi0/10,37.12,48.62,26.58,8.97,0.34,2.82,2,0,UP
2026-10-02 08:34:22.167756,SW1,Gi0/11,42.88,51.56,69.63,14.24,0.19,1.52,0,0,UP
2026-10-02 08:34:22.167756,SW2,Gi0/2,41.02,46.22,33.62,10.71,0.09,2.84,4,0,UP
2026-10-02 08:34:22.167756,SW2,Gi0/10,39.96,57.4,45.62,10.28,0.35,2.27,0,0,UP
2026-10-02 08:34:22.167756,SW2,Gi0/11,39.05,45.62,33.94,13.85,0.39,1.3,4,0,UP
2026-10-02 08:35:22.167756,R1,Gi0/1,36.75,47.56,40.26,10.27,0.2,1.58,3,0,UP
2026-10-02 08:35:22.167756,R1,Gi0/2,39.75,48.81,37.74,10.85,0.28,2.25,1,0,UP
2026-10-02 08:35:22.167756,SW1,Gi0/1,40.5,53.76,31.64,13.09,0.13,2.29,1,0,UP
2026-10-02 08:35:22.167756,SW1,Gi0/10,30.98,41.86,45.38,12.52,0.11,2.32,0,0,UP
2026-10-02 08:35:22.167756,SW1,Gi0/11,39.67,43.94,39.79,12.09,0.11,1.81,5,0,UP
2026-10-02 08:35:22.167756,SW2,Gi0/2,37.12,54.18,35.96,13.06,0.34,0.76,1,0,UP
2026-10-02 08:35:22.167756,SW2,Gi0/10,42.89,48.98,47.97,10.79,0.21,1.92,5,0,UP
2026-10-02 08:35:22.167756,SW2,Gi0/11,41.27,51.69,41.7,11.02,0.16,2.2,2,0,UP
2026-10-02 08:36:22.167756,R1,Gi0/1,41.45,60.38,51.97,11.35,0.32,1.8,0,0,UP
2026-10-02 08:36:22.167756,R1,Gi0/2,34.96,40.65,42.19,12.04,0.37,2.16,2,0,UP
2026-10-02 08:36:22.167756,SW1,Gi0/1,44.15,38.94,46.88,13.54,0.05,2.57,3,0,UP
2026-10-02 08:36:22.167756,SW1,Gi0/10,37.92,53.16,63.17,12.36,0.22,1.77,1,0,UP
2026-10-02 08:36:22.167756,SW1,Gi0/11,44.15,45.72,45.57,11.04,0.25,2.17,5,0,UP
2026-10-02 08:36:22.167756,SW2,Gi0/2,37.45,48.65,37.17,11.11,0.24,2.38,1,0,UP
2026-10-02 08:36:22.167756,SW2,Gi0/10,44.35,56.78,48.31,15.75,0.12,1.38,0,0,UP
2026-10-02 08:36:22.167756,SW2,Gi0/11,47.48,53.27,44.56,12.56,0.09,3.22,3,0,UP
2026-10-02 08:37:22.167756,R1,Gi0/1,40.55,53.63,48.85,12.45,0.12,2.24,6,0,UP
2026-10-02 08:37:22.167756,R1,Gi0/2,46.73,57.97,40.91,10.02,0.19,2.03,5,0,UP
2026-10-02 08:37:22.167756,SW1,Gi0/1,31.54,57.65,43.74,11.15,0.1,1.17,4,0,UP
2026-10-02 08:37:22.167756,SW1,Gi0/10,40.37,43.55,34.64,11.33,0.37,1.87,0,0,UP
2026-10-02 08:37:22.167756,SW1,Gi0/11,38.77,48.64,23.42,11.89,0.18,2.35,6,0,UP
2026-10-02 08:37:22.167756,SW2,Gi0/2,45.63,48.66,36.15,17.15,0.21,2.01,2,0,UP
2026-10-02 08:37:22.167756,SW2,Gi0/10,40.99,49.28,40.41,10.91,0.2,1.73,1,0,UP
2026-10-02 08:37:22.167756,SW2,Gi0/11,40.53,48.73,57.03,6.7,0.31,2.62,0,0,UP
2026-10-02 08:38:22.167756,R1,Gi0/1,38.29,48.14,33.74,10.44,0.09,2.88,4,0,UP
2026-10-02 08:38:22.167756,R1,Gi0/2,46.36,53.61,35.97,10.95,0.25,1.39,4,0,UP
2026-10-02 08:38:22.167756,SW1,Gi0/1,38.8,48.13,50.69,12.89,0.16,2.58,0,0,UP
2026-10-02 08:38:22.167756,SW1,Gi0/10,43.08,52.97,42.52,12.65,0.07,2.46,2,0,UP
2026-10-02 08:38:22.167756,SW1,Gi0/11,37.39,55.25,39.37,9.18,0.04,2.3,0,0,UP
2026-10-02 08:38:22.167756,SW2,Gi0/2,48.77,39.59,58.57,12.42,0.19,1.73,3,0,UP
2026-10-02 08:38:22.167756,SW2,Gi0/10,39.81,55.52,45.91,12.3,0.16,1.97,3,0,UP
2026-10-02 08:38:22.167756,SW2,Gi0/11,31.45,43.26,50.95,12.34,0.18,2.01,3,0,UP
2026-10-02 08:39:22.167756,R1,Gi0/1,37.3,46.11,46.57,10.04,0.24,1.15,5,0,UP
2026-10-02 08:39:22.167756,R1,Gi0/2,42.36,51.28,52.86,15.33,0.3,1.08,0,0,UP
2026-10-02 08:39:22.167756,SW1,Gi0/1,36.88,50.13,49.14,10.55,0.22,1.62,1,0,UP
2026-10-02 08:39:22.167756,SW1,Gi0/10,32.97,45.38,34.19,10.05,0.31,1.53,8,0,UP
2026-10-02 08:39:22.167756,SW1,Gi0/11,42.47,50.92,38.13,13.4,0.14,2.06,8,0,UP
2026-10-02 08:39:22.167756,SW2,Gi0/2,39.52,55.75,39.37,11.93,0.38,1.69,6,0,UP
2026-10-02 08:39:22.167756,SW2,Gi0/10,43.54,47.19,50.06,13.95,0.26,1.21,1,0,UP
2026-10-02 08:39:22.167756,SW2,Gi0/11,38.76,49.63,49.97,12.36,0.07,2.19,4,0,UP
2026-10-02 08:40:22.167756,R1,Gi0/1,42.8,55.4,51.67,12.92,0.19,1.17,3,0,UP
2026-10-02 08:40:22.167756,R1,Gi0/2,41.04,51.36,34.79,9.84,0.31,1.98,4,0,UP
2026-10-02 08:40:22.167756,SW1,Gi0/1,40.14,50.15,52.51,10.97,0.21,1.77,2,0,UP
2026-10-02 08:40:22.167756,SW1,Gi0/10,38.45,51.11,41.17,14.51,0.11,1.91,2,0,UP
2026-10-02 08:40:22.167756,SW1,Gi0/11,47.23,50.98,53.25,9.03,0.23,2.44,3,0,UP
2026-10-02 08:40:22.167756,SW2,Gi0/2,45.33,47.41,56.27,16.6,0.16,1.78,5,0,UP
2026-10-02 08:40:22.167756,SW2,Gi0/10,47.9,47.39,41.64,11.44,0.07,1.54,0,0,UP
2026-10-02 08:40:22.167756,SW2,Gi0/11,36.16,49.83,46.87,15.1,0.1,2.49,2,0,UP
2026-10-02 08:41:22.167756,R1,Gi0/1,39.75,53.37,36.02,12.76,0.22,2.25,3,0,UP
2026-10-02 08:41:22.167756,R1,Gi0/2,52.28,46.81,40.75,10.75,0.14,1.68,5,0,UP
2026-10-02 08:41:22.167756,SW1,Gi0/1,47.1,47.15,38.34,12.94,0.14,2.32,3,0,UP
2026-10-02 08:41:22.167756,SW1,Gi0/10,32.42,57.74,59.37,10.77,0.16,2.14,3,0,UP
2026-10-02 08:41:22.167756,SW1,Gi0/11,43.29,60.05,43.58,10.4,0.06,1.63,2,0,UP
2026-10-02 08:41:22.167756,SW2,Gi0/2,48.97,47.41,46.79,11.97,0.32,3.26,1,0,UP
2026-10-02 08:41:22.167756,SW2,Gi0/10,37.55,55.22,50.46,15.69,0.26,1.82,4,0,UP
2026-10-02 08:41:22.167756,SW2,Gi0/11,45.54,54.1,49.06,14.13,0.32,2.69,4,0,UP
2026-10-02 08:42:22.167756,R1,Gi0/1,39.16,50.73,54.65,10.37,0.24,1.8,3,0,UP
2026-10-02 08:42:22.167756,R1,Gi0/2,46.39,50.96,45.37,9.28,0.27,2.32,7,0,UP
2026-10-02 08:42:22.167756,SW1,Gi0/1,38.46,51.1,47.0,15.15,0.19,2.14,4,0,UP
2026-10-02 08:42:22.167756,SW1,Gi0/10,40.93,47.77,46.55,14.15,0.1,2.07,1,0,UP
2026-10-02 08:42:22.167756,SW1,Gi0/11,45.98,42.38,40.53,12.75,0.36,1.97,1,0,UP
2026-10-02 08:42:22.167756,SW2,Gi0/2,49.41,42.76,27.41,12.88,0.15,1.49,4,0,UP
2026-10-02 08:42:22.167756,SW2,Gi0/10,41.22,47.18,34.76,13.74,0.27,1.95,6,0,UP
2026-10-02 08:42:22.167756,SW2,Gi0/11,34.65,42.37,39.46,11.91,0.22,1.88,3,0,UP
2026-10-02 08:43:22.167756,R1,Gi0/1,33.74,57.22,44.34,14.23,0.23,2.23,4,0,UP
2026-10-02 08:43:22.167756,R1,Gi0/2,42.24,53.21,55.63,12.39,0.27,1.96,5,0,UP
2026-10-02 08:43:22.167756,SW1,Gi0/1,36.62,59.0,44.68,9.14,0.21,1.66,4,0,UP
2026-10-02 08:43:22.167756,SW1,Gi0/10,36.74,47.77,29.88,11.1,0.0,1.21,4,0,UP
2026-10-02 08:43:22.167756,SW1,Gi0/11,43.93,52.13,37.26,11.9,0.2,1.42,6,0,UP
2026-10-02 08:43:22.167756,SW2,Gi0/2,44.39,48.9,45.22,12.42,0.0,1.88,1,0,UP
2026-10-02 08:43:22.167756,SW2,Gi0/10,34.99,48.59,59.38,13.28,0.14,2.29,5,0,UP
2026-10-02 08:43:22.167756,SW2,Gi0/11,44.62,50.3,39.82,13.4,0.24,2.45,4,0,UP
2026-10-02 08:44:22.167756,R1,Gi0/1,45.25,47.32,55.54,12.4,0.41,1.66,6,0,UP
2026-10-02 08:44:22.167756,R1,Gi0/2,40.99,46.74,41.13,11.36,0.24,2.26,1,0,UP
2026-10-02 08:44:22.167756,SW1,Gi0/1,39.88,60.71,58.82,12.87,0.2,2.06,4,0,UP
2026-10-02 08:44:22.167756,SW1,Gi0/10,34.89,48.71,31.65,12.8,0.26,1.76,6,0,UP
2026-10-02 08:44:22.167756,SW1,Gi0/11,33.87,42.68,46.8,14.09,0.37,1.77,5,0,UP
2026-10-02 08:44:22.167756,SW2,Gi0/2,39.81,49.14,52.07,13.3,0.04,2.74,5,0,UP
2026-10-02 08:44:22.167756,SW2,Gi0/10,36.87,51.98,48.95,12.52,0.14,1.66,2,0,UP
2026-10-02 08:44:22.167756,SW2,Gi0/11,45.86,52.72,42.04,13.54,0.0,2.57,0,0,UP
2026-10-02 08:45:22.167756,R1,Gi0/1,38.19,44.4,34.64,14.32,0.15,2.17,2,0,UP
2026-10-02 08:45:22.167756,R1,Gi0/2,42.39,50.38,34.74,13.99,0.15,1.22,2,0,UP
2026-10-02 08:45:22.167756,SW1,Gi0/1,47.5,54.25,42.21,11.3,0.17,3.04,3,0,UP
2026-10-02 08:45:22.167756,SW1,Gi0/10,42.15,55.15,46.91,11.48,0.18,1.96,2,0,UP
2026-10-02 08:45:22.167756,SW1,Gi0/11,43.64,50.26,50.86,11.84,0.21,1.0,4,0,UP
2026-10-02 08:45:22.167756,SW2,Gi0/2,41.73,54.99,21.83,16.18,0.19,2.55,0,0,UP
2026-10-02 08:45:22.167756,SW2,Gi0/10,43.06,44.73,40.01,15.83,0.18,2.11,4,0,UP
2026-10-02 08:45:22.167756,SW2,Gi0/11,42.48,50.75,47.92,16.81,0.19,2.1,5,0,UP
2026-10-02 08:46:22.167756,R1,Gi0/1,45.53,55.94,50.11,9.71,0.36,1.43,3,0,UP
2026-10-02 08:46:22.167756,R1,Gi0/2,36.23,49.68,47.63,12.64,0.24,2.81,3,0,UP
2026-10-02 08:46:22.167756,SW1,Gi0/1,38.78,54.82,54.52,9.54,0.26,2.35,2,0,UP
2026-10-02 08:46:22.167756,SW1,Gi0/10,46.88,49.25,46.0,11.65,0.2,1.45,0,0,UP
2026-10-02 08:46:22.167756,SW1,Gi0/11,47.97,45.77,37.07,7.69,0.14,1.34,6,0,UP
2026-10-02 08:46:22.167756,SW2,Gi0/2,45.05,46.56,63.02,13.96,0.17,0.75,7,0,UP
2026-10-02 08:46:22.167756,SW2,Gi0/10,33.05,41.77,53.18,16.88,0.34,2.28,4,0,UP
2026-10-02 08:46:22.167756,SW2,Gi0/11,44.27,53.79,47.25,12.21,0.19,1.62,2,0,UP
2026-10-02 08:47:22.167756,R1,Gi0/1,31.54,49.51,37.09,9.79,0.22,2.7,4,0,UP
2026-10-02 08:47:22.167756,R1,Gi0/2,32.15,45.05,52.53,10.04,0.18,2.28,1,0,UP
2026-10-02 08:47:22.167756,SW1,Gi0/1,40.53,43.33,40.19,12.64,0.04,2.22,2,0,UP
2026-10-02 08:47:22.167756,SW1,Gi0/10,42.76,51.12,55.91,12.25,0.16,2.06,4,0,UP
2026-10-02 08:47:22.167756,SW1,Gi0/11,40.24,50.2,39.38,10.67,0.06,2.87,0,0,UP
2026-10-02 08:47:22.167756,SW2,Gi0/2,36.54,46.41,52.16,11.41,0.32,1.66,3,0,UP
2026-10-02 08:47:22.167756,SW2,Gi0/10,35.82,60.73,35.5,12.62,0.26,2.21,2,0,UP
2026-10-02 08:47:22.167756,SW2,Gi0/11,39.35,50.22,43.82,13.93,0.42,1.72,0,0,UP
2026-10-02 08:48:22.167756,R1,Gi0/1,39.56,62.9,38.57,15.28,0.37,1.72,4,0,UP
2026-10-02 08:48:22.167756,R1,Gi0/2,48.14,48.1,43.37,10.84,0.1,1.68,0,0,UP
2026-10-02 08:48:22.167756,SW1,Gi0/1,40.17,46.15,46.87,8.89,0.23,2.42,0,0,UP
2026-10-02 08:48:22.167756,SW1,Gi0/10,41.87,56.14,35.32,15.35,0.24,1.65,2,0,UP
2026-10-02 08:48:22.167756,SW1,Gi0/11,42.79,50.38,49.31,10.16,0.22,1.29,2,0,UP
2026-10-02 08:48:22.167756,SW2,Gi0/2,35.48,46.32,54.89,14.18,0.26,1.45,2,0,UP
2026-10-02 08:48:22.167756,SW2,Gi0/10,46.07,50.71,63.55,12.79,0.22,1.85,3,0,UP
2026-10-02 08:48:22.167756,SW2,Gi0/11,39.24,53.54,52.65,10.43,0.07,1.08,4,0,UP
2026-10-02 08:49:22.167756,R1,Gi0/1,34.48,39.24,48.11,16.99,0.2,2.42,3,0,UP
2026-10-02 08:49:22.167756,R1,Gi0/2,39.51,54.6,42.68,12.53,0.23,1.67,4,0,UP
2026-10-02 08:49:22.167756,SW1,Gi0/1,39.13,46.22,49.29,10.2,0.2,2.0,5,0,UP
2026-10-02 08:49:22.167756,SW1,Gi0/10,42.37,49.87,51.54,14.78,0.26,2.01,0,0,UP
2026-10-02 08:49:22.167756,SW1,Gi0/11,34.67,48.47,40.12,11.63,0.21,2.26,2,0,UP
2026-10-02 08:49:22.167756,SW2,Gi0/2,42.43,50.32,29.2,10.12,0.19,1.4,4,0,UP
2026-10-02 08:49:22.167756,SW2,Gi0/10,47.65,56.09,43.29,14.98,0.21,1.83,1,0,UP
2026-10-02 08:49:22.167756,SW2,Gi0/11,38.49,48.06,46.36,12.32,0.2,2.22,5,0,UP
2026-10-02 08:50:22.167756,R1,Gi0/1,44.75,42.58,24.57,13.87,0.06,1.89,0,0,UP
2026-10-02 08:50:22.167756,R1,Gi0/2,30.99,52.71,51.07,10.85,0.0,1.73,3,0,UP
2026-10-02 08:50:22.167756,SW1,Gi0/1,32.61,50.92,44.88,13.16,0.21,1.51,5,0,UP
2026-10-02 08:50:22.167756,SW1,Gi0/10,39.21,49.86,37.53,11.11,0.11,1.91,6,0,UP
2026-10-02 08:50:22.167756,SW1,Gi0/11,33.14,41.93,56.77,11.58,0.13,2.52,1,0,UP
2026-10-02 08:50:22.167756,SW2,Gi0/2,49.13,53.39,41.1,16.31,0.14,2.37,3,0,UP
2026-10-02 08:50:22.167756,SW2,Gi0/10,46.51,57.81,45.26,10.49,0.25,1.66,7,0,UP
2026-10-02 08:50:22.167756,SW2,Gi0/11,40.68,48.17,46.48,9.31,0.1,2.6,1,0,UP
2026-10-02 08:51:22.167756,R1,Gi0/1,34.77,52.68,54.49,13.44,0.3,1.62,0,0,UP
2026-10-02 08:51:22.167756,R1,Gi0/2,47.51,48.39,42.99,14.66,0.26,2.23,7,0,UP
2026-10-02 08:51:22.167756,SW1,Gi0/1,36.78,54.64,45.46,12.54,0.35,2.25,4,0,UP
2026-10-02 08:51:22.167756,SW1,Gi0/10,45.36,48.18,38.29,9.91,0.0,3.03,0,0,UP
2026-10-02 08:51:22.167756,SW1,Gi0/11,38.89,48.62,47.46,13.63,0.29,1.71,2,0,UP
2026-10-02 08:51:22.167756,SW2,Gi0/2,41.41,48.76,57.86,12.98,0.27,2.33,5,0,UP
2026-10-02 08:51:22.167756,SW2,Gi0/10,40.91,43.52,48.2,10.7,0.15,2.29,5,0,UP
2026-10-02 08:51:22.167756,SW2,Gi0/11,40.11,51.54,58.62,12.48,0.46,2.28,0,0,UP
2026-10-02 08:52:22.167756,R1,Gi0/1,43.77,51.91,55.32,13.35,0.19,1.39,2,0,UP
2026-10-02 08:52:22.167756,R1,Gi0/2,35.75,47.1,49.71,15.34,0.24,1.4,3,0,UP
2026-10-02 08:52:22.167756,SW1,Gi0/1,45.98,46.95,43.93,12.03,0.12,2.32,2,0,UP
2026-10-02 08:52:22.167756,SW1,Gi0/10,42.1,45.56,41.5,13.44,0.16,2.86,2,0,UP
2026-10-02 08:52:22.167756,SW1,Gi0/11,41.12,54.66,33.65,8.48,0.05,2.63,1,0,UP
2026-10-02 08:52:22.167756,SW2,Gi0/2,52.79,47.18,46.48,15.08,0.4,3.03,5,0,UP
2026-10-02 08:52:22.167756,SW2,Gi0/10,45.12,52.96,51.23,10.9,0.12,2.0,2,0,UP
2026-10-02 08:52:22.167756,SW2,Gi0/11,37.73,53.48,52.64,12.18,0.35,1.43,2,0,UP
2026-10-02 08:53:22.167756,R1,Gi0/1,36.42,40.67,44.34,11.76,0.35,2.32,0,0,UP
2026-10-02 08:53:22.167756,R1,Gi0/2,49.27,56.11,49.66,11.55,0.1,1.81,5,0,UP
2026-10-02 08:53:22.167756,SW1,Gi0/1,49.42,57.72,41.09,9.76,0.21,1.12,3,0,UP
2026-10-02 08:53:22.167756,SW1,Gi0/10,39.26,47.67,32.24,13.03,0.15,1.42,0,0,UP
2026-10-02 08:53:22.167756,SW1,Gi0/11,39.86,58.86,58.29,11.09,0.14,2.23,1,0,UP
2026-10-02 08:53:22.167756,SW2,Gi0/2,41.51,53.83,54.82,11.8,0.18,1.56,1,0,UP
2026-10-02 08:53:22.167756,SW2,Gi0/10,38.87,51.84,52.31,10.39,0.35,1.86,2,0,UP
2026-10-02 08:53:22.167756,SW2,Gi0/11,36.26,37.88,52.07,13.47,0.17,2.03,4,0,UP
2026-10-02 08:54:22.167756,R1,Gi0/1,32.19,47.35,51.35,9.49,0.23,1.32,3,0,UP
2026-10-02 08:54:22.167756,R1,Gi0/2,39.82,41.92,54.32,10.53,0.12,2.1,5,0,UP
2026-10-02 08:54:22.167756,SW1,Gi0/1,34.92,50.31,48.43,13.39,0.22,1.82,1,0,UP
2026-10-02 08:54:22.167756,SW1,Gi0/10,40.43,44.64,21.63,12.87,0.29,0.82,0,0,UP
2026-10-02 08:54:22.167756,SW1,Gi0/11,43.1,60.29,45.17,10.54,0.18,2.69,1,0,UP
2026-10-02 08:54:22.167756,SW2,Gi0/2,36.0,47.59,37.37,12.25,0.36,2.16,2,0,UP
2026-10-02 08:54:22.167756,SW2,Gi0/10,38.54,42.18,52.06,11.84,0.18,3.6,3,0,UP
2026-10-02 08:54:22.167756,SW2,Gi0/11,36.24,47.87,54.19,12.23,0.06,2.46,1,0,UP
2026-10-02 08:55:22.167756,R1,Gi0/1,49.37,55.4,41.42,14.56,0.21,2.43,3,0,UP
2026-10-02 08:55:22.167756,R1,Gi0/2,35.77,46.78,53.24,11.33,0.16,1.52,3,0,UP
2026-10-02 08:55:22.167756,SW1,Gi0/1,50.31,44.66,45.19,14.82,0.19,2.23,0,0,UP
2026-10-02 08:55:22.167756,SW1,Gi0/10,42.14,49.06,52.89,14.37,0.46,2.29,3,0,UP
2026-10-02 08:55:22.167756,SW1,Gi0/11,40.97,48.23,47.71,11.41,0.22,2.66,0,0,UP
2026-10-02 08:55:22.167756,SW2,Gi0/2,45.7,56.59,44.06,7.76,0.14,2.65,2,0,UP
2026-10-02 08:55:22.167756,SW2,Gi0/10,35.0,47.48,51.72,13.09,0.18,1.82,2,0,UP
2026-10-02 08:55:22.167756,SW2,Gi0/11,35.39,58.08,42.42,14.43,0.35,2.5,2,0,UP
2026-10-02 08:56:22.167756,R1,Gi0/1,42.02,49.88,37.77,12.65,0.08,2.59,2,0,UP
2026-10-02 08:56:22.167756,R1,Gi0/2,41.01,51.42,42.93,13.17,0.15,2.44,0,0,UP
2026-10-02 08:56:22.167756,SW1,Gi0/1,40.63,59.69,37.0,10.64,0.25,2.09,3,0,UP
2026-10-02 08:56:22.167756,SW1,Gi0/10,42.45,53.17,53.88,12.82,0.18,2.34,6,0,UP
2026-10-02 08:56:22.167756,SW1,Gi0/11,39.34,45.13,53.86,11.76,0.0,2.42,1,0,UP
2026-10-02 08:56:22.167756,SW2,Gi0/2,39.55,51.66,46.52,13.42,0.16,2.26,2,0,UP
2026-10-02 08:56:22.167756,SW2,Gi0/10,43.69,53.08,37.52,14.17,0.15,2.4,3,0,UP
2026-10-02 08:56:22.167756,SW2,Gi0/11,49.19,48.88,42.21,11.96,0.17,2.4,0,0,UP
2026-10-02 08:57:22.167756,R1,Gi0/1,34.73,44.66,52.6,15.42,0.19,1.92,3,0,UP
2026-10-02 08:57:22.167756,R1,Gi0/2,45.81,45.36,46.91,13.95,0.25,2.09,5,0,UP
2026-10-02 08:57:22.167756,SW1,Gi0/1,26.48,53.39,39.77,8.34,0.25,2.69,2,0,UP
2026-10-02 08:57:22.167756,SW1,Gi0/10,44.76,58.06,55.52,15.28,0.27,2.04,0,0,UP
2026-10-02 08:57:22.167756,SW1,Gi0/11,38.77,45.78,62.37,11.65,0.21,2.28,3,0,UP
2026-10-02 08:57:22.167756,SW2,Gi0/2,48.48,46.89,46.56,10.52,0.07,1.69,2,0,UP
2026-10-02 08:57:22.167756,SW2,Gi0/10,37.85,46.54,33.75,11.83,0.05,2.38,3,0,UP
2026-10-02 08:57:22.167756,SW2,Gi0/11,32.71,48.45,38.98,12.64,0.33,1.06,3,0,UP
2026-10-02 08:58:22.167756,R1,Gi0/1,39.2,53.36,46.71,10.5,0.17,1.6,5,0,UP
2026-10-02 08:58:22.167756,R1,Gi0/2,40.11,59.51,44.51,10.58,0.05,1.1,0,0,UP
2026-10-02 08:58:22.167756,SW1,Gi0/1,41.34,52.54,32.35,13.79,0.15,2.07,6,0,UP
2026-10-02 08:58:22.167756,SW1,Gi0/10,44.48,48.66,37.87,7.7,0.13,1.89,1,0,UP
2026-10-02 08:58:22.167756,SW1,Gi0/11,39.34,50.38,43.2,10.7,0.22,2.22,0,0,UP
2026-10-02 08:58:22.167756,SW2,Gi0/2,47.05,49.51,45.15,13.42,0.22,2.48,3,0,UP
2026-10-02 08:58:22.167756,SW2,Gi0/10,36.94,51.81,35.85,12.22,0.2,1.9,2,0,UP
2026-10-02 08:58:22.167756,SW2,Gi0/11,30.59,47.26,45.74,12.32,0.1,2.63,1,0,UP
2026-10-02 08:59:22.167756,R1,Gi0/1,44.85,52.14,39.83,15.55,0.08,2.46,5,0,UP
2026-10-02 08:59:22.167756,R1,Gi0/2,36.65,56.96,43.0,12.58,0.23,1.93,4,0,UP
2026-10-02 08:59:22.167756,SW1,Gi0/1,43.97,41.26,55.43,8.68,0.3,2.56,0,0,UP
2026-10-02 08:59:22.167756,SW1,Gi0/10,37.95,44.47,43.28,11.38,0.28,2.66,5,0,UP
2026-10-02 08:59:22.167756,SW1,Gi0/11,37.19,48.95,31.53,10.39,0.3,2.81,0,0,UP
2026-10-02 08:59:22.167756,SW2,Gi0/2,37.04,49.87,47.24,10.38,0.24,1.76,2,0,UP
2026-10-02 08:59:22.167756,SW2,Gi0/10,42.73,50.03,41.51,11.78,0.19,1.81,2,0,UP
2026-10-02 08:59:22.167756,SW2,Gi0/11,47.99,52.8,42.64,13.39,0.17,2.59,3,0,UP
2026-10-02 09:00:22.167756,R1,Gi0/1,39.46,52.24,32.43,9.75,0.08,2.07,6,0,UP
2026-10-02 09:00:22.167756,R1,Gi0/2,51.16,53.19,49.01,8.4,0.15,1.61,1,0,UP
2026-10-02 09:00:22.167756,SW1,Gi0/1,39.16,47.64,29.17,13.5,0.09,2.12,7,0,UP
2026-10-02 09:00:22.167756,SW1,Gi0/10,35.4,37.35,42.71,14.2,0.4,1.39,3,0,UP
2026-10-02 09:00:22.167756,SW1,Gi0/11,37.67,49.47,66.15,8.99,0.23,2.23,5,0,UP
2026-10-02 09:00:22.167756,SW2,Gi0/2,40.49,51.54,41.87,12.54,0.17,2.31,2,0,UP
2026-10-02 09:00:22.167756,SW2,Gi0/10,41.89,49.85,54.01,11.9,0.02,2.63,1,0,UP
2026-10-02 09:00:22.167756,SW2,Gi0/11,36.73,47.02,56.0,7.73,0.51,2.53,3,0,UP
2026-10-02 09:01:22.167756,R1,Gi0/1,39.73,51.43,49.17,13.29,0.26,2.04,2,0,UP
2026-10-02 09:01:22.167756,R1,Gi0/2,39.24,49.03,54.07,13.19,0.0,2.33,3,0,UP
2026-10-02 09:01:22.167756,SW1,Gi0/1,39.91,48.06,53.99,13.9,0.12,2.2,1,0,UP
2026-10-02 09:01:22.167756,SW1,Gi0/10,33.1,46.87,51.9,13.91,0.25,2.36,4,0,UP
2026-10-02 09:01:22.167756,SW1,Gi0/11,36.79,52.16,51.4,13.51,0.32,2.35,3,0,UP
2026-10-02 09:01:22.167756,SW2,Gi0/2,45.35,49.87,37.95,11.67,0.13,1.66,2,0,UP
2026-10-02 09:01:22.167756,SW2,Gi0/10,36.04,48.46,29.85,12.43,0.2,1.59,4,0,UP
2026-10-02 09:01:22.167756,SW2,Gi0/11,44.69,41.96,38.9,10.46,0.11,2.41,2,0,UP
2026-10-02 09:02:22.167756,R1,Gi0/1,38.68,39.98,50.08,9.52,0.21,2.14,5,0,UP
2026-10-02 09:02:22.167756,R1,Gi0/2,33.46,34.9,46.47,15.6,0.32,2.1,2,0,UP
2026-10-02 09:02:22.167756,SW1,Gi0/1,44.04,45.13,48.81,13.01,0.31,3.38,3,0,UP
2026-10-02 09:02:22.167756,SW1,Gi0/10,37.46,49.87,30.85,10.61,0.16,1.74,3,0,UP
2026-10-02 09:02:22.167756,SW1,Gi0/11,35.89,55.61,45.0,11.98,0.17,2.08,4,0,UP
2026-10-02 09:02:22.167756,SW2,Gi0/2,35.66,46.71,42.57,9.31,0.12,1.76,4,0,UP
2026-10-02 09:02:22.167756,SW2,Gi0/10,41.31,50.97,51.81,11.73,0.24,1.95,3,0,UP
2026-10-02 09:02:22.167756,SW2,Gi0/11,37.09,37.81,43.93,14.85,0.29,2.48,5,0,UP
2026-10-02 09:03:22.167756,R1,Gi0/1,40.44,50.99,40.06,11.37,0.26,2.6,2,0,UP
2026-10-02 09:03:22.167756,R1,Gi0/2,37.75,50.0,49.81,9.11,0.0,1.72,0,0,UP
2026-10-02 09:03:22.167756,SW1,Gi0/1,37.46,49.26,41.37,14.9,0.23,2.15,4,0,UP
2026-10-02 09:03:22.167756,SW1,Gi0/10,34.31,55.2,44.39,13.34,0.09,1.22,4,0,UP
2026-10-02 09:03:22.167756,SW1,Gi0/11,41.88,45.49,38.04,14.25,0.08,2.82,1,0,UP
2026-10-02 09:03:22.167756,SW2,Gi0/2,43.19,48.36,49.83,10.91,0.18,2.02,0,0,UP
2026-10-02 09:03:22.167756,SW2,Gi0/10,43.7,47.43,43.17,10.01,0.0,1.9,7,0,UP
2026-10-02 09:03:22.167756,SW2,Gi0/11,43.92,49.9,42.9,12.04,0.25,1.41,5,0,UP
2026-10-02 09:04:22.167756,R1,Gi0/1,43.58,53.59,48.51,12.04,0.27,2.3,2,0,UP
2026-10-02 09:04:22.167756,R1,Gi0/2,37.13,50.51,57.39,9.52,0.05,2.08,3,0,UP
2026-10-02 09:04:22.167756,SW1,Gi0/1,40.87,51.22,43.21,14.98,0.04,1.59,2,0,UP
2026-10-02 09:04:22.167756,SW1,Gi0/10,31.78,49.12,58.29,12.04,0.22,1.37,1,0,UP
2026-10-02 09:04:22.167756,SW1,Gi0/11,38.12,48.41,55.25,13.12,0.09,2.12,3,0,UP
2026-10-02 09:04:22.167756,SW2,Gi0/2,45.7,57.9,36.88,10.38,0.07,1.88,3,0,UP
2026-10-02 09:04:22.167756,SW2,Gi0/10,44.94,49.62,42.44,12.3,0.12,3.04,0,0,UP
2026-10-02 09:04:22.167756,SW2,Gi0/11,40.92,60.12,45.05,11.62,0.16,1.91,5,0,UP
2026-10-02 09:05:22.167756,R1,Gi0/1,28.94,57.67,33.61,11.47,0.16,2.29,0,0,UP
2026-10-02 09:05:22.167756,R1,Gi0/2,42.31,60.12,34.09,12.38,0.13,2.21,3,0,UP
2026-10-02 09:05:22.167756,SW1,Gi0/1,36.79,52.44,59.43,11.62,0.27,1.35,1,0,UP
2026-10-02 09:05:22.167756,SW1,Gi0/10,42.36,57.42,47.84,11.37,0.2,1.37,4,0,UP
2026-10-02 09:05:22.167756,SW1,Gi0/11,44.41,47.74,41.24,12.53,0.16,1.97,7,0,UP
2026-10-02 09:05:22.167756,SW2,Gi0/2,38.76,48.21,39.82,13.49,0.18,1.68,5,0,UP
2026-10-02 09:05:22.167756,SW2,Gi0/10,47.1,47.0,30.07,14.02,0.13,2.4,0,0,UP
2026-10-02 09:05:22.167756,SW2,Gi0/11,44.46,43.94,50.85,12.03,0.1,1.8,4,0,UP
2026-10-02 09:06:22.167756,R1,Gi0/1,40.53,52.92,60.81,8.87,0.36,2.05,1,0,UP
2026-10-02 09:06:22.167756,R1,Gi0/2,33.35,49.05,52.37,11.74,0.35,1.27,2,0,UP
2026-10-02 09:06:22.167756,SW1,Gi0/1,33.74,51.82,52.1,11.16,0.0,2.1,3,0,UP
2026-10-02 09:06:22.167756,SW1,Gi0/10,42.02,56.18,36.43,13.36,0.32,1.11,3,0,UP
2026-10-02 09:06:22.167756,SW1,Gi0/11,37.48,49.59,47.78,11.03,0.13,2.02,0,0,UP
2026-10-02 09:06:22.167756,SW2,Gi0/2,34.57,53.4,35.81,13.33,0.25,1.14,1,0,UP
2026-10-02 09:06:22.167756,SW2,Gi0/10,45.97,45.09,41.28,12.92,0.28,1.87,1,0,UP
2026-10-02 09:06:22.167756,SW2,Gi0/11,47.11,58.69,52.83,12.17,0.12,1.58,4,0,UP
2026-10-02 09:07:22.167756,R1,Gi0/1,42.09,57.01,50.2,8.99,0.31,1.5,2,0,UP
2026-10-02 09:07:22.167756,R1,Gi0/2,41.25,59.98,69.88,13.21,0.18,2.27,4,0,UP
2026-10-02 09:07:22.167756,SW1,Gi0/1,38.4,58.98,46.84,13.0,0.27,2.21,4,0,UP
2026-10-02 09:07:22.167756,SW1,Gi0/10,36.91,47.21,36.2,12.88,0.28,2.23,6,0,UP
2026-10-02 09:07:22.167756,SW1,Gi0/11,39.97,53.34,36.27,11.23,0.27,2.42,2,0,UP
2026-10-02 09:07:22.167756,SW2,Gi0/2,39.64,42.41,42.14,13.78,0.26,2.25,3,0,UP
2026-10-02 09:07:22.167756,SW2,Gi0/10,40.04,46.7,50.59,12.84,0.25,1.74,0,0,UP
2026-10-02 09:07:22.167756,SW2,Gi0/11,45.49,47.61,38.1,13.39,0.16,2.53,4,0,UP
2026-10-02 09:08:22.167756,R1,Gi0/1,43.42,43.17,54.7,12.52,0.16,2.07,0,0,UP
2026-10-02 09:08:22.167756,R1,Gi0/2,42.04,44.85,34.18,8.96,0.31,1.69,6,0,UP
2026-10-02 09:08:22.167756,SW1,Gi0/1,37.32,41.46,36.07,14.47,0.18,1.73,3,0,UP
2026-10-02 09:08:22.167756,SW1,Gi0/10,42.51,55.59,56.59,11.28,0.07,1.79,3,0,UP
2026-10-02 09:08:22.167756,SW1,Gi0/11,35.18,45.21,47.75,11.9,0.2,1.62,2,0,UP
2026-10-02 09:08:22.167756,SW2,Gi0/2,35.38,54.45,53.28,8.31,0.11,1.25,1,0,UP
2026-10-02 09:08:22.167756,SW2,Gi0/10,39.58,42.75,37.63,9.99,0.22,2.03,1,0,UP
2026-10-02 09:08:22.167756,SW2,Gi0/11,40.88,47.27,42.83,15.35,0.33,1.35,4,0,UP
2026-10-02 09:09:22.167756,R1,Gi0/1,44.06,44.26,51.55,15.08,0.09,1.54,5,0,UP
2026-10-02 09:09:22.167756,R1,Gi0/2,41.36,52.76,47.72,12.78,0.07,2.52,5,0,UP
2026-10-02 09:09:22.167756,SW1,Gi0/1,38.85,49.78,32.75,13.03,0.26,1.97,5,0,UP
2026-10-02 09:09:22.167756,SW1,Gi0/10,38.33,52.82,36.84,11.95,0.18,2.11,2,0,UP
2026-10-02 09:09:22.167756,SW1,Gi0/11,39.34,54.13,41.51,8.79,0.37,2.69,0,0,UP
2026-10-02 09:09:22.167756,SW2,Gi0/2,43.45,47.49,47.11,12.59,0.18,1.61,1,0,UP
2026-10-02 09:09:22.167756,SW2,Gi0/10,35.42,45.84,44.46,10.57,0.27,2.74,1,0,UP
2026-10-02 09:09:22.167756,SW2,Gi0/11,41.2,52.5,48.78,12.15,0.27,2.24,0,0,UP
2026-10-02 09:10:22.167756,R1,Gi0/1,44.35,54.44,38.89,12.08,0.27,1.9,5,0,UP
2026-10-02 09:10:22.167756,R1,Gi0/2,51.82,46.07,33.95,12.61,0.27,1.88,5,0,UP
2026-10-02 09:10:22.167756,SW1,Gi0/1,33.31,53.46,40.15,15.44,0.4,1.62,1,0,UP
2026-10-02 09:10:22.167756,SW1,Gi0/10,44.3,48.06,44.64,12.05,0.01,1.99,1,0,UP
2026-10-02 09:10:22.167756,SW1,Gi0/11,37.53,57.22,34.95,13.63,0.17,1.86,4,0,UP
2026-10-02 09:10:22.167756,SW2,Gi0/2,41.7,52.85,52.75,11.34,0.14,1.46,1,0,UP
2026-10-02 09:10:22.167756,SW2,Gi0/10,54.75,56.22,34.19,9.36,0.25,2.27,4,0,UP
2026-10-02 09:10:22.167756,SW2,Gi0/11,38.73,49.37,47.62,12.17,0.0,1.89,1,0,UP
2026-10-02 09:11:22.167756,R1,Gi0/1,40.88,64.93,47.94,11.37,0.29,2.24,3,0,UP
2026-10-02 09:11:22.167756,R1,Gi0/2,43.03,60.28,35.95,12.95,0.11,2.28,1,0,UP
2026-10-02 09:11:22.167756,SW1,Gi0/1,37.91,48.52,52.81,13.84,0.08,2.03,1,0,UP
2026-10-02 09:11:22.167756,SW1,Gi0/10,33.71,48.91,42.53,16.85,0.24,1.31,1,0,UP
2026-10-02 09:11:22.167756,SW1,Gi0/11,45.11,60.44,32.31,8.24,0.39,2.19,1,0,UP
2026-10-02 09:11:22.167756,SW2,Gi0/2,42.67,36.82,45.03,12.66,0.29,1.49,3,0,UP
2026-10-02 09:11:22.167756,SW2,Gi0/10,35.37,51.28,37.84,11.18,0.1,2.33,4,0,UP
2026-10-02 09:11:22.167756,SW2,Gi0/11,38.83,50.19,33.41,11.4,0.19,3.31,0,0,UP
2026-10-02 09:12:22.167756,R1,Gi0/1,47.32,54.98,47.25,15.52,0.24,2.19,2,0,UP
2026-10-02 09:12:22.167756,R1,Gi0/2,46.12,55.48,39.99,9.36,0.18,1.6,2,0,UP
2026-10-02 09:12:22.167756,SW1,Gi0/1,46.19,47.71,44.66,12.12,0.28,0.88,1,0,UP
2026-10-02 09:12:22.167756,SW1,Gi0/10,41.06,56.0,41.06,8.25,0.26,1.68,0,0,UP
2026-10-02 09:12:22.167756,SW1,Gi0/11,36.88,49.08,40.16,7.59,0.29,2.64,4,0,UP
2026-10-02 09:12:22.167756,SW2,Gi0/2,34.31,48.99,44.95,13.2,0.27,1.63,3,0,UP
2026-10-02 09:12:22.167756,SW2,Gi0/10,42.29,57.28,50.64,13.58,0.21,2.71,3,0,UP
2026-10-02 09:12:22.167756,SW2,Gi0/11,35.69,57.02,50.58,11.11,0.15,2.15,3,0,UP
2026-10-02 09:13:22.167756,R1,Gi0/1,40.99,51.56,58.6,14.14,0.22,2.47,0,0,UP
2026-10-02 09:13:22.167756,R1,Gi0/2,41.99,59.05,43.26,10.3,0.13,1.46,1,0,UP
2026-10-02 09:13:22.167756,SW1,Gi0/1,38.15,42.97,45.12,13.8,0.11,2.76,4,0,UP
2026-10-02 09:13:22.167756,SW1,Gi0/10,45.15,46.71,51.84,9.82,0.29,2.09,4,0,UP
2026-10-02 09:13:22.167756,SW1,Gi0/11,34.12,45.52,49.78,10.1,0.25,1.32,4,0,UP
2026-10-02 09:13:22.167756,SW2,Gi0/2,33.84,52.76,50.01,10.61,0.26,2.13,1,0,UP
2026-10-02 09:13:22.167756,SW2,Gi0/10,34.96,40.19,47.8,8.87,0.21,1.87,4,0,UP
2026-10-02 09:13:22.167756,SW2,Gi0/11,38.49,48.35,50.85,12.67,0.23,2.23,0,0,UP
2026-10-02 09:14:22.167756,R1,Gi0/1,43.78,53.06,36.87,11.51,0.2,1.93,3,0,UP
2026-10-02 09:14:22.167756,R1,Gi0/2,47.16,55.41,34.5,13.24,0.33,2.19,5,0,UP
2026-10-02 09:14:22.167756,SW1,Gi0/1,50.06,55.12,46.99,14.09,0.21,2.01,2,0,UP
2026-10-02 09:14:22.167756,SW1,Gi0/10,47.82,45.91,57.26,13.0,0.06,2.18,0,0,UP
2026-10-02 09:14:22.167756,SW1,Gi0/11,43.13,54.43,40.26,12.25,0.4,1.75,0,0,UP
2026-10-02 09:14:22.167756,SW2,Gi0/2,47.41,59.81,45.03,14.02,0.33,1.63,2,0,UP
2026-10-02 09:14:22.167756,SW2,Gi0/10,46.15,58.43,49.5,10.24,0.4,1.73,2,0,UP
2026-10-02 09:14:22.167756,SW2,Gi0/11,41.71,57.77,51.83,12.83,0.25,2.02,4,0,UP
2026-10-02 09:15:22.167756,R1,Gi0/1,27.35,48.52,46.93,9.7,0.24,1.9,6,0,UP
2026-10-02 09:15:22.167756,R1,Gi0/2,47.87,47.67,43.79,11.85,0.15,2.1,1,0,UP
2026-10-02 09:15:22.167756,SW1,Gi0/1,34.35,53.11,50.04,10.39,0.29,1.68,3,0,UP
2026-10-02 09:15:22.167756,SW1,Gi0/10,44.1,49.83,48.64,10.97,0.18,1.9,1,0,UP
2026-10-02 09:15:22.167756,SW1,Gi0/11,39.12,42.26,41.07,11.43,0.17,1.88,2,0,UP
2026-10-02 09:15:22.167756,SW2,Gi0/2,42.4,54.37,39.8,9.59,0.1,1.76,2,0,UP
2026-10-02 09:15:22.167756,SW2,Gi0/10,36.15,43.52,41.35,12.36,0.26,1.72,2,0,UP
2026-10-02 09:15:22.167756,SW2,Gi0/11,35.37,49.84,38.21,13.15,0.02,1.82,3,0,UP
2026-10-02 09:16:22.167756,R1,Gi0/1,40.92,63.47,47.8,9.99,0.19,1.11,2,0,UP
2026-10-02 09:16:22.167756,R1,Gi0/2,35.83,54.58,40.6,11.77,0.14,2.87,2,0,UP
2026-10-02 09:16:22.167756,SW1,Gi0/1,49.16,54.07,48.86,12.74,0.24,1.04,2,0,UP
2026-10-02 09:16:22.167756,SW1,Gi0/10,44.23,49.76,33.76,11.9,0.37,2.62,2,0,UP
2026-10-02 09:16:22.167756,SW1,Gi0/11,44.76,48.17,31.37,10.15,0.36,1.86,2,0,UP
2026-10-02 09:16:22.167756,SW2,Gi0/2,38.5,59.52,58.01,16.44,0.18,2.15,0,0,UP
2026-10-02 09:16:22.167756,SW2,Gi0/10,47.38,44.16,46.73,9.81,0.14,1.58,1,0,UP
2026-10-02 09:16:22.167756,SW2,Gi0/11,37.3,47.26,51.67,9.79,0.22,2.61,1,0,UP
2026-10-02 09:17:22.167756,R1,Gi0/1,36.41,48.85,54.44,12.39,0.15,2.24,0,0,UP
2026-10-02 09:17:22.167756,R1,Gi0/2,43.41,52.04,42.54,10.32,0.11,2.27,5,0,UP
2026-10-02 09:17:22.167756,SW1,Gi0/1,36.81,52.29,28.3,10.83,0.2,1.55,1,0,UP
2026-10-02 09:17:22.167756,SW1,Gi0/10,36.66,51.46,43.5,7.52,0.0,1.7,3,0,UP
2026-10-02 09:17:22.167756,SW1,Gi0/11,26.26,47.5,40.79,14.78,0.16,2.19,3,0,UP
2026-10-02 09:17:22.167756,SW2,Gi0/2,29.35,53.84,46.72,13.02,0.59,0.96,6,0,UP
2026-10-02 09:17:22.167756,SW2,Gi0/10,38.56,51.44,44.64,11.15,0.14,2.16,0,0,UP
2026-10-02 09:17:22.167756,SW2,Gi0/11,43.75,47.92,35.96,11.1,0.33,1.73,3,0,UP
2026-10-02 09:18:22.167756,R1,Gi0/1,36.35,53.79,50.48,15.7,0.18,2.33,3,0,UP
2026-10-02 09:18:22.167756,R1,Gi0/2,46.48,46.41,50.96,11.61,0.19,2.05,3,0,UP
2026-10-02 09:18:22.167756,SW1,Gi0/1,39.42,51.07,57.62,13.97,0.29,1.77,1,0,UP
2026-10-02 09:18:22.167756,SW1,Gi0/10,44.78,54.38,56.78,10.79,0.18,1.18,2,0,UP
2026-10-02 09:18:22.167756,SW1,Gi0/11,44.98,47.67,50.12,11.62,0.23,1.43,3,0,UP
2026-10-02 09:18:22.167756,SW2,Gi0/2,25.04,49.07,31.96,14.41,0.28,2.23,6,0,UP
2026-10-02 09:18:22.167756,SW2,Gi0/10,35.26,58.74,52.46,11.53,0.31,1.45,1,0,UP
2026-10-02 09:18:22.167756,SW2,Gi0/11,36.96,47.36,36.55,14.45,0.17,2.18,1,0,UP
2026-10-02 09:19:22.167756,R1,Gi0/1,30.9,51.35,29.7,11.86,0.06,2.99,4,0,UP
2026-10-02 09:19:22.167756,R1,Gi0/2,40.53,56.32,38.23,13.09,0.22,2.13,5,0,UP
2026-10-02 09:19:22.167756,SW1,Gi0/1,43.66,51.44,31.76,10.08,0.19,2.05,0,0,UP
2026-10-02 09:19:22.167756,SW1,Gi0/10,52.06,57.58,49.82,12.14,0.18,1.52,3,0,UP
2026-10-02 09:19:22.167756,SW1,Gi0/11,41.29,43.79,47.67,11.69,0.01,1.57,2,0,UP
2026-10-02 09:19:22.167756,SW2,Gi0/2,49.44,52.78,34.32,12.97,0.05,2.54,2,0,UP
2026-10-02 09:19:22.167756,SW2,Gi0/10,39.53,56.63,34.7,9.21,0.14,2.52,0,0,UP
2026-10-02 09:19:22.167756,SW2,Gi0/11,25.84,47.74,49.41,14.4,0.15,1.79,5,0,UP
2026-10-02 09:20:22.167756,R1,Gi0/1,30.65,48.06,46.52,12.9,0.15,2.02,0,0,UP
2026-10-02 09:20:22.167756,R1,Gi0/2,36.71,52.27,37.14,12.12,0.24,1.83,3,0,UP
2026-10-02 09:20:22.167756,SW1,Gi0/1,35.19,48.97,49.88,12.31,0.14,2.11,4,0,UP
2026-10-02 09:20:22.167756,SW1,Gi0/10,29.75,55.8,42.31,12.85,0.32,1.31,1,0,UP
2026-10-02 09:20:22.167756,SW1,Gi0/11,38.56,46.08,58.88,10.29,0.14,2.1,0,0,UP
2026-10-02 09:20:22.167756,SW2,Gi0/2,38.02,51.59,42.34,11.81,0.15,1.24,3,0,UP
2026-10-02 09:20:22.167756,SW2,Gi0/10,48.77,50.09,46.8,13.39,0.07,2.85,3,0,UP
2026-10-02 09:20:22.167756,SW2,Gi0/11,48.16,46.33,59.54,13.55,0.26,2.12,2,0,UP
2026-10-02 09:21:22.167756,R1,Gi0/1,46.0,50.7,29.26,9.77,0.18,2.15,2,0,UP
2026-10-02 09:21:22.167756,R1,Gi0/2,46.09,40.24,46.15,8.36,0.28,1.95,3,0,UP
2026-10-02 09:21:22.167756,SW1,Gi0/1,35.68,56.4,53.33,13.17,0.19,2.29,1,0,UP
2026-10-02 09:21:22.167756,SW1,Gi0/10,44.28,58.25,53.56,10.54,0.24,1.35,4,0,UP
2026-10-02 09:21:22.167756,SW1,Gi0/11,42.25,40.65,35.71,11.43,0.17,1.4,3,0,UP
2026-10-02 09:21:22.167756,SW2,Gi0/2,41.26,49.03,38.95,14.1,0.37,1.76,1,0,UP
2026-10-02 09:21:22.167756,SW2,Gi0/10,42.46,48.21,43.88,13.48,0.01,2.66,3,0,UP
2026-10-02 09:21:22.167756,SW2,Gi0/11,37.94,49.55,44.7,8.54,0.35,2.02,3,0,UP
2026-10-02 09:22:22.167756,R1,Gi0/1,44.76,44.89,48.79,11.46,0.28,0.94,2,0,UP
2026-10-02 09:22:22.167756,R1,Gi0/2,36.99,52.16,48.76,10.58,0.13,1.94,1,0,UP
2026-10-02 09:22:22.167756,SW1,Gi0/1,44.21,48.15,21.74,11.25,0.1,1.18,0,0,UP
2026-10-02 09:22:22.167756,SW1,Gi0/10,40.55,56.64,47.51,10.79,0.25,1.77,1,0,UP
2026-10-02 09:22:22.167756,SW1,Gi0/11,34.23,41.24,41.88,12.32,0.19,1.79,1,0,UP
2026-10-02 09:22:22.167756,SW2,Gi0/2,43.04,43.41,51.21,10.0,0.12,1.27,1,0,UP
2026-10-02 09:22:22.167756,SW2,Gi0/10,44.88,52.58,52.83,13.04,0.09,1.83,1,0,UP
2026-10-02 09:22:22.167756,SW2,Gi0/11,46.65,44.02,52.15,13.79,0.38,1.8,4,0,UP
2026-10-02 09:23:22.167756,R1,Gi0/1,51.41,46.91,32.72,8.24,0.27,1.06,2,0,UP
2026-10-02 09:23:22.167756,R1,Gi0/2,42.19,50.93,48.4,12.44,0.33,1.52,1,0,UP
2026-10-02 09:23:22.167756,SW1,Gi0/1,36.14,54.15,52.2,12.9,0.32,1.41,6,0,UP
2026-10-02 09:23:22.167756,SW1,Gi0/10,47.62,53.68,59.25,8.69,0.15,1.63,4,0,UP
2026-10-02 09:23:22.167756,SW1,Gi0/11,34.75,53.79,55.96,13.39,0.23,1.51,1,0,UP
2026-10-02 09:23:22.167756,SW2,Gi0/2,46.25,53.9,44.69,11.16,0.0,1.46,6,0,UP
2026-10-02 09:23:22.167756,SW2,Gi0/10,33.6,50.95,53.06,9.49,0.22,2.47,3,0,UP
2026-10-02 09:23:22.167756,SW2,Gi0/11,54.34,41.66,53.47,11.65,0.28,2.22,1,0,UP
2026-10-02 09:24:22.167756,R1,Gi0/1,41.14,40.71,49.83,12.6,0.26,2.53,3,0,UP
2026-10-02 09:24:22.167756,R1,Gi0/2,40.74,45.59,39.3,14.37,0.34,1.88,3,0,UP
2026-10-02 09:24:22.167756,SW1,Gi0/1,35.48,55.86,50.32,15.88,0.11,1.81,3,0,UP
2026-10-02 09:24:22.167756,SW1,Gi0/10,43.23,48.92,38.02,13.76,0.27,1.54,5,0,UP
2026-10-02 09:24:22.167756,SW1,Gi0/11,45.85,50.67,45.64,13.11,0.11,2.02,0,0,UP
2026-10-02 09:24:22.167756,SW2,Gi0/2,44.38,42.19,57.03,11.34,0.18,1.69,2,0,UP
2026-10-02 09:24:22.167756,SW2,Gi0/10,47.09,37.56,55.22,12.68,0.08,1.46,6,0,UP
2026-10-02 09:24:22.167756,SW2,Gi0/11,35.27,44.23,54.1,12.68,0.11,2.11,0,0,UP
2026-10-02 09:25:22.167756,R1,Gi0/1,45.5,55.31,49.26,12.72,0.38,2.0,0,0,UP
2026-10-02 09:25:22.167756,R1,Gi0/2,42.25,60.43,36.88,11.28,0.24,1.97,1,0,UP
2026-10-02 09:25:22.167756,SW1,Gi0/1,45.61,61.6,46.57,10.19,0.05,2.13,5,0,UP
2026-10-02 09:25:22.167756,SW1,Gi0/10,42.38,49.99,40.29,9.82,0.28,2.46,0,0,UP
2026-10-02 09:25:22.167756,SW1,Gi0/11,47.95,52.87,56.2,9.32,0.06,1.93,4,0,UP
2026-10-02 09:25:22.167756,SW2,Gi0/2,48.98,53.53,43.06,9.95,0.32,1.52,6,0,UP
2026-10-02 09:25:22.167756,SW2,Gi0/10,38.58,57.95,50.43,11.73,0.15,1.83,3,0,UP
2026-10-02 09:25:22.167756,SW2,Gi0/11,40.39,47.03,43.67,12.16,0.0,2.23,1,0,UP
2026-10-02 09:26:22.167756,R1,Gi0/1,34.23,41.56,30.65,9.29,0.13,2.98,1,0,UP
2026-10-02 09:26:22.167756,R1,Gi0/2,40.89,52.0,46.05,11.85,0.08,2.73,6,0,UP
2026-10-02 09:26:22.167756,SW1,Gi0/1,31.59,44.88,42.76,10.07,0.25,1.64,7,0,UP
2026-10-02 09:26:22.167756,SW1,Gi0/10,45.95,51.06,53.22,14.21,0.14,1.59,3,0,UP
2026-10-02 09:26:22.167756,SW1,Gi0/11,44.31,50.7,32.38,10.39,0.19,1.96,6,0,UP
2026-10-02 09:26:22.167756,SW2,Gi0/2,33.07,52.53,56.91,16.54,0.16,2.25,4,0,UP
2026-10-02 09:26:22.167756,SW2,Gi0/10,40.98,49.51,48.49,6.94,0.27,2.06,2,0,UP
2026-10-02 09:26:22.167756,SW2,Gi0/11,50.23,46.63,41.78,15.98,0.12,1.72,2,0,UP
2026-10-02 09:27:22.167756,R1,Gi0/1,44.2,51.04,34.66,10.94,0.14,1.96,3,0,UP
2026-10-02 09:27:22.167756,R1,Gi0/2,42.09,41.12,53.51,12.51,0.34,2.22,5,0,UP
2026-10-02 09:27:22.167756,SW1,Gi0/1,42.33,56.73,49.18,11.8,0.43,2.44,4,0,UP
2026-10-02 09:27:22.167756,SW1,Gi0/10,33.62,43.56,47.34,12.29,0.14,2.07,6,0,UP
2026-10-02 09:27:22.167756,SW1,Gi0/11,43.48,44.29,44.11,10.39,0.16,1.79,2,0,UP
2026-10-02 09:27:22.167756,SW2,Gi0/2,33.72,49.36,40.52,6.14,0.41,2.54,2,0,UP
2026-10-02 09:27:22.167756,SW2,Gi0/10,40.09,44.14,58.57,15.79,0.22,2.51,3,0,UP
2026-10-02 09:27:22.167756,SW2,Gi0/11,33.32,47.94,46.06,11.09,0.18,1.95,2,0,UP
2026-10-02 09:28:22.167756,R1,Gi0/1,40.26,44.7,39.26,9.43,0.3,0.95,5,0,UP
2026-10-02 09:28:22.167756,R1,Gi0/2,46.93,48.49,24.17,11.28,0.19,1.49,1,0,UP
2026-10-02 09:28:22.167756,SW1,Gi0/1,47.65,53.32,37.6,8.8,0.17,1.89,3,0,UP
2026-10-02 09:28:22.167756,SW1,Gi0/10,37.32,52.56,60.48,13.63,0.2,1.91,2,0,UP
2026-10-02 09:28:22.167756,SW1,Gi0/11,45.9,46.86,45.36,12.1,0.15,1.31,3,0,UP
2026-10-02 09:28:22.167756,SW2,Gi0/2,39.69,52.5,40.73,14.44,0.11,2.86,0,0,UP
2026-10-02 09:28:22.167756,SW2,Gi0/10,42.17,52.38,38.64,12.85,0.33,0.89,4,0,UP
2026-10-02 09:28:22.167756,SW2,Gi0/11,27.53,45.17,58.03,10.84,0.08,1.9,7,0,UP
2026-10-02 09:29:22.167756,R1,Gi0/1,30.84,44.74,56.98,15.72,0.19,1.38,7,0,UP
2026-10-02 09:29:22.167756,R1,Gi0/2,47.97,53.39,38.5,11.9,0.18,2.17,5,0,UP
2026-10-02 09:29:22.167756,SW1,Gi0/1,44.4,44.61,56.01,12.63,0.27,2.73,0,0,UP
2026-10-02 09:29:22.167756,SW1,Gi0/10,39.82,47.34,32.46,12.69,0.45,1.08,2,0,UP
2026-10-02 09:29:22.167756,SW1,Gi0/11,43.2,50.62,44.09,9.4,0.22,1.62,0,0,UP
2026-10-02 09:29:22.167756,SW2,Gi0/2,45.97,54.79,45.41,12.46,0.31,2.11,4,0,UP
2026-10-02 09:29:22.167756,SW2,Gi0/10,38.51,56.56,47.57,12.39,0.07,2.14,1,0,UP
2026-10-02 09:29:22.167756,SW2,Gi0/11,36.81,45.92,36.47,16.25,0.33,2.96,0,0,UP
2026-10-02 09:30:22.167756,R1,Gi0/1,40.36,43.53,39.43,10.16,0.32,1.8,5,0,UP
2026-10-02 09:30:22.167756,R1,Gi0/2,43.02,61.52,33.16,14.52,0.31,1.51,5,0,UP
2026-10-02 09:30:22.167756,SW1,Gi0/1,41.68,48.86,38.41,10.56,0.4,2.0,4,0,UP
2026-10-02 09:30:22.167756,SW1,Gi0/10,36.05,46.1,53.66,9.3,0.16,2.02,3,0,UP
2026-10-02 09:30:22.167756,SW1,Gi0/11,39.1,51.98,50.54,13.47,0.1,1.86,5,0,UP
2026-10-02 09:30:22.167756,SW2,Gi0/2,44.47,43.14,47.81,8.04,0.2,2.95,1,0,UP
2026-10-02 09:30:22.167756,SW2,Gi0/10,35.83,53.82,32.66,10.73,0.26,1.68,2,0,UP
2026-10-02 09:30:22.167756,SW2,Gi0/11,43.72,52.11,47.13,11.32,0.24,1.94,3,0,UP
2026-10-02 09:31:22.167756,R1,Gi0/1,37.52,49.09,37.08,11.93,0.12,1.44,3,0,UP
2026-10-02 09:31:22.167756,R1,Gi0/2,41.06,53.91,41.55,12.82,0.26,2.22,1,0,UP
2026-10-02 09:31:22.167756,SW1,Gi0/1,40.75,51.82,45.06,7.83,0.22,3.11,2,0,UP
2026-10-02 09:31:22.167756,SW1,Gi0/10,36.36,51.87,47.5,14.39,0.07,2.37,4,0,UP
2026-10-02 09:31:22.167756,SW1,Gi0/11,39.29,51.69,53.24,13.74,0.09,2.41,2,0,UP
2026-10-02 09:31:22.167756,SW2,Gi0/2,40.36,50.37,43.8,14.38,0.19,1.44,2,0,UP
2026-10-02 09:31:22.167756,SW2,Gi0/10,40.89,56.15,49.82,10.3,0.45,2.13,5,0,UP
2026-10-02 09:31:22.167756,SW2,Gi0/11,39.24,52.67,51.72,14.44,0.31,2.44,2,0,UP
2026-10-02 09:32:22.167756,R1,Gi0/1,37.14,51.66,52.47,11.55,0.31,2.73,1,0,UP
2026-10-02 09:32:22.167756,R1,Gi0/2,35.82,49.3,47.46,10.95,0.34,2.21,3,0,UP
2026-10-02 09:32:22.167756,SW1,Gi0/1,32.82,43.42,47.25,7.73,0.3,1.92,9,0,UP
2026-10-02 09:32:22.167756,SW1,Gi0/10,51.54,49.09,44.15,13.99,0.37,1.18,0,0,UP
2026-10-02 09:32:22.167756,SW1,Gi0/11,36.89,52.91,48.97,14.14,0.08,0.84,4,0,UP
2026-10-02 09:32:22.167756,SW2,Gi0/2,35.86,39.91,46.16,13.59,0.19,1.77,2,0,UP
2026-10-02 09:32:22.167756,SW2,Gi0/10,38.15,43.26,39.28,13.04,0.23,2.08,1,0,UP
2026-10-02 09:32:22.167756,SW2,Gi0/11,39.09,39.11,46.43,14.86,0.05,1.71,3,0,UP
2026-10-02 09:33:22.167756,R1,Gi0/1,46.26,47.76,39.46,8.06,0.21,3.02,3,0,UP
2026-10-02 09:33:22.167756,R1,Gi0/2,39.89,51.61,44.91,10.37,0.28,2.11,3,0,UP
2026-10-02 09:33:22.167756,SW1,Gi0/1,35.12,56.52,50.32,10.89,0.3,1.75,1,0,UP
2026-10-02 09:33:22.167756,SW1,Gi0/10,36.2,41.14,48.77,8.34,0.08,0.96,2,0,UP
2026-10-02 09:33:22.167756,SW1,Gi0/11,39.25,48.37,36.66,9.66,0.25,1.72,3,0,UP
2026-10-02 09:33:22.167756,SW2,Gi0/2,35.57,50.91,55.43,13.17,0.16,2.13,2,0,UP
2026-10-02 09:33:22.167756,SW2,Gi0/10,40.04,48.37,43.69,12.42,0.1,1.49,0,0,UP
2026-10-02 09:33:22.167756,SW2,Gi0/11,32.0,43.91,46.28,10.21,0.25,2.02,0,0,UP
2026-10-02 09:34:22.167756,R1,Gi0/1,43.27,54.05,37.05,12.84,0.11,2.05,0,0,UP
2026-10-02 09:34:22.167756,R1,Gi0/2,31.03,48.09,44.01,11.2,0.08,1.8,3,0,UP
2026-10-02 09:34:22.167756,SW1,Gi0/1,39.78,50.91,39.64,14.34,0.08,2.24,5,0,UP
2026-10-02 09:34:22.167756,SW1,Gi0/10,42.4,48.99,40.77,14.07,0.06,1.51,2,0,UP
2026-10-02 09:34:22.167756,SW1,Gi0/11,46.19,51.9,37.26,11.38,0.14,1.65,4,0,UP
2026-10-02 09:34:22.167756,SW2,Gi0/2,33.14,58.04,51.63,14.18,0.15,1.93,0,0,UP
2026-10-02 09:34:22.167756,SW2,Gi0/10,37.38,52.47,55.37,9.79,0.16,1.92,0,0,UP
2026-10-02 09:34:22.167756,SW2,Gi0/11,42.96,46.38,43.44,11.1,0.12,2.0,2,0,UP
2026-10-02 09:35:22.167756,R1,Gi0/1,38.14,46.36,47.56,15.31,0.21,2.5,0,0,UP
2026-10-02 09:35:22.167756,R1,Gi0/2,40.79,44.51,33.18,10.52,0.32,2.48,3,0,UP
2026-10-02 09:35:22.167756,SW1,Gi0/1,32.34,49.02,47.41,12.35,0.02,1.55,2,0,UP
2026-10-02 09:35:22.167756,SW1,Gi0/10,42.68,39.02,43.7,12.29,0.28,2.35,4,0,UP
2026-10-02 09:35:22.167756,SW1,Gi0/11,36.0,40.46,41.86,14.0,0.34,2.36,3,0,UP
2026-10-02 09:35:22.167756,SW2,Gi0/2,41.9,47.22,43.96,15.34,0.11,2.81,2,0,UP
2026-10-02 09:35:22.167756,SW2,Gi0/10,46.63,42.97,49.69,10.53,0.06,2.11,5,0,UP
2026-10-02 09:35:22.167756,SW2,Gi0/11,35.78,42.5,44.27,11.83,0.25,2.47,2,0,UP
2026-10-02 09:36:22.167756,R1,Gi0/1,49.28,51.12,42.23,8.78,0.17,1.83,4,0,UP
2026-10-02 09:36:22.167756,R1,Gi0/2,42.31,44.1,46.38,13.34,0.35,2.44,4,0,UP
2026-10-02 09:36:22.167756,SW1,Gi0/1,40.3,51.94,55.0,9.33,0.17,1.61,3,0,UP
2026-10-02 09:36:22.167756,SW1,Gi0/10,46.15,47.02,25.88,11.18,0.29,2.27,3,0,UP
2026-10-02 09:36:22.167756,SW1,Gi0/11,38.6,43.6,49.12,10.33,0.42,2.29,1,0,UP
2026-10-02 09:36:22.167756,SW2,Gi0/2,36.94,49.54,43.08,14.23,0.22,1.63,6,0,UP
2026-10-02 09:36:22.167756,SW2,Gi0/10,40.25,53.84,40.13,12.73,0.23,1.06,7,0,UP
2026-10-02 09:36:22.167756,SW2,Gi0/11,46.45,48.01,36.18,12.7,0.21,2.18,3,0,UP
2026-10-02 09:37:22.167756,R1,Gi0/1,42.53,57.24,49.54,9.9,0.34,2.82,9,0,UP
2026-10-02 09:37:22.167756,R1,Gi0/2,34.38,51.21,28.34,13.11,0.15,2.96,1,0,UP
2026-10-02 09:37:22.167756,SW1,Gi0/1,31.55,47.64,29.2,13.5,0.0,2.01,0,0,UP
2026-10-02 09:37:22.167756,SW1,Gi0/10,38.4,58.22,47.89,10.27,0.2,2.01,3,0,UP
2026-10-02 09:37:22.167756,SW1,Gi0/11,33.17,52.96,23.36,10.74,0.15,2.32,3,0,UP
2026-10-02 09:37:22.167756,SW2,Gi0/2,32.97,45.08,46.59,11.84,0.14,1.76,4,0,UP
2026-10-02 09:37:22.167756,SW2,Gi0/10,37.41,49.56,62.36,9.15,0.01,2.39,1,0,UP
2026-10-02 09:37:22.167756,SW2,Gi0/11,38.41,46.09,42.92,15.2,0.28,2.43,0,0,UP
2026-10-02 09:38:22.167756,R1,Gi0/1,34.24,35.8,38.52,13.91,0.25,1.89,2,0,UP
2026-10-02 09:38:22.167756,R1,Gi0/2,36.56,51.02,51.13,8.77,0.23,2.47,2,0,UP
2026-10-02 09:38:22.167756,SW1,Gi0/1,43.5,64.07,44.17,12.79,0.13,2.09,3,0,UP
2026-10-02 09:38:22.167756,SW1,Gi0/10,40.97,44.9,46.65,14.92,0.24,2.48,2,0,UP
2026-10-02 09:38:22.167756,SW1,Gi0/11,43.75,51.4,37.39,12.64,0.1,1.68,3,0,UP
2026-10-02 09:38:22.167756,SW2,Gi0/2,41.49,44.05,53.43,13.14,0.13,1.23,2,0,UP
2026-10-02 09:38:22.167756,SW2,Gi0/10,37.77,50.57,42.1,7.99,0.16,1.85,4,0,UP
2026-10-02 09:38:22.167756,SW2,Gi0/11,36.51,58.39,29.71,14.62,0.18,2.43,3,0,UP
2026-10-02 09:39:22.167756,R1,Gi0/1,45.7,48.06,36.21,14.84,0.19,2.11,5,0,UP
2026-10-02 09:39:22.167756,R1,Gi0/2,34.84,52.98,40.28,11.74,0.21,1.25,1,0,UP
2026-10-02 09:39:22.167756,SW1,Gi0/1,46.76,54.43,44.5,12.49,0.17,2.68,2,0,UP
2026-10-02 09:39:22.167756,SW1,Gi0/10,41.16,55.73,38.78,15.12,0.05,2.81,2,0,UP
2026-10-02 09:39:22.167756,SW1,Gi0/11,38.79,40.55,41.36,9.92,0.14,1.93,4,0,UP
2026-10-02 09:39:22.167756,SW2,Gi0/2,41.04,51.54,36.24,10.24,0.38,1.63,6,0,UP
2026-10-02 09:39:22.167756,SW2,Gi0/10,38.78,50.01,53.56,14.54,0.19,1.81,2,0,UP
2026-10-02 09:39:22.167756,SW2,Gi0/11,41.69,54.46,45.03,13.24,0.36,2.19,3,0,UP
2026-10-02 09:40:22.167756,R1,Gi0/1,32.41,36.85,48.11,11.81,0.15,2.12,2,0,UP
2026-10-02 09:40:22.167756,R1,Gi0/2,45.64,50.43,39.02,13.98,0.18,2.26,2,0,UP
2026-10-02 09:40:22.167756,SW1,Gi0/1,36.75,50.42,45.1,12.96,0.17,1.08,2,0,UP
2026-10-02 09:40:22.167756,SW1,Gi0/10,43.97,48.51,43.03,13.97,0.13,1.23,2,0,UP
2026-10-02 09:40:22.167756,SW1,Gi0/11,37.58,45.17,43.6,12.98,0.2,2.15,6,0,UP
2026-10-02 09:40:22.167756,SW2,Gi0/2,38.29,51.39,40.93,10.31,0.14,1.76,3,0,UP
2026-10-02 09:40:22.167756,SW2,Gi0/10,51.75,46.42,41.67,11.87,0.24,2.13,5,0,UP
2026-10-02 09:40:22.167756,SW2,Gi0/11,27.87,38.07,41.03,14.19,0.04,0.5,4,0,UP
2026-10-02 09:41:22.167756,R1,Gi0/1,41.22,44.55,37.12,10.06,0.21,1.69,3,0,UP
2026-10-02 09:41:22.167756,R1,Gi0/2,25.73,45.72,35.99,11.49,0.15,2.4,0,0,UP
2026-10-02 09:41:22.167756,SW1,Gi0/1,40.23,52.79,59.85,11.04,0.23,1.1,0,0,UP
2026-10-02 09:41:22.167756,SW1,Gi0/10,44.22,49.97,54.43,9.25,0.25,2.93,3,0,UP
2026-10-02 09:41:22.167756,SW1,Gi0/11,41.38,50.04,32.43,14.71,0.14,2.25,0,0,UP
2026-10-02 09:41:22.167756,SW2,Gi0/2,34.1,57.18,42.22,14.91,0.19,1.08,4,0,UP
2026-10-02 09:41:22.167756,SW2,Gi0/10,37.05,53.49,45.2,8.91,0.22,3.1,3,0,UP
2026-10-02 09:41:22.167756,SW2,Gi0/11,39.71,55.38,46.69,12.42,0.09,2.12,5,0,UP
2026-10-02 09:42:22.167756,R1,Gi0/1,35.82,57.12,44.27,10.22,0.3,1.86,4,0,UP
2026-10-02 09:42:22.167756,R1,Gi0/2,38.54,49.7,48.95,12.58,0.0,1.44,4,0,UP
2026-10-02 09:42:22.167756,SW1,Gi0/1,39.34,47.38,34.13,9.84,0.0,1.95,1,0,UP
2026-10-02 09:42:22.167756,SW1,Gi0/10,35.17,49.66,47.91,16.19,0.05,2.58,4,0,UP
2026-10-02 09:42:22.167756,SW1,Gi0/11,36.1,51.02,41.34,12.37,0.35,2.3,4,0,UP
2026-10-02 09:42:22.167756,SW2,Gi0/2,37.85,42.58,43.33,14.41,0.05,1.47,3,0,UP
2026-10-02 09:42:22.167756,SW2,Gi0/10,35.08,46.04,41.61,9.27,0.1,2.35,0,0,UP
2026-10-02 09:42:22.167756,SW2,Gi0/11,32.01,46.85,50.86,11.61,0.15,2.02,0,0,UP
2026-10-02 09:43:22.167756,R1,Gi0/1,42.47,51.92,41.73,14.01,0.09,2.56,3,0,UP
2026-10-02 09:43:22.167756,R1,Gi0/2,38.32,49.9,44.14,14.44,0.09,1.62,5,0,UP
2026-10-02 09:43:22.167756,SW1,Gi0/1,37.02,54.5,58.6,11.2,0.27,1.42,4,0,UP
2026-10-02 09:43:22.167756,SW1,Gi0/10,41.0,52.37,39.84,8.68,0.25,0.97,2,0,UP
2026-10-02 09:43:22.167756,SW1,Gi0/11,44.71,50.96,60.59,14.05,0.13,2.01,2,0,UP
2026-10-02 09:43:22.167756,SW2,Gi0/2,32.09,45.3,40.51,7.93,0.2,1.88,0,0,UP
2026-10-02 09:43:22.167756,SW2,Gi0/10,42.02,53.58,46.82,11.35,0.26,2.34,3,0,UP
2026-10-02 09:43:22.167756,SW2,Gi0/11,35.88,51.38,54.56,10.81,0.41,1.74,3,0,UP
2026-10-02 09:44:22.167756,R1,Gi0/1,36.64,51.12,31.06,10.91,0.09,2.07,4,0,UP
2026-10-02 09:44:22.167756,R1,Gi0/2,43.23,38.14,61.34,12.59,0.12,2.08,3,0,UP
2026-10-02 09:44:22.167756,SW1,Gi0/1,36.67,50.99,40.14,11.19,0.13,1.28,3,0,UP
2026-10-02 09:44:22.167756,SW1,Gi0/10,42.93,52.57,51.56,12.65,0.15,2.42,0,0,UP
2026-10-02 09:44:22.167756,SW1,Gi0/11,35.5,45.18,53.64,13.89,0.25,2.54,1,0,UP
2026-10-02 09:44:22.167756,SW2,Gi0/2,41.74,49.37,51.78,11.77,0.16,2.27,4,0,UP
2026-10-02 09:44:22.167756,SW2,Gi0/10,36.66,49.69,36.53,7.0,0.22,2.3,3,0,UP
2026-10-02 09:44:22.167756,SW2,Gi0/11,30.25,48.25,27.25,14.74,0.09,2.63,4,0,UP
2026-10-02 09:45:22.167756,R1,Gi0/1,35.5,44.34,47.8,10.31,0.21,1.76,0,0,UP
2026-10-02 09:45:22.167756,R1,Gi0/2,28.85,51.13,40.51,10.89,0.27,2.59,2,0,UP
2026-10-02 09:45:22.167756,SW1,Gi0/1,38.3,52.5,34.14,12.45,0.26,2.34,0,0,UP
2026-10-02 09:45:22.167756,SW1,Gi0/10,36.19,45.61,45.8,12.96,0.35,1.75,2,0,UP
2026-10-02 09:45:22.167756,SW1,Gi0/11,45.75,51.48,55.14,12.58,0.08,1.33,0,0,UP
2026-10-02 09:45:22.167756,SW2,Gi0/2,43.31,55.94,59.79,13.69,0.32,1.71,0,0,UP
2026-10-02 09:45:22.167756,SW2,Gi0/10,44.25,52.09,45.86,12.77,0.23,2.64,5,0,UP
2026-10-02 09:45:22.167756,SW2,Gi0/11,42.72,54.23,49.11,11.08,0.28,1.3,5,0,UP
2026-10-02 09:46:22.167756,R1,Gi0/1,34.03,51.43,38.24,13.11,0.2,1.2,3,0,UP
2026-10-02 09:46:22.167756,R1,Gi0/2,37.11,54.41,45.01,12.79,0.1,1.71,2,0,UP
2026-10-02 09:46:22.167756,SW1,Gi0/1,44.28,58.39,38.56,14.15,0.0,1.4,1,0,UP
2026-10-02 09:46:22.167756,SW1,Gi0/10,33.24,42.08,48.3,11.57,0.24,2.35,3,0,UP
2026-10-02 09:46:22.167756,SW1,Gi0/11,43.29,49.65,35.5,14.12,0.14,1.53,2,0,UP
2026-10-02 09:46:22.167756,SW2,Gi0/2,35.44,47.91,47.75,12.7,0.11,1.76,5,0,UP
2026-10-02 09:46:22.167756,SW2,Gi0/10,42.48,60.38,54.44,14.29,0.06,2.38,2,0,UP
2026-10-02 09:46:22.167756,SW2,Gi0/11,37.25,50.84,52.56,13.0,0.11,2.37,1,0,UP
2026-10-02 09:47:22.167756,R1,Gi0/1,41.08,48.48,43.25,13.53,0.1,2.97,0,0,UP
2026-10-02 09:47:22.167756,R1,Gi0/2,37.01,51.85,49.67,11.8,0.19,2.21,2,0,UP
2026-10-02 09:47:22.167756,SW1,Gi0/1,46.97,54.2,51.98,10.07,0.19,1.85,0,0,UP
2026-10-02 09:47:22.167756,SW1,Gi0/10,41.8,47.31,50.24,9.86,0.37,1.55,3,0,UP
2026-10-02 09:47:22.167756,SW1,Gi0/11,43.96,47.15,51.82,9.54,0.35,2.01,1,0,UP
2026-10-02 09:47:22.167756,SW2,Gi0/2,38.5,54.04,40.32,10.5,0.18,1.41,6,0,UP
2026-10-02 09:47:22.167756,SW2,Gi0/10,37.17,54.16,46.68,10.03,0.2,2.39,2,0,UP
2026-10-02 09:47:22.167756,SW2,Gi0/11,45.97,55.11,52.35,11.08,0.09,1.69,3,0,UP
2026-10-02 09:48:22.167756,R1,Gi0/1,42.73,39.14,44.94,12.32,0.17,2.65,3,0,UP
2026-10-02 09:48:22.167756,R1,Gi0/2,46.55,48.92,52.5,15.27,0.33,1.45,2,0,UP
2026-10-02 09:48:22.167756,SW1,Gi0/1,38.27,52.45,50.49,10.32,0.21,0.99,5,0,UP
2026-10-02 09:48:22.167756,SW1,Gi0/10,37.44,50.28,42.52,14.29,0.0,1.99,2,0,UP
2026-10-02 09:48:22.167756,SW1,Gi0/11,37.73,58.63,37.9,13.54,0.24,2.63,1,0,UP
2026-10-02 09:48:22.167756,SW2,Gi0/2,36.34,55.48,48.4,8.91,0.15,2.19,4,0,UP
2026-10-02 09:48:22.167756,SW2,Gi0/10,36.6,35.43,49.19,9.56,0.0,0.58,4,0,UP
2026-10-02 09:48:22.167756,SW2,Gi0/11,40.64,48.87,56.11,13.27,0.36,1.3,2,0,UP
2026-10-02 09:49:22.167756,R1,Gi0/1,31.92,48.85,43.01,13.25,0.2,2.31,4,0,UP
2026-10-02 09:49:22.167756,R1,Gi0/2,50.77,48.42,37.47,12.49,0.12,2.74,2,0,UP
2026-10-02 09:49:22.167756,SW1,Gi0/1,37.17,47.64,50.75,11.68,0.14,2.83,1,0,UP
2026-10-02 09:49:22.167756,SW1,Gi0/10,40.18,53.26,31.95,12.96,0.09,2.41,1,0,UP
2026-10-02 09:49:22.167756,SW1,Gi0/11,43.46,55.53,51.89,12.5,0.18,1.71,5,0,UP
2026-10-02 09:49:22.167756,SW2,Gi0/2,36.5,44.81,50.32,10.41,0.1,1.28,2,0,UP
2026-10-02 09:49:22.167756,SW2,Gi0/10,39.59,51.22,52.61,13.05,0.18,1.9,4,0,UP
2026-10-02 09:49:22.167756,SW2,Gi0/11,46.36,50.63,41.25,10.01,0.06,2.33,4,0,UP
2026-10-02 09:50:22.167756,R1,Gi0/1,42.89,49.36,56.26,11.03,0.3,1.98,1,0,UP
2026-10-02 09:50:22.167756,R1,Gi0/2,42.96,52.05,47.86,12.16,0.2,3.19,5,0,UP
2026-10-02 09:50:22.167756,SW1,Gi0/1,43.61,50.56,53.06,13.04,0.2,1.85,2,0,UP
2026-10-02 09:50:22.167756,SW1,Gi0/10,24.15,51.05,41.09,15.19,0.2,1.41,2,0,UP
2026-10-02 09:50:22.167756,SW1,Gi0/11,34.77,52.37,47.33,13.92,0.12,2.02,0,0,UP
2026-10-02 09:50:22.167756,SW2,Gi0/2,43.51,52.59,48.97,12.0,0.24,2.8,2,0,UP
2026-10-02 09:50:22.167756,SW2,Gi0/10,40.69,44.57,38.05,12.2,0.31,1.87,2,0,UP
2026-10-02 09:50:22.167756,SW2,Gi0/11,37.97,47.33,47.36,9.01,0.33,1.67,4,0,UP
2026-10-02 09:51:22.167756,R1,Gi0/1,33.65,53.34,50.38,12.77,0.1,2.12,0,0,UP
2026-10-02 09:51:22.167756,R1,Gi0/2,38.74,55.15,51.37,12.03,0.1,2.32,3,0,UP
2026-10-02 09:51:22.167756,SW1,Gi0/1,28.4,53.91,44.81,14.4,0.09,0.41,3,0,UP
2026-10-02 09:51:22.167756,SW1,Gi0/10,41.46,41.55,37.17,17.51,0.17,2.37,1,0,UP
2026-10-02 09:51:22.167756,SW1,Gi0/11,29.55,49.15,42.88,11.2,0.19,2.13,2,0,UP
2026-10-02 09:51:22.167756,SW2,Gi0/2,33.68,52.43,29.41,7.9,0.27,2.25,2,0,UP
2026-10-02 09:51:22.167756,SW2,Gi0/10,33.02,46.46,42.9,8.81,0.13,2.33,5,0,UP
2026-10-02 09:51:22.167756,SW2,Gi0/11,37.9,53.78,29.69,13.32,0.12,2.15,2,0,UP
2026-10-02 09:52:22.167756,R1,Gi0/1,46.6,45.63,50.02,11.44,0.18,1.91,1,0,UP
2026-10-02 09:52:22.167756,R1,Gi0/2,39.93,49.69,46.93,12.17,0.28,2.46,0,0,UP
2026-10-02 09:52:22.167756,SW1,Gi0/1,44.34,44.07,49.7,13.24,0.01,2.05,2,0,UP
2026-10-02 09:52:22.167756,SW1,Gi0/10,36.21,56.75,39.77,10.39,0.21,2.34,2,0,UP
2026-10-02 09:52:22.167756,SW1,Gi0/11,45.83,52.65,27.57,10.94,0.14,2.24,0,0,UP
2026-10-02 09:52:22.167756,SW2,Gi0/2,52.75,52.66,46.19,14.36,0.43,2.44,4,0,UP
2026-10-02 09:52:22.167756,SW2,Gi0/10,40.65,49.29,41.19,10.35,0.13,1.32,2,0,UP
2026-10-02 09:52:22.167756,SW2,Gi0/11,31.58,50.95,44.71,12.29,0.15,3.54,5,0,UP
2026-10-02 09:53:22.167756,R1,Gi0/1,33.78,51.16,40.14,9.97,0.07,2.22,1,0,UP
2026-10-02 09:53:22.167756,R1,Gi0/2,44.84,54.97,55.99,10.3,0.25,2.32,2,0,UP
2026-10-02 09:53:22.167756,SW1,Gi0/1,36.14,58.05,46.82,13.27,0.12,1.39,1,0,UP
2026-10-02 09:53:22.167756,SW1,Gi0/10,39.38,44.68,44.92,8.62,0.09,2.34,4,0,UP
2026-10-02 09:53:22.167756,SW1,Gi0/11,38.04,44.91,36.78,11.25,0.26,2.46,2,0,UP
2026-10-02 09:53:22.167756,SW2,Gi0/2,34.23,51.34,38.41,10.96,0.33,2.41,3,0,UP
2026-10-02 09:53:22.167756,SW2,Gi0/10,33.64,51.06,53.5,11.25,0.34,2.65,6,0,UP
2026-10-02 09:53:22.167756,SW2,Gi0/11,41.53,52.94,56.31,12.89,0.15,1.78,3,0,UP
2026-10-02 09:54:22.167756,R1,Gi0/1,33.55,49.28,53.77,7.62,0.35,2.56,2,0,UP
2026-10-02 09:54:22.167756,R1,Gi0/2,42.72,50.02,54.84,13.97,0.06,2.29,2,0,UP
2026-10-02 09:54:22.167756,SW1,Gi0/1,40.41,46.36,58.99,14.08,0.13,1.33,2,0,UP
2026-10-02 09:54:22.167756,SW1,Gi0/10,42.17,51.2,55.03,13.58,0.3,2.16,0,0,UP
2026-10-02 09:54:22.167756,SW1,Gi0/11,39.02,55.3,44.59,13.01,0.17,1.49,2,0,UP
2026-10-02 09:54:22.167756,SW2,Gi0/2,41.55,46.72,43.11,10.12,0.31,1.85,5,0,UP
2026-10-02 09:54:22.167756,SW2,Gi0/10,47.64,49.59,36.93,7.83,0.05,1.31,5,0,UP
2026-10-02 09:54:22.167756,SW2,Gi0/11,40.58,51.95,27.24,9.6,0.29,2.14,2,0,UP
2026-10-02 09:55:22.167756,R1,Gi0/1,42.82,58.18,43.23,12.14,0.22,3.2,0,0,UP
2026-10-02 09:55:22.167756,R1,Gi0/2,43.42,49.43,49.53,10.69,0.2,2.36,9,0,UP
2026-10-02 09:55:22.167756,SW1,Gi0/1,44.04,45.76,41.61,11.09,0.02,1.83,4,0,UP
2026-10-02 09:55:22.167756,SW1,Gi0/10,33.63,55.24,48.9,10.53,0.19,2.8,4,0,UP
2026-10-02 09:55:22.167756,SW1,Gi0/11,40.04,48.81,45.61,10.98,0.0,3.02,3,0,UP
2026-10-02 09:55:22.167756,SW2,Gi0/2,41.99,49.71,39.12,11.63,0.04,3.14,0,0,UP
2026-10-02 09:55:22.167756,SW2,Gi0/10,34.84,47.8,55.3,12.03,0.08,2.63,4,0,UP
2026-10-02 09:55:22.167756,SW2,Gi0/11,42.69,53.58,64.15,16.37,0.13,2.81,3,0,UP
2026-10-02 09:56:22.167756,R1,Gi0/1,42.5,41.54,43.64,10.37,0.28,2.54,0,0,UP
2026-10-02 09:56:22.167756,R1,Gi0/2,39.89,55.61,43.51,13.46,0.24,2.17,2,0,UP
2026-10-02 09:56:22.167756,SW1,Gi0/1,33.92,44.39,50.67,12.04,0.19,1.79,2,0,UP
2026-10-02 09:56:22.167756,SW1,Gi0/10,45.23,48.32,34.27,13.49,0.18,2.02,6,0,UP
2026-10-02 09:56:22.167756,SW1,Gi0/11,39.9,51.45,35.57,11.56,0.26,1.22,3,0,UP
2026-10-02 09:56:22.167756,SW2,Gi0/2,40.5,50.21,53.3,12.67,0.35,1.5,3,0,UP
2026-10-02 09:56:22.167756,SW2,Gi0/10,40.42,44.65,52.65,16.65,0.2,2.25,3,0,UP
2026-10-02 09:56:22.167756,SW2,Gi0/11,36.43,40.9,39.35,9.22,0.37,1.94,2,0,UP
2026-10-02 09:57:22.167756,R1,Gi0/1,44.45,44.39,38.87,12.14,0.3,2.25,3,0,UP
2026-10-02 09:57:22.167756,R1,Gi0/2,40.39,52.0,46.61,9.94,0.2,1.46,3,0,UP
2026-10-02 09:57:22.167756,SW1,Gi0/1,37.6,62.7,44.68,9.19,0.19,2.26,6,0,UP
2026-10-02 09:57:22.167756,SW1,Gi0/10,37.05,42.09,51.53,9.24,0.16,1.87,2,0,UP
2026-10-02 09:57:22.167756,SW1,Gi0/11,43.45,46.58,42.81,11.97,0.21,2.05,3,0,UP
2026-10-02 09:57:22.167756,SW2,Gi0/2,44.22,51.96,48.63,8.84,0.21,2.24,4,0,UP
2026-10-02 09:57:22.167756,SW2,Gi0/10,36.54,46.7,40.41,13.07,0.3,1.8,4,0,UP
2026-10-02 09:57:22.167756,SW2,Gi0/11,40.62,49.38,43.31,13.49,0.23,3.14,1,0,UP
2026-10-02 09:58:22.167756,R1,Gi0/1,42.59,47.35,38.05,11.98,0.21,3.46,2,0,UP
2026-10-02 09:58:22.167756,R1,Gi0/2,34.35,51.37,28.4,11.82,0.2,2.4,4,0,UP
2026-10-02 09:58:22.167756,SW1,Gi0/1,37.48,49.25,38.87,9.74,0.23,1.36,2,0,UP
2026-10-02 09:58:22.167756,SW1,Gi0/10,35.02,52.75,59.41,9.4,0.01,1.94,3,0,UP
2026-10-02 09:58:22.167756,SW1,Gi0/11,41.09,47.77,43.39,12.74,0.3,1.02,2,0,UP
2026-10-02 09:58:22.167756,SW2,Gi0/2,41.07,45.41,58.85,10.73,0.2,2.28,1,0,UP
2026-10-02 09:58:22.167756,SW2,Gi0/10,30.77,47.86,53.24,11.33,0.12,2.46,2,0,UP
2026-10-02 09:58:22.167756,SW2,Gi0/11,37.45,50.75,51.17,16.76,0.28,2.58,1,0,UP
2026-10-02 09:59:22.167756,R1,Gi0/1,34.87,50.31,45.86,9.84,0.18,2.2,3,0,UP
2026-10-02 09:59:22.167756,R1,Gi0/2,42.52,51.45,40.94,10.97,0.08,2.89,3,0,UP
2026-10-02 09:59:22.167756,SW1,Gi0/1,38.88,45.36,68.49,9.85,0.16,2.21,4,0,UP
2026-10-02 09:59:22.167756,SW1,Gi0/10,44.79,59.04,49.05,9.89,0.17,2.15,7,0,UP
2026-10-02 09:59:22.167756,SW1,Gi0/11,33.01,56.01,46.44,13.68,0.19,1.58,4,0,UP
2026-10-02 09:59:22.167756,SW2,Gi0/2,43.27,54.86,44.89,10.8,0.04,2.41,3,0,UP
2026-10-02 09:59:22.167756,SW2,Gi0/10,35.17,47.31,41.27,9.03,0.12,1.43,2,0,UP
2026-10-02 09:59:22.167756,SW2,Gi0/11,36.31,41.86,61.18,14.51,0.12,2.14,3,0,UP
2026-10-02 10:00:22.167756,R1,Gi0/1,45.96,45.91,53.74,10.9,0.07,2.36,5,0,UP
2026-10-02 10:00:22.167756,R1,Gi0/2,52.94,44.0,50.59,11.18,0.28,1.26,0,0,UP
2026-10-02 10:00:22.167756,SW1,Gi0/1,36.12,50.39,39.87,13.32,0.3,2.3,6,0,UP
2026-10-02 10:00:22.167756,SW1,Gi0/10,42.08,43.92,55.91,10.79,0.29,2.79,3,0,UP
2026-10-02 10:00:22.167756,SW1,Gi0/11,32.52,45.41,55.58,11.66,0.21,2.38,4,0,UP
2026-10-02 10:00:22.167756,SW2,Gi0/2,41.39,48.96,42.5,13.72,0.26,1.87,5,0,UP
2026-10-02 10:00:22.167756,SW2,Gi0/10,39.35,45.74,38.93,10.04,0.17,2.62,1,0,UP
2026-10-02 10:00:22.167756,SW2,Gi0/11,40.94,46.72,42.92,8.98,0.18,1.9,4,0,UP
2026-10-02 10:01:22.167756,R1,Gi0/1,41.12,44.01,53.67,12.42,0.22,2.0,1,0,UP
2026-10-02 10:01:22.167756,R1,Gi0/2,41.09,52.38,31.02,10.92,0.17,2.13,5,0,UP
2026-10-02 10:01:22.167756,SW1,Gi0/1,36.14,47.51,40.9,10.4,0.17,2.39,0,0,UP
2026-10-02 10:01:22.167756,SW1,Gi0/10,42.14,41.49,40.51,11.34,0.37,1.86,0,0,UP
2026-10-02 10:01:22.167756,SW1,Gi0/11,30.01,50.17,49.91,12.75,0.22,2.58,1,0,UP
2026-10-02 10:01:22.167756,SW2,Gi0/2,44.47,41.84,37.76,8.39,0.17,1.98,3,0,UP
2026-10-02 10:01:22.167756,SW2,Gi0/10,40.31,45.36,43.48,9.01,0.34,1.85,2,0,UP
2026-10-02 10:01:22.167756,SW2,Gi0/11,47.94,43.79,36.0,9.81,0.19,2.22,4,0,UP
2026-10-02 10:02:22.167756,R1,Gi0/1,52.86,38.75,49.87,10.89,0.14,1.69,1,0,UP
2026-10-02 10:02:22.167756,R1,Gi0/2,48.42,54.21,45.19,14.7,0.05,1.33,0,0,UP
2026-10-02 10:02:22.167756,SW1,Gi0/1,36.5,50.81,45.82,12.3,0.06,2.4,3,0,UP
2026-10-02 10:02:22.167756,SW1,Gi0/10,43.67,40.54,47.49,9.62,0.16,2.27,3,0,UP
2026-10-02 10:02:22.167756,SW1,Gi0/11,35.74,50.03,32.75,14.3,0.18,2.56,1,0,UP
2026-10-02 10:02:22.167756,SW2,Gi0/2,37.38,46.18,52.01,10.58,0.26,1.81,0,0,UP
2026-10-02 10:02:22.167756,SW2,Gi0/10,37.15,44.1,45.27,9.62,0.29,1.95,2,0,UP
2026-10-02 10:02:22.167756,SW2,Gi0/11,43.28,54.82,44.84,10.46,0.02,1.66,1,0,UP
2026-10-02 10:03:22.167756,R1,Gi0/1,40.54,48.27,50.5,10.77,0.19,2.59,3,0,UP
2026-10-02 10:03:22.167756,R1,Gi0/2,39.7,46.99,39.93,10.3,0.15,2.38,2,0,UP
2026-10-02 10:03:22.167756,SW1,Gi0/1,33.25,58.84,47.56,9.19,0.16,2.06,6,0,UP
2026-10-02 10:03:22.167756,SW1,Gi0/10,34.46,54.88,56.2,10.74,0.17,1.48,2,0,UP
2026-10-02 10:03:22.167756,SW1,Gi0/11,39.82,53.3,53.72,10.5,0.0,1.99,3,0,UP
2026-10-02 10:03:22.167756,SW2,Gi0/2,41.25,48.37,46.0,15.03,0.24,1.81,1,0,UP
2026-10-02 10:03:22.167756,SW2,Gi0/10,39.15,58.18,43.53,11.96,0.15,2.55,6,0,UP
2026-10-02 10:03:22.167756,SW2,Gi0/11,42.25,50.41,45.29,7.23,0.27,2.07,3,0,UP
2026-10-02 10:04:22.167756,R1,Gi0/1,36.44,48.08,41.71,14.04,0.16,3.04,3,0,UP
2026-10-02 10:04:22.167756,R1,Gi0/2,33.62,49.36,39.79,7.61,0.36,2.35,4,0,UP
2026-10-02 10:04:22.167756,SW1,Gi0/1,40.83,43.09,41.13,13.68,0.09,0.73,2,0,UP
2026-10-02 10:04:22.167756,SW1,Gi0/10,39.29,50.68,50.83,13.28,0.23,2.6,0,0,UP
2026-10-02 10:04:22.167756,SW1,Gi0/11,42.52,53.13,35.08,8.99,0.13,1.67,4,0,UP
2026-10-02 10:04:22.167756,SW2,Gi0/2,36.93,45.72,40.11,14.24,0.2,1.91,2,0,UP
2026-10-02 10:04:22.167756,SW2,Gi0/10,46.46,46.25,55.52,12.42,0.18,3.25,0,0,UP
2026-10-02 10:04:22.167756,SW2,Gi0/11,38.23,43.84,52.62,15.38,0.37,2.61,2,0,UP
2026-10-02 10:05:22.167756,R1,Gi0/1,38.17,41.64,61.29,12.94,0.15,2.66,1,0,UP
2026-10-02 10:05:22.167756,R1,Gi0/2,42.03,49.14,50.11,11.87,0.05,2.04,5,0,UP
2026-10-02 10:05:22.167756,SW1,Gi0/1,39.85,53.88,36.64,11.95,0.14,2.37,3,0,UP
2026-10-02 10:05:22.167756,SW1,Gi0/10,43.45,55.44,50.53,12.55,0.1,2.0,1,0,UP
2026-10-02 10:05:22.167756,SW1,Gi0/11,38.28,48.13,37.16,8.09,0.13,2.1,0,0,UP
2026-10-02 10:05:22.167756,SW2,Gi0/2,40.08,59.5,53.18,15.29,0.24,2.58,1,0,UP
2026-10-02 10:05:22.167756,SW2,Gi0/10,36.78,36.3,54.49,15.08,0.14,1.87,1,0,UP
2026-10-02 10:05:22.167756,SW2,Gi0/11,41.91,55.62,31.06,12.82,0.17,2.06,3,0,UP
2026-10-02 10:06:22.167756,R1,Gi0/1,39.06,49.48,43.29,13.94,0.24,2.11,0,0,UP
2026-10-02 10:06:22.167756,R1,Gi0/2,38.11,54.49,45.3,13.32,0.38,2.52,3,0,UP
2026-10-02 10:06:22.167756,SW1,Gi0/1,37.45,37.23,43.65,11.35,0.24,1.92,2,0,UP
2026-10-02 10:06:22.167756,SW1,Gi0/10,31.1,45.3,48.81,15.43,0.19,2.16,4,0,UP
2026-10-02 10:06:22.167756,SW1,Gi0/11,35.95,51.83,39.08,13.73,0.22,2.15,1,0,UP
2026-10-02 10:06:22.167756,SW2,Gi0/2,43.54,60.42,36.94,11.32,0.22,2.39,1,0,UP
2026-10-02 10:06:22.167756,SW2,Gi0/10,25.83,56.8,51.08,8.51,0.14,2.78,5,0,UP
2026-10-02 10:06:22.167756,SW2,Gi0/11,44.69,49.12,45.66,11.74,0.31,1.56,1,0,UP
2026-10-02 10:07:22.167756,R1,Gi0/1,45.05,49.78,56.03,10.66,0.19,1.54,3,0,UP
2026-10-02 10:07:22.167756,R1,Gi0/2,32.61,47.56,33.51,13.39,0.27,1.13,5,0,UP
2026-10-02 10:07:22.167756,SW1,Gi0/1,52.49,50.23,39.87,17.65,0.07,2.01,3,0,UP
2026-10-02 10:07:22.167756,SW1,Gi0/10,46.73,51.8,41.01,10.1,0.17,1.5,3,0,UP
2026-10-02 10:07:22.167756,SW1,Gi0/11,37.18,42.53,55.04,11.0,0.07,1.92,3,0,UP
2026-10-02 10:07:22.167756,SW2,Gi0/2,31.27,51.66,36.62,15.42,0.25,1.8,1,0,UP
2026-10-02 10:07:22.167756,SW2,Gi0/10,39.48,53.06,44.8,11.57,0.21,1.7,2,0,UP
2026-10-02 10:07:22.167756,SW2,Gi0/11,29.57,54.87,47.39,10.45,0.39,2.04,0,0,UP
2026-10-02 10:08:22.167756,R1,Gi0/1,44.28,51.99,48.16,11.15,0.25,1.87,4,0,UP
2026-10-02 10:08:22.167756,R1,Gi0/2,30.48,47.83,58.78,10.47,0.14,1.78,0,0,UP
2026-10-02 10:08:22.167756,SW1,Gi0/1,28.96,48.85,46.09,11.89,0.19,2.02,5,0,UP
2026-10-02 10:08:22.167756,SW1,Gi0/10,39.05,47.13,42.75,13.16,0.34,1.69,3,0,UP
2026-10-02 10:08:22.167756,SW1,Gi0/11,41.69,45.04,45.16,9.07,0.02,2.18,2,0,UP
2026-10-02 10:08:22.167756,SW2,Gi0/2,41.01,49.91,37.19,11.91,0.08,2.7,0,0,UP
2026-10-02 10:08:22.167756,SW2,Gi0/10,39.02,44.79,49.56,11.34,0.15,2.43,3,0,UP
2026-10-02 10:08:22.167756,SW2,Gi0/11,42.58,45.09,33.76,12.21,0.17,2.31,2,0,UP
2026-10-02 10:09:22.167756,R1,Gi0/1,41.03,41.88,60.11,11.67,0.27,1.58,3,0,UP
2026-10-02 10:09:22.167756,R1,Gi0/2,33.49,52.26,42.15,12.06,0.27,1.38,1,0,UP
2026-10-02 10:09:22.167756,SW1,Gi0/1,42.29,60.49,43.9,13.18,0.19,2.97,0,0,UP
2026-10-02 10:09:22.167756,SW1,Gi0/10,40.47,41.87,24.95,12.59,0.21,1.86,2,0,UP
2026-10-02 10:09:22.167756,SW1,Gi0/11,55.49,48.71,49.08,10.7,0.23,1.88,2,0,UP
2026-10-02 10:09:22.167756,SW2,Gi0/2,49.09,55.89,46.09,7.39,0.16,3.35,2,0,UP
2026-10-02 10:09:22.167756,SW2,Gi0/10,45.52,57.21,46.75,10.32,0.0,2.34,1,0,UP
2026-10-02 10:09:22.167756,SW2,Gi0/11,40.88,43.75,42.88,12.07,0.23,1.44,5,0,UP
2026-10-02 10:10:22.167756,R1,Gi0/1,37.02,41.63,44.13,12.07,0.22,2.68,2,0,UP
2026-10-02 10:10:22.167756,R1,Gi0/2,39.4,44.48,51.56,12.37,0.16,1.05,5,0,UP
2026-10-02 10:10:22.167756,SW1,Gi0/1,33.86,47.04,47.87,9.61,0.05,0.94,4,0,UP
2026-10-02 10:10:22.167756,SW1,Gi0/10,37.27,64.64,37.05,10.16,0.14,2.12,2,0,UP
2026-10-02 10:10:22.167756,SW1,Gi0/11,43.06,45.11,33.95,8.4,0.0,1.74,2,0,UP
2026-10-02 10:10:22.167756,SW2,Gi0/2,36.84,56.22,54.82,11.33,0.02,1.72,1,0,UP
2026-10-02 10:10:22.167756,SW2,Gi0/10,36.71,46.51,39.77,11.23,0.14,2.1,3,0,UP
2026-10-02 10:10:22.167756,SW2,Gi0/11,35.45,56.36,37.16,8.76,0.24,1.59,3,0,UP
2026-10-02 10:11:22.167756,R1,Gi0/1,27.98,56.96,50.38,9.0,0.05,2.84,1,0,UP
2026-10-02 10:11:22.167756,R1,Gi0/2,35.83,38.67,42.19,11.54,0.27,1.3,0,0,UP
2026-10-02 10:11:22.167756,SW1,Gi0/1,42.25,55.03,32.43,14.16,0.2,2.55,2,0,UP
2026-10-02 10:11:22.167756,SW1,Gi0/10,27.39,49.24,53.48,10.21,0.16,1.91,0,0,UP
2026-10-02 10:11:22.167756,SW1,Gi0/11,48.36,45.49,49.05,11.83,0.33,2.2,2,0,UP
2026-10-02 10:11:22.167756,SW2,Gi0/2,35.53,53.99,30.01,13.29,0.09,2.63,3,0,UP
2026-10-02 10:11:22.167756,SW2,Gi0/10,43.22,50.41,30.98,10.28,0.27,2.08,5,0,UP
2026-10-02 10:11:22.167756,SW2,Gi0/11,42.02,45.17,38.63,12.21,0.0,2.84,3,0,UP
2026-10-02 10:12:22.167756,R1,Gi0/1,46.14,42.1,54.96,16.46,0.07,2.39,3,0,UP
2026-10-02 10:12:22.167756,R1,Gi0/2,32.28,52.46,51.67,10.8,0.32,1.17,0,0,UP
2026-10-02 10:12:22.167756,SW1,Gi0/1,40.68,50.13,39.27,13.62,0.25,2.43,2,0,UP
2026-10-02 10:12:22.167756,SW1,Gi0/10,43.01,47.77,61.43,10.37,0.41,2.02,0,0,UP
2026-10-02 10:12:22.167756,SW1,Gi0/11,46.84,50.63,51.81,14.45,0.23,1.7,4,0,UP
2026-10-02 10:12:22.167756,SW2,Gi0/2,40.0,53.43,27.77,12.89,0.14,2.83,4,0,UP
2026-10-02 10:12:22.167756,SW2,Gi0/10,41.2,52.43,37.01,15.25,0.4,2.2,6,0,UP
2026-10-02 10:12:22.167756,SW2,Gi0/11,37.15,46.01,45.33,12.87,0.16,2.27,3,0,UP
2026-10-02 10:13:22.167756,R1,Gi0/1,35.01,52.59,51.91,12.34,0.32,1.39,3,0,UP
2026-10-02 10:13:22.167756,R1,Gi0/2,34.15,44.43,39.95,10.12,0.15,1.89,4,0,UP
2026-10-02 10:13:22.167756,SW1,Gi0/1,38.39,42.07,54.12,10.33,0.19,2.22,3,0,UP
2026-10-02 10:13:22.167756,SW1,Gi0/10,45.47,52.4,38.11,16.36,0.22,1.93,4,0,UP
2026-10-02 10:13:22.167756,SW1,Gi0/11,41.25,52.0,64.94,11.45,0.17,2.06,5,0,UP
2026-10-02 10:13:22.167756,SW2,Gi0/2,32.47,40.17,40.3,8.73,0.16,2.25,1,0,UP
2026-10-02 10:13:22.167756,SW2,Gi0/10,32.87,50.35,51.9,8.61,0.28,2.41,4,0,UP
2026-10-02 10:13:22.167756,SW2,Gi0/11,46.09,61.01,42.15,12.22,0.16,2.0,6,0,UP
2026-10-02 10:14:22.167756,R1,Gi0/1,33.27,45.69,56.02,14.04,0.16,2.43,3,0,UP
2026-10-02 10:14:22.167756,R1,Gi0/2,47.5,50.37,53.21,17.28,0.26,2.02,4,0,UP
2026-10-02 10:14:22.167756,SW1,Gi0/1,38.17,61.94,46.44,11.45,0.12,2.55,4,0,UP
2026-10-02 10:14:22.167756,SW1,Gi0/10,37.51,52.88,32.93,12.37,0.25,2.85,1,0,UP
2026-10-02 10:14:22.167756,SW1,Gi0/11,33.61,45.52,34.31,14.67,0.35,2.16,5,0,UP
2026-10-02 10:14:22.167756,SW2,Gi0/2,40.67,49.52,42.34,11.38,0.05,2.13,2,0,UP
2026-10-02 10:14:22.167756,SW2,Gi0/10,43.73,50.47,43.7,10.26,0.21,2.37,0,0,UP
2026-10-02 10:14:22.167756,SW2,Gi0/11,40.44,51.17,39.26,10.82,0.22,1.43,3,0,UP
2026-10-02 10:15:22.167756,R1,Gi0/1,35.52,55.31,63.7,10.28,0.25,1.64,5,0,UP
2026-10-02 10:15:22.167756,R1,Gi0/2,33.67,52.4,38.02,11.59,0.1,2.41,1,0,UP
2026-10-02 10:15:22.167756,SW1,Gi0/1,42.76,48.28,44.08,12.3,0.12,2.11,6,0,UP
2026-10-02 10:15:22.167756,SW1,Gi0/10,36.11,55.86,56.98,10.37,0.05,2.15,1,0,UP
2026-10-02 10:15:22.167756,SW1,Gi0/11,49.34,50.17,38.58,9.71,0.31,1.71,3,0,UP
2026-10-02 10:15:22.167756,SW2,Gi0/2,44.78,47.58,44.63,11.97,0.27,2.3,2,0,UP
2026-10-02 10:15:22.167756,SW2,Gi0/10,40.32,48.14,33.18,12.52,0.39,1.56,1,0,UP
2026-10-02 10:15:22.167756,SW2,Gi0/11,35.65,53.62,48.59,11.68,0.11,2.05,0,0,UP
2026-10-02 10:16:22.167756,R1,Gi0/1,40.72,54.36,34.99,8.93,0.36,1.69,5,0,UP
2026-10-02 10:16:22.167756,R1,Gi0/2,39.23,49.19,48.51,10.23,0.21,1.81,0,0,UP
2026-10-02 10:16:22.167756,SW1,Gi0/1,41.69,48.68,43.74,9.58,0.36,2.44,4,0,UP
2026-10-02 10:16:22.167756,SW1,Gi0/10,38.47,41.35,60.62,11.88,0.13,2.21,5,0,UP
2026-10-02 10:16:22.167756,SW1,Gi0/11,39.88,56.39,53.66,9.85,0.13,2.48,0,0,UP
2026-10-02 10:16:22.167756,SW2,Gi0/2,39.25,42.85,41.19,11.4,0.16,1.72,0,0,UP
2026-10-02 10:16:22.167756,SW2,Gi0/10,51.46,59.34,35.7,15.16,0.16,2.06,2,0,UP
2026-10-02 10:16:22.167756,SW2,Gi0/11,36.7,54.92,46.01,11.05,0.07,1.55,0,0,UP
2026-10-02 10:17:22.167756,R1,Gi0/1,40.06,44.02,42.88,14.74,0.32,1.98,2,0,UP
2026-10-02 10:17:22.167756,R1,Gi0/2,49.4,52.6,42.38,9.15,0.24,2.41,1,0,UP
2026-10-02 10:17:22.167756,SW1,Gi0/1,41.46,48.18,43.53,7.02,0.18,2.48,1,0,UP
2026-10-02 10:17:22.167756,SW1,Gi0/10,40.26,46.22,47.88,11.57,0.11,2.67,4,0,UP
2026-10-02 10:17:22.167756,SW1,Gi0/11,36.98,52.49,49.3,13.28,0.03,2.5,1,0,UP
2026-10-02 10:17:22.167756,SW2,Gi0/2,38.21,63.19,47.41,11.23,0.0,2.69,0,0,UP
2026-10-02 10:17:22.167756,SW2,Gi0/10,34.98,48.34,56.33,13.55,0.18,2.15,1,0,UP
2026-10-02 10:17:22.167756,SW2,Gi0/11,40.7,50.37,52.75,13.93,0.25,1.82,4,0,UP
2026-10-02 10:18:22.167756,R1,Gi0/1,39.54,44.59,41.77,12.17,0.29,1.91,0,0,UP
2026-10-02 10:18:22.167756,R1,Gi0/2,40.28,50.57,46.49,13.84,0.3,1.7,1,0,UP
2026-10-02 10:18:22.167756,SW1,Gi0/1,34.8,53.49,56.59,11.37,0.18,2.73,4,0,UP
2026-10-02 10:18:22.167756,SW1,Gi0/10,42.18,44.05,50.43,10.14,0.09,1.83,1,0,UP
2026-10-02 10:18:22.167756,SW1,Gi0/11,38.89,42.8,52.67,14.26,0.01,2.49,1,0,UP
2026-10-02 10:18:22.167756,SW2,Gi0/2,44.28,49.66,45.23,11.63,0.32,1.38,4,0,UP
2026-10-02 10:18:22.167756,SW2,Gi0/10,45.51,53.58,63.6,10.94,0.3,1.95,5,0,UP
2026-10-02 10:18:22.167756,SW2,Gi0/11,39.96,48.06,55.45,11.02,0.06,1.74,4,0,UP
2026-10-02 10:19:22.167756,R1,Gi0/1,46.96,50.56,55.55,9.28,0.16,1.86,2,0,UP
2026-10-02 10:19:22.167756,R1,Gi0/2,40.42,53.45,41.44,12.28,0.2,1.54,2,0,UP
2026-10-02 10:19:22.167756,SW1,Gi0/1,39.28,49.17,45.25,12.15,0.16,2.64,0,0,UP
2026-10-02 10:19:22.167756,SW1,Gi0/10,36.4,63.9,36.7,9.29,0.27,0.96,2,0,UP
2026-10-02 10:19:22.167756,SW1,Gi0/11,50.73,42.28,29.14,9.0,0.29,2.56,1,0,UP
2026-10-02 10:19:22.167756,SW2,Gi0/2,43.42,56.95,59.3,11.51,0.0,1.59,2,0,UP
2026-10-02 10:19:22.167756,SW2,Gi0/10,38.71,49.06,53.95,14.55,0.18,2.55,3,0,UP
2026-10-02 10:19:22.167756,SW2,Gi0/11,40.32,54.53,45.58,16.12,0.06,1.74,2,0,UP
2026-10-02 10:20:22.167756,R1,Gi0/1,42.2,56.34,44.8,9.16,0.28,2.38,0,0,UP
2026-10-02 10:20:22.167756,R1,Gi0/2,39.98,42.05,39.68,10.19,0.28,2.06,0,0,UP
2026-10-02 10:20:22.167756,SW1,Gi0/1,44.4,42.83,47.64,10.37,0.16,2.25,4,0,UP
2026-10-02 10:20:22.167756,SW1,Gi0/10,46.68,49.59,47.45,11.12,0.22,2.22,2,0,UP
2026-10-02 10:20:22.167756,SW1,Gi0/11,30.98,51.66,47.92,10.64,0.07,2.74,3,0,UP
2026-10-02 10:20:22.167756,SW2,Gi0/2,38.85,44.31,38.43,14.61,0.21,1.72,4,0,UP
2026-10-02 10:20:22.167756,SW2,Gi0/10,35.93,57.5,55.82,11.07,0.14,0.69,0,0,UP
2026-10-02 10:20:22.167756,SW2,Gi0/11,33.3,50.68,42.39,9.31,0.17,2.25,4,0,UP
2026-10-02 10:21:22.167756,R1,Gi0/1,30.5,49.36,33.93,13.8,0.28,1.55,1,0,UP
2026-10-02 10:21:22.167756,R1,Gi0/2,37.69,38.74,47.69,11.45,0.3,1.45,1,0,UP
2026-10-02 10:21:22.167756,SW1,Gi0/1,32.47,44.98,35.54,13.99,0.13,2.06,2,0,UP
2026-10-02 10:21:22.167756,SW1,Gi0/10,33.65,49.16,49.79,9.58,0.28,1.58,2,0,UP
2026-10-02 10:21:22.167756,SW1,Gi0/11,42.65,46.68,45.3,11.37,0.21,0.81,0,0,UP
2026-10-02 10:21:22.167756,SW2,Gi0/2,43.08,55.19,37.72,11.51,0.23,2.35,0,0,UP
2026-10-02 10:21:22.167756,SW2,Gi0/10,35.57,48.34,50.63,17.0,0.18,1.3,3,0,UP
2026-10-02 10:21:22.167756,SW2,Gi0/11,46.6,50.54,37.75,13.92,0.27,1.49,3,0,UP
2026-10-02 10:22:22.167756,R1,Gi0/1,44.99,55.91,44.47,11.28,0.32,1.39,3,0,UP
2026-10-02 10:22:22.167756,R1,Gi0/2,33.15,55.33,42.94,14.54,0.25,1.39,5,0,UP
2026-10-02 10:22:22.167756,SW1,Gi0/1,47.76,54.41,38.91,11.39,0.21,1.65,6,0,UP
2026-10-02 10:22:22.167756,SW1,Gi0/10,40.72,36.48,47.71,11.3,0.19,1.82,4,0,UP
2026-10-02 10:22:22.167756,SW1,Gi0/11,45.6,51.42,42.29,11.92,0.2,1.6,4,0,UP
2026-10-02 10:22:22.167756,SW2,Gi0/2,42.3,57.7,55.04,10.63,0.28,1.52,4,0,UP
2026-10-02 10:22:22.167756,SW2,Gi0/10,37.42,44.88,47.24,6.65,0.02,1.91,3,0,UP
2026-10-02 10:22:22.167756,SW2,Gi0/11,38.15,42.1,38.46,12.78,0.26,1.99,5,0,UP
2026-10-02 10:23:22.167756,R1,Gi0/1,41.99,46.26,42.76,9.19,0.19,2.56,4,0,UP
2026-10-02 10:23:22.167756,R1,Gi0/2,47.01,48.49,55.77,11.61,0.35,1.99,4,0,UP
2026-10-02 10:23:22.167756,SW1,Gi0/1,47.38,49.03,46.75,14.58,0.19,1.34,7,0,UP
2026-10-02 10:23:22.167756,SW1,Gi0/10,37.65,50.79,54.25,10.78,0.1,2.13,0,0,UP
2026-10-02 10:23:22.167756,SW1,Gi0/11,38.56,51.23,42.84,8.91,0.36,2.05,5,0,UP
2026-10-02 10:23:22.167756,SW2,Gi0/2,38.7,45.6,47.15,11.57,0.08,2.73,1,0,UP
2026-10-02 10:23:22.167756,SW2,Gi0/10,30.8,56.64,40.97,10.78,0.02,2.87,0,0,UP
2026-10-02 10:23:22.167756,SW2,Gi0/11,40.29,54.56,48.37,11.88,0.03,1.6,3,0,UP
2026-10-02 10:24:22.167756,R1,Gi0/1,36.06,51.02,50.45,13.93,0.08,3.1,4,0,UP
2026-10-02 10:24:22.167756,R1,Gi0/2,39.99,55.45,63.92,9.12,0.18,0.81,3,0,UP
2026-10-02 10:24:22.167756,SW1,Gi0/1,41.83,49.8,39.76,7.9,0.24,2.73,1,0,UP
2026-10-02 10:24:22.167756,SW1,Gi0/10,42.2,42.16,48.66,11.21,0.12,1.62,2,0,UP
2026-10-02 10:24:22.167756,SW1,Gi0/11,41.91,43.44,41.82,11.92,0.09,2.9,1,0,UP
2026-10-02 10:24:22.167756,SW2,Gi0/2,36.65,45.11,59.39,13.11,0.11,2.55,3,0,UP
2026-10-02 10:24:22.167756,SW2,Gi0/10,41.29,48.28,39.0,12.68,0.15,2.91,0,0,UP
2026-10-02 10:24:22.167756,SW2,Gi0/11,47.68,49.44,47.39,13.67,0.14,2.43,0,0,UP
2026-10-02 10:25:22.167756,R1,Gi0/1,36.4,45.38,34.97,11.57,0.24,2.35,3,0,UP
2026-10-02 10:25:22.167756,R1,Gi0/2,36.67,51.85,45.99,13.87,0.28,2.02,1,0,UP
2026-10-02 10:25:22.167756,SW1,Gi0/1,36.74,47.25,42.48,12.54,0.27,1.97,3,0,UP
2026-10-02 10:25:22.167756,SW1,Gi0/10,40.72,47.42,37.6,8.49,0.13,2.24,1,0,UP
2026-10-02 10:25:22.167756,SW1,Gi0/11,38.81,52.33,49.17,9.84,0.3,2.56,0,0,UP
2026-10-02 10:25:22.167756,SW2,Gi0/2,35.88,55.96,43.83,7.56,0.06,1.88,0,0,UP
2026-10-02 10:25:22.167756,SW2,Gi0/10,37.93,50.16,56.7,11.42,0.31,2.71,5,0,UP
2026-10-02 10:25:22.167756,SW2,Gi0/11,41.42,40.18,48.69,14.1,0.19,2.87,4,0,UP
2026-10-02 10:26:22.167756,R1,Gi0/1,42.84,55.43,47.67,7.01,0.15,2.6,1,0,UP
2026-10-02 10:26:22.167756,R1,Gi0/2,38.88,44.78,59.27,15.36,0.11,2.07,1,0,UP
2026-10-02 10:26:22.167756,SW1,Gi0/1,43.07,52.55,51.49,12.66,0.49,1.49,0,0,UP
2026-10-02 10:26:22.167756,SW1,Gi0/10,38.03,42.16,33.06,10.0,0.11,1.52,4,0,UP
2026-10-02 10:26:22.167756,SW1,Gi0/11,37.47,49.1,52.15,10.47,0.17,2.18,0,0,UP
2026-10-02 10:26:22.167756,SW2,Gi0/2,28.08,51.73,48.94,16.13,0.22,2.41,2,0,UP
2026-10-02 10:26:22.167756,SW2,Gi0/10,41.49,58.34,28.01,12.83,0.41,2.14,6,0,UP
2026-10-02 10:26:22.167756,SW2,Gi0/11,36.85,49.84,45.27,7.56,0.08,1.45,4,0,UP
2026-10-02 10:27:22.167756,R1,Gi0/1,44.36,51.62,51.59,11.67,0.32,2.0,3,0,UP
2026-10-02 10:27:22.167756,R1,Gi0/2,38.67,53.42,41.63,13.95,0.09,1.45,4,0,UP
2026-10-02 10:27:22.167756,SW1,Gi0/1,39.56,47.73,52.12,10.79,0.18,2.7,6,0,UP
2026-10-02 10:27:22.167756,SW1,Gi0/10,47.86,48.59,54.85,10.1,0.11,0.82,6,0,UP
2026-10-02 10:27:22.167756,SW1,Gi0/11,35.68,49.37,37.72,13.39,0.16,1.35,3,0,UP
2026-10-02 10:27:22.167756,SW2,Gi0/2,32.83,45.81,28.14,9.15,0.22,1.02,0,0,UP
2026-10-02 10:27:22.167756,SW2,Gi0/10,39.99,47.28,60.94,15.67,0.11,2.28,4,0,UP
2026-10-02 10:27:22.167756,SW2,Gi0/11,37.01,42.52,44.9,11.65,0.16,2.22,1,0,UP
2026-10-02 10:28:22.167756,R1,Gi0/1,34.24,50.55,48.09,9.65,0.29,1.11,1,0,UP
2026-10-02 10:28:22.167756,R1,Gi0/2,38.71,46.82,40.48,15.74,0.11,3.22,3,0,UP
2026-10-02 10:28:22.167756,SW1,Gi0/1,40.46,52.38,65.24,10.01,0.09,1.62,3,0,UP
2026-10-02 10:28:22.167756,SW1,Gi0/10,31.37,50.11,58.55,12.3,0.17,1.69,4,0,UP
2026-10-02 10:28:22.167756,SW1,Gi0/11,35.87,59.23,60.47,12.51,0.2,2.52,5,0,UP
2026-10-02 10:28:22.167756,SW2,Gi0/2,35.97,47.37,34.42,12.82,0.27,1.33,2,0,UP
2026-10-02 10:28:22.167756,SW2,Gi0/10,33.26,45.51,49.41,10.53,0.17,1.19,3,0,UP
2026-10-02 10:28:22.167756,SW2,Gi0/11,39.78,46.36,43.49,12.36,0.12,1.26,6,0,UP
2026-10-02 10:29:22.167756,R1,Gi0/1,36.83,49.52,53.09,19.06,0.08,2.22,1,0,UP
2026-10-02 10:29:22.167756,R1,Gi0/2,37.31,46.4,35.99,11.92,0.05,2.47,3,0,UP
2026-10-02 10:29:22.167756,SW1,Gi0/1,42.11,47.67,42.06,12.58,0.08,1.82,1,0,UP
2026-10-02 10:29:22.167756,SW1,Gi0/10,35.55,39.45,55.71,10.63,0.32,2.53,0,0,UP
2026-10-02 10:29:22.167756,SW1,Gi0/11,34.56,62.8,59.01,11.94,0.23,1.68,3,0,UP
2026-10-02 10:29:22.167756,SW2,Gi0/2,36.41,39.84,34.43,12.04,0.09,1.97,0,0,UP
2026-10-02 10:29:22.167756,SW2,Gi0/10,36.09,54.27,46.98,11.98,0.29,2.24,5,0,UP
2026-10-02 10:29:22.167756,SW2,Gi0/11,37.7,47.85,34.59,11.14,0.3,2.65,4,0,UP
2026-10-02 10:30:22.167756,R1,Gi0/1,31.03,55.42,30.29,13.8,0.16,2.35,0,0,UP
2026-10-02 10:30:22.167756,R1,Gi0/2,45.86,42.68,39.65,10.0,0.02,2.05,6,0,UP
2026-10-02 10:30:22.167756,SW1,Gi0/1,53.33,50.49,53.93,12.46,0.25,1.83,3,0,UP
2026-10-02 10:30:22.167756,SW1,Gi0/10,42.69,47.11,44.38,11.88,0.28,1.47,2,0,UP
2026-10-02 10:30:22.167756,SW1,Gi0/11,49.56,55.82,55.79,12.05,0.23,2.5,6,0,UP
2026-10-02 10:30:22.167756,SW2,Gi0/2,30.24,43.42,55.48,11.45,0.13,1.37,1,0,UP
2026-10-02 10:30:22.167756,SW2,Gi0/10,32.99,60.46,44.82,11.88,0.26,2.48,4,0,UP
2026-10-02 10:30:22.167756,SW2,Gi0/11,45.37,46.85,42.62,13.54,0.15,2.0,3,0,UP
2026-10-02 10:31:22.167756,R1,Gi0/1,43.93,41.11,50.72,11.53,0.27,2.39,6,0,UP
2026-10-02 10:31:22.167756,R1,Gi0/2,46.77,56.73,56.55,12.58,0.2,2.44,4,0,UP
2026-10-02 10:31:22.167756,SW1,Gi0/1,38.45,52.02,44.72,10.29,0.33,2.03,7,0,UP
2026-10-02 10:31:22.167756,SW1,Gi0/10,31.87,47.22,45.26,14.27,0.24,2.16,0,0,UP
2026-10-02 10:31:22.167756,SW1,Gi0/11,34.22,51.61,34.09,10.94,0.25,1.51,6,0,UP
2026-10-02 10:31:22.167756,SW2,Gi0/2,46.12,42.14,37.54,7.43,0.12,2.38,2,0,UP
2026-10-02 10:31:22.167756,SW2,Gi0/10,42.3,42.39,51.38,10.89,0.2,1.95,0,0,UP
2026-10-02 10:31:22.167756,SW2,Gi0/11,34.23,54.84,48.19,14.1,0.23,2.07,0,0,UP
2026-10-02 10:32:22.167756,R1,Gi0/1,38.65,49.86,60.62,13.37,0.35,2.3,1,0,UP
2026-10-02 10:32:22.167756,R1,Gi0/2,40.59,51.18,37.49,11.23,0.18,2.8,0,0,UP
2026-10-02 10:32:22.167756,SW1,Gi0/1,46.03,45.32,34.02,14.36,0.27,2.63,4,0,UP
2026-10-02 10:32:22.167756,SW1,Gi0/10,50.3,52.79,43.75,12.69,0.32,1.61,1,0,UP
2026-10-02 10:32:22.167756,SW1,Gi0/11,38.46,39.48,46.1,8.23,0.21,2.43,2,0,UP
2026-10-02 10:32:22.167756,SW2,Gi0/2,48.39,42.7,54.53,13.35,0.03,3.36,2,0,UP
2026-10-02 10:32:22.167756,SW2,Gi0/10,35.61,42.96,43.24,11.75,0.21,1.85,4,0,UP
2026-10-02 10:32:22.167756,SW2,Gi0/11,38.06,40.33,43.81,7.27,0.24,1.51,3,0,UP
2026-10-02 10:33:22.167756,R1,Gi0/1,46.57,45.26,53.49,11.13,0.38,1.82,1,0,UP
2026-10-02 10:33:22.167756,R1,Gi0/2,43.44,47.82,38.27,11.04,0.2,2.67,0,0,UP
2026-10-02 10:33:22.167756,SW1,Gi0/1,40.12,53.12,46.55,14.62,0.19,1.91,4,0,UP
2026-10-02 10:33:22.167756,SW1,Gi0/10,40.5,48.05,49.13,10.69,0.14,1.74,5,0,UP
2026-10-02 10:33:22.167756,SW1,Gi0/11,23.89,51.98,45.27,8.64,0.23,2.24,4,0,UP
2026-10-02 10:33:22.167756,SW2,Gi0/2,26.74,56.83,39.1,13.37,0.27,1.56,4,0,UP
2026-10-02 10:33:22.167756,SW2,Gi0/10,38.07,39.64,54.34,10.45,0.11,1.8,3,0,UP
2026-10-02 10:33:22.167756,SW2,Gi0/11,39.71,52.74,34.28,10.52,0.19,2.95,2,0,UP
2026-10-02 10:34:22.167756,R1,Gi0/1,45.43,50.19,41.13,11.51,0.18,2.3,5,0,UP
2026-10-02 10:34:22.167756,R1,Gi0/2,41.8,55.94,37.28,11.17,0.13,2.16,2,0,UP
2026-10-02 10:34:22.167756,SW1,Gi0/1,43.65,45.34,45.34,13.37,0.0,3.06,2,0,UP
2026-10-02 10:34:22.167756,SW1,Gi0/10,29.87,50.79,45.27,11.84,0.3,2.37,3,0,UP
2026-10-02 10:34:22.167756,SW1,Gi0/11,42.25,49.48,59.2,9.04,0.21,2.03,4,0,UP
2026-10-02 10:34:22.167756,SW2,Gi0/2,35.78,41.28,46.25,12.56,0.35,1.36,5,0,UP
2026-10-02 10:34:22.167756,SW2,Gi0/10,51.84,48.11,34.67,11.19,0.2,2.28,1,0,UP
2026-10-02 10:34:22.167756,SW2,Gi0/11,47.78,44.43,31.09,14.21,0.0,1.9,9,0,UP
2026-10-02 10:35:22.167756,R1,Gi0/1,39.94,44.4,44.54,11.9,0.22,2.33,0,0,UP
2026-10-02 10:35:22.167756,R1,Gi0/2,48.44,51.23,50.81,10.74,0.33,1.87,3,0,UP
2026-10-02 10:35:22.167756,SW1,Gi0/1,35.33,45.02,50.51,11.11,0.11,1.68,4,0,UP
2026-10-02 10:35:22.167756,SW1,Gi0/10,36.85,49.41,45.12,8.17,0.05,2.17,1,0,UP
2026-10-02 10:35:22.167756,SW1,Gi0/11,45.28,54.83,50.75,15.64,0.19,2.32,1,0,UP
2026-10-02 10:35:22.167756,SW2,Gi0/2,52.26,59.92,45.1,12.77,0.34,1.93,1,0,UP
2026-10-02 10:35:22.167756,SW2,Gi0/10,44.37,50.39,46.46,10.33,0.03,2.12,4,0,UP
2026-10-02 10:35:22.167756,SW2,Gi0/11,38.87,57.18,39.37,9.89,0.19,1.96,4,0,UP
2026-10-02 10:36:22.167756,R1,Gi0/1,36.13,56.84,60.74,11.92,0.32,1.47,5,0,UP
2026-10-02 10:36:22.167756,R1,Gi0/2,45.24,54.32,44.88,6.09,0.14,1.69,1,0,UP
2026-10-02 10:36:22.167756,SW1,Gi0/1,40.61,47.91,38.4,9.88,0.13,2.56,1,0,UP
2026-10-02 10:36:22.167756,SW1,Gi0/10,37.43,47.72,47.71,12.91,0.0,2.51,5,0,UP
2026-10-02 10:36:22.167756,SW1,Gi0/11,34.75,45.14,41.4,10.49,0.22,1.03,0,0,UP
2026-10-02 10:36:22.167756,SW2,Gi0/2,47.7,45.36,54.95,12.71,0.02,2.32,2,0,UP
2026-10-02 10:36:22.167756,SW2,Gi0/10,37.72,51.22,48.8,13.42,0.32,2.2,0,0,UP
2026-10-02 10:36:22.167756,SW2,Gi0/11,37.63,64.72,50.8,16.74,0.34,2.12,3,0,UP
2026-10-02 10:37:22.167756,R1,Gi0/1,39.82,41.31,45.14,14.42,0.14,2.21,4,0,UP
2026-10-02 10:37:22.167756,R1,Gi0/2,35.45,47.74,36.86,10.36,0.07,1.55,5,0,UP
2026-10-02 10:37:22.167756,SW1,Gi0/1,35.42,50.63,40.98,14.36,0.33,2.43,3,0,UP
2026-10-02 10:37:22.167756,SW1,Gi0/10,38.84,44.04,60.55,10.48,0.27,2.53,1,0,UP
2026-10-02 10:37:22.167756,SW1,Gi0/11,45.19,53.82,58.82,11.06,0.07,1.75,3,0,UP
2026-10-02 10:37:22.167756,SW2,Gi0/2,40.29,48.03,29.73,12.94,0.4,2.23,4,0,UP
2026-10-02 10:37:22.167756,SW2,Gi0/10,42.86,51.99,52.45,12.79,0.17,1.6,2,0,UP
2026-10-02 10:37:22.167756,SW2,Gi0/11,41.57,48.42,47.51,12.88,0.28,2.64,3,0,UP
2026-10-02 10:38:22.167756,R1,Gi0/1,33.46,48.27,45.35,8.33,0.34,2.07,3,0,UP
2026-10-02 10:38:22.167756,R1,Gi0/2,46.83,46.85,49.59,11.78,0.18,1.61,6,0,UP
2026-10-02 10:38:22.167756,SW1,Gi0/1,38.12,53.5,30.0,14.36,0.31,2.05,2,0,UP
2026-10-02 10:38:22.167756,SW1,Gi0/10,42.0,61.44,30.89,13.56,0.11,1.99,2,0,UP
2026-10-02 10:38:22.167756,SW1,Gi0/11,37.86,49.95,35.93,14.06,0.02,2.27,2,0,UP
2026-10-02 10:38:22.167756,SW2,Gi0/2,34.15,51.01,32.54,12.08,0.06,2.23,1,0,UP
2026-10-02 10:38:22.167756,SW2,Gi0/10,37.75,51.47,38.82,11.88,0.05,2.32,6,0,UP
2026-10-02 10:38:22.167756,SW2,Gi0/11,53.96,50.46,51.31,8.44,0.35,2.39,2,0,UP
2026-10-02 10:39:22.167756,R1,Gi0/1,46.19,48.73,41.34,12.95,0.09,2.51,0,0,UP
2026-10-02 10:39:22.167756,R1,Gi0/2,34.75,45.45,51.08,10.77,0.07,1.7,2,0,UP
2026-10-02 10:39:22.167756,SW1,Gi0/1,34.1,44.24,61.89,10.28,0.17,1.82,2,0,UP
2026-10-02 10:39:22.167756,SW1,Gi0/10,43.11,54.74,42.55,9.53,0.33,1.95,6,0,UP
2026-10-02 10:39:22.167756,SW1,Gi0/11,28.77,50.98,60.35,11.29,0.18,2.15,1,0,UP
2026-10-02 10:39:22.167756,SW2,Gi0/2,38.44,48.31,39.98,14.46,0.25,2.13,4,0,UP
2026-10-02 10:39:22.167756,SW2,Gi0/10,38.68,46.13,40.18,12.0,0.09,1.75,1,0,UP
2026-10-02 10:39:22.167756,SW2,Gi0/11,50.62,36.13,43.56,15.45,0.21,2.38,3,0,UP
2026-10-02 10:40:22.167756,R1,Gi0/1,36.66,38.79,46.64,10.45,0.12,1.75,6,0,UP
2026-10-02 10:40:22.167756,R1,Gi0/2,52.02,51.09,41.28,9.65,0.25,2.89,2,0,UP
2026-10-02 10:40:22.167756,SW1,Gi0/1,28.11,53.35,52.88,8.83,0.22,2.23,2,0,UP
2026-10-02 10:40:22.167756,SW1,Gi0/10,36.05,55.08,41.77,9.03,0.0,2.63,4,0,UP
2026-10-02 10:40:22.167756,SW1,Gi0/11,40.44,47.8,40.77,9.85,0.16,0.94,1,0,UP
2026-10-02 10:40:22.167756,SW2,Gi0/2,38.45,53.05,44.68,13.59,0.33,2.53,3,0,UP
2026-10-02 10:40:22.167756,SW2,Gi0/10,40.06,45.1,50.92,15.36,0.23,2.96,0,0,UP
2026-10-02 10:40:22.167756,SW2,Gi0/11,34.23,54.28,47.11,14.63,0.2,1.57,2,0,UP
2026-10-02 10:41:22.167756,R1,Gi0/1,32.34,44.36,52.78,13.75,0.24,1.14,2,0,UP
2026-10-02 10:41:22.167756,R1,Gi0/2,33.88,55.88,40.33,9.83,0.2,1.68,5,0,UP
2026-10-02 10:41:22.167756,SW1,Gi0/1,36.33,43.0,27.78,11.94,0.14,1.29,5,0,UP
2026-10-02 10:41:22.167756,SW1,Gi0/10,43.34,49.86,55.91,13.33,0.12,1.48,4,0,UP
2026-10-02 10:41:22.167756,SW1,Gi0/11,41.98,50.85,38.23,13.22,0.12,1.95,5,0,UP
2026-10-02 10:41:22.167756,SW2,Gi0/2,36.7,42.14,36.58,13.99,0.23,1.94,1,0,UP
2026-10-02 10:41:22.167756,SW2,Gi0/10,42.43,45.75,47.45,10.54,0.11,1.68,2,0,UP
2026-10-02 10:41:22.167756,SW2,Gi0/11,39.76,51.18,15.49,10.38,0.16,2.75,0,0,UP
2026-10-02 10:42:22.167756,R1,Gi0/1,40.81,57.48,34.5,12.79,0.12,1.75,1,0,UP
2026-10-02 10:42:22.167756,R1,Gi0/2,36.34,63.61,51.76,14.2,0.25,1.2,3,0,UP
2026-10-02 10:42:22.167756,SW1,Gi0/1,45.36,45.73,52.72,13.41,0.39,1.79,0,0,UP
2026-10-02 10:42:22.167756,SW1,Gi0/10,38.19,57.18,30.37,7.86,0.21,1.78,3,0,UP
2026-10-02 10:42:22.167756,SW1,Gi0/11,44.73,47.24,30.02,16.09,0.1,1.47,5,0,UP
2026-10-02 10:42:22.167756,SW2,Gi0/2,38.08,49.68,48.86,14.17,0.17,2.76,0,0,UP
2026-10-02 10:42:22.167756,SW2,Gi0/10,43.8,45.8,55.98,12.28,0.13,2.33,4,0,UP
2026-10-02 10:42:22.167756,SW2,Gi0/11,43.21,44.85,41.13,11.99,0.2,2.37,0,0,UP
2026-10-02 10:43:22.167756,R1,Gi0/1,41.67,48.55,38.29,10.52,0.18,0.2,1,0,UP
2026-10-02 10:43:22.167756,R1,Gi0/2,35.62,52.66,38.56,11.57,0.35,2.5,4,0,UP
2026-10-02 10:43:22.167756,SW1,Gi0/1,37.5,52.72,43.13,11.61,0.24,1.7,5,0,UP
2026-10-02 10:43:22.167756,SW1,Gi0/10,39.2,53.09,56.64,14.06,0.06,2.22,4,0,UP
2026-10-02 10:43:22.167756,SW1,Gi0/11,44.46,44.43,39.74,13.99,0.12,1.85,6,0,UP
2026-10-02 10:43:22.167756,SW2,Gi0/2,39.76,46.37,37.98,12.67,0.07,1.88,3,0,UP
2026-10-02 10:43:22.167756,SW2,Gi0/10,46.5,53.34,39.29,14.36,0.17,1.38,2,0,UP
2026-10-02 10:43:22.167756,SW2,Gi0/11,47.19,50.83,45.1,15.27,0.06,1.36,0,0,UP
2026-10-02 10:44:22.167756,R1,Gi0/1,41.86,50.83,57.34,12.49,0.16,2.0,3,0,UP
2026-10-02 10:44:22.167756,R1,Gi0/2,31.64,63.55,49.16,12.42,0.26,2.35,2,0,UP
2026-10-02 10:44:22.167756,SW1,Gi0/1,36.84,53.0,48.09,10.38,0.34,2.15,4,0,UP
2026-10-02 10:44:22.167756,SW1,Gi0/10,46.96,50.11,47.54,13.62,0.13,2.03,3,0,UP
2026-10-02 10:44:22.167756,SW1,Gi0/11,35.22,61.59,33.74,9.4,0.33,2.36,0,0,UP
2026-10-02 10:44:22.167756,SW2,Gi0/2,43.04,57.34,44.76,17.2,0.03,2.35,5,0,UP
2026-10-02 10:44:22.167756,SW2,Gi0/10,44.46,48.98,42.68,12.89,0.28,2.3,5,0,UP
2026-10-02 10:44:22.167756,SW2,Gi0/11,34.91,48.86,37.48,11.23,0.3,2.05,8,0,UP
2026-10-02 10:45:22.167756,R1,Gi0/1,40.97,50.3,45.85,10.72,0.19,2.56,3,0,UP
2026-10-02 10:45:22.167756,R1,Gi0/2,36.03,45.37,41.4,12.15,0.32,1.33,2,0,UP
2026-10-02 10:45:22.167756,SW1,Gi0/1,40.72,40.83,38.33,10.64,0.12,2.1,2,0,UP
2026-10-02 10:45:22.167756,SW1,Gi0/10,37.22,52.14,58.78,15.28,0.01,2.29,2,0,UP
2026-10-02 10:45:22.167756,SW1,Gi0/11,40.78,48.01,45.94,12.3,0.14,1.55,2,0,UP
2026-10-02 10:45:22.167756,SW2,Gi0/2,41.17,52.99,51.83,11.01,0.23,2.48,5,0,UP
2026-10-02 10:45:22.167756,SW2,Gi0/10,39.71,48.9,46.53,9.7,0.18,2.37,4,0,UP
2026-10-02 10:45:22.167756,SW2,Gi0/11,38.65,51.09,38.4,13.41,0.19,1.86,2,0,UP
2026-10-02 10:46:22.167756,R1,Gi0/1,39.69,47.76,50.27,11.21,0.36,2.73,1,0,UP
2026-10-02 10:46:22.167756,R1,Gi0/2,40.35,46.75,42.39,16.0,0.17,2.18,4,0,UP
2026-10-02 10:46:22.167756,SW1,Gi0/1,35.0,45.72,35.35,10.23,0.0,2.27,7,0,UP
2026-10-02 10:46:22.167756,SW1,Gi0/10,40.74,42.92,39.86,11.08,0.1,2.43,4,0,UP
2026-10-02 10:46:22.167756,SW1,Gi0/11,34.22,53.63,57.21,15.81,0.49,1.55,8,0,UP
2026-10-02 10:46:22.167756,SW2,Gi0/2,38.23,47.04,47.62,10.84,0.24,1.34,2,0,UP
2026-10-02 10:46:22.167756,SW2,Gi0/10,46.43,49.71,46.13,12.95,0.32,1.17,4,0,UP
2026-10-02 10:46:22.167756,SW2,Gi0/11,38.66,50.83,53.48,9.61,0.1,1.03,1,0,UP
2026-10-02 10:47:22.167756,R1,Gi0/1,46.65,49.4,34.28,11.03,0.05,1.44,3,0,UP
2026-10-02 10:47:22.167756,R1,Gi0/2,34.13,55.56,44.43,12.17,0.17,2.39,4,0,UP
2026-10-02 10:47:22.167756,SW1,Gi0/1,41.68,52.82,43.3,13.08,0.17,2.0,2,0,UP
2026-10-02 10:47:22.167756,SW1,Gi0/10,37.71,46.55,48.74,14.62,0.32,1.37,5,0,UP
2026-10-02 10:47:22.167756,SW1,Gi0/11,38.41,53.0,37.75,12.28,0.23,1.26,4,0,UP
2026-10-02 10:47:22.167756,SW2,Gi0/2,46.73,49.13,55.88,11.62,0.28,0.89,7,0,UP
2026-10-02 10:47:22.167756,SW2,Gi0/10,47.48,48.58,29.22,12.58,0.06,2.22,3,0,UP
2026-10-02 10:47:22.167756,SW2,Gi0/11,35.29,55.6,51.44,13.95,0.2,1.29,4,0,UP
2026-10-02 10:48:22.167756,R1,Gi0/1,38.65,43.05,55.82,16.2,0.2,3.08,3,0,UP
2026-10-02 10:48:22.167756,R1,Gi0/2,38.1,46.85,58.1,10.44,0.27,1.72,2,0,UP
2026-10-02 10:48:22.167756,SW1,Gi0/1,45.15,48.1,41.76,14.27,0.36,2.32,1,0,UP
2026-10-02 10:48:22.167756,SW1,Gi0/10,37.45,50.4,47.57,10.02,0.27,2.04,0,0,UP
2026-10-02 10:48:22.167756,SW1,Gi0/11,35.36,47.48,44.42,15.78,0.22,1.58,3,0,UP
2026-10-02 10:48:22.167756,SW2,Gi0/2,38.24,51.62,49.64,14.42,0.2,2.82,4,0,UP
2026-10-02 10:48:22.167756,SW2,Gi0/10,36.46,61.05,47.62,10.33,0.37,3.04,2,0,UP
2026-10-02 10:48:22.167756,SW2,Gi0/11,37.48,49.14,50.72,14.56,0.26,2.05,5,0,UP
2026-10-02 10:49:22.167756,R1,Gi0/1,38.44,55.15,42.7,12.86,0.19,1.97,2,0,UP
2026-10-02 10:49:22.167756,R1,Gi0/2,46.72,46.34,39.08,16.24,0.3,0.81,1,0,UP
2026-10-02 10:49:22.167756,SW1,Gi0/1,30.94,45.25,19.89,11.73,0.09,2.03,0,0,UP
2026-10-02 10:49:22.167756,SW1,Gi0/10,40.41,47.93,57.02,14.82,0.28,1.84,6,0,UP
2026-10-02 10:49:22.167756,SW1,Gi0/11,32.23,42.98,44.33,16.51,0.18,1.91,0,0,UP
2026-10-02 10:49:22.167756,SW2,Gi0/2,44.73,54.77,51.31,10.74,0.13,1.35,3,0,UP
2026-10-02 10:49:22.167756,SW2,Gi0/10,34.6,44.11,41.61,11.02,0.15,2.23,3,0,UP
2026-10-02 10:49:22.167756,SW2,Gi0/11,38.56,50.92,37.07,12.21,0.22,1.25,4,0,UP
2026-10-02 10:50:22.167756,R1,Gi0/1,35.59,50.45,54.32,13.85,0.2,1.82,4,0,UP
2026-10-02 10:50:22.167756,R1,Gi0/2,43.37,46.91,38.64,7.86,0.22,1.96,5,0,UP
2026-10-02 10:50:22.167756,SW1,Gi0/1,41.8,56.67,39.42,14.28,0.15,2.39,0,0,UP
2026-10-02 10:50:22.167756,SW1,Gi0/10,41.18,40.08,42.86,12.88,0.15,1.47,4,0,UP
2026-10-02 10:50:22.167756,SW1,Gi0/11,39.48,47.55,45.34,17.27,0.32,2.58,3,0,UP
2026-10-02 10:50:22.167756,SW2,Gi0/2,40.83,38.02,39.57,11.04,0.01,1.42,0,0,UP
2026-10-02 10:50:22.167756,SW2,Gi0/10,39.81,54.09,53.85,12.83,0.1,1.03,0,0,UP
2026-10-02 10:50:22.167756,SW2,Gi0/11,33.66,45.56,43.72,9.97,0.23,1.88,3,0,UP
2026-10-02 10:51:22.167756,R1,Gi0/1,45.7,44.1,48.35,11.97,0.17,2.44,4,0,UP
2026-10-02 10:51:22.167756,R1,Gi0/2,35.27,49.09,47.25,11.45,0.26,2.14,6,0,UP
2026-10-02 10:51:22.167756,SW1,Gi0/1,32.35,49.39,37.73,13.21,0.04,2.17,1,0,UP
2026-10-02 10:51:22.167756,SW1,Gi0/10,36.33,42.77,41.28,14.17,0.2,2.31,6,0,UP
2026-10-02 10:51:22.167756,SW1,Gi0/11,41.32,47.21,48.74,10.91,0.15,1.24,4,0,UP
2026-10-02 10:51:22.167756,SW2,Gi0/2,38.07,50.91,36.71,12.87,0.12,1.93,4,0,UP
2026-10-02 10:51:22.167756,SW2,Gi0/10,43.95,49.89,30.85,17.99,0.37,2.36,1,0,UP
2026-10-02 10:51:22.167756,SW2,Gi0/11,39.43,47.28,55.11,12.53,0.12,1.76,5,0,UP
2026-10-02 10:52:22.167756,R1,Gi0/1,48.0,57.64,51.06,11.49,0.0,2.15,2,0,UP
2026-10-02 10:52:22.167756,R1,Gi0/2,40.7,50.27,34.39,13.11,0.26,2.34,4,0,UP
2026-10-02 10:52:22.167756,SW1,Gi0/1,43.02,47.95,44.43,12.18,0.21,2.5,4,0,UP
2026-10-02 10:52:22.167756,SW1,Gi0/10,50.39,61.03,45.64,4.33,0.32,1.73,1,0,UP
2026-10-02 10:52:22.167756,SW1,Gi0/11,38.01,47.77,49.9,8.88,0.09,2.17,4,0,UP
2026-10-02 10:52:22.167756,SW2,Gi0/2,43.21,46.06,37.17,10.99,0.22,2.74,0,0,UP
2026-10-02 10:52:22.167756,SW2,Gi0/10,38.9,43.34,31.78,13.93,0.25,2.22,4,0,UP
2026-10-02 10:52:22.167756,SW2,Gi0/11,37.6,47.84,62.49,11.51,0.27,2.0,0,0,UP
2026-10-02 10:53:22.167756,R1,Gi0/1,29.78,47.11,53.45,13.58,0.29,1.51,6,0,UP
2026-10-02 10:53:22.167756,R1,Gi0/2,35.18,51.06,44.92,11.65,0.33,1.65,0,0,UP
2026-10-02 10:53:22.167756,SW1,Gi0/1,40.1,48.0,72.02,13.35,0.16,1.47,0,0,UP
2026-10-02 10:53:22.167756,SW1,Gi0/10,34.87,50.57,56.42,14.24,0.22,1.84,3,0,UP
2026-10-02 10:53:22.167756,SW1,Gi0/11,37.41,58.59,43.49,11.83,0.0,1.9,4,0,UP
2026-10-02 10:53:22.167756,SW2,Gi0/2,34.66,46.25,51.34,9.05,0.31,1.73,2,0,UP
2026-10-02 10:53:22.167756,SW2,Gi0/10,34.38,51.89,64.68,13.56,0.11,2.57,2,0,UP
2026-10-02 10:53:22.167756,SW2,Gi0/11,46.87,54.03,21.45,9.99,0.29,2.08,0,0,UP
2026-10-02 10:54:22.167756,R1,Gi0/1,36.83,40.47,44.29,16.42,0.28,3.1,4,0,UP
2026-10-02 10:54:22.167756,R1,Gi0/2,45.14,59.87,48.02,11.63,0.3,2.73,2,0,UP
2026-10-02 10:54:22.167756,SW1,Gi0/1,36.39,50.69,51.65,13.6,0.06,2.96,1,0,UP
2026-10-02 10:54:22.167756,SW1,Gi0/10,38.67,45.49,66.59,12.48,0.11,2.43,4,0,UP
2026-10-02 10:54:22.167756,SW1,Gi0/11,39.06,54.2,38.4,11.01,0.0,1.34,6,0,UP
2026-10-02 10:54:22.167756,SW2,Gi0/2,48.21,50.33,58.3,11.68,0.18,2.03,2,0,UP
2026-10-02 10:54:22.167756,SW2,Gi0/10,38.92,55.72,46.2,13.42,0.3,2.19,1,0,UP
2026-10-02 10:54:22.167756,SW2,Gi0/11,33.24,50.74,43.63,12.17,0.2,3.29,0,0,UP
2026-10-02 10:55:22.167756,R1,Gi0/1,30.05,51.66,41.99,12.63,0.26,2.64,0,0,UP
2026-10-02 10:55:22.167756,R1,Gi0/2,37.22,52.14,51.16,16.39,0.3,1.97,1,0,UP
2026-10-02 10:55:22.167756,SW1,Gi0/1,37.18,47.04,50.24,12.51,0.07,1.78,4,0,UP
2026-10-02 10:55:22.167756,SW1,Gi0/10,41.76,52.84,48.06,15.25,0.22,1.81,1,0,UP
2026-10-02 10:55:22.167756,SW1,Gi0/11,41.25,37.8,43.53,11.59,0.06,1.54,4,0,UP
2026-10-02 10:55:22.167756,SW2,Gi0/2,41.15,50.51,47.45,12.19,0.32,2.06,0,0,UP
2026-10-02 10:55:22.167756,SW2,Gi0/10,48.15,51.85,40.29,9.49,0.24,1.94,6,0,UP
2026-10-02 10:55:22.167756,SW2,Gi0/11,38.27,45.81,52.17,13.85,0.22,2.34,2,0,UP
2026-10-02 10:56:22.167756,R1,Gi0/1,41.17,55.82,50.0,11.66,0.34,0.82,7,0,UP
2026-10-02 10:56:22.167756,R1,Gi0/2,31.47,46.86,44.67,11.71,0.3,1.47,3,0,UP
2026-10-02 10:56:22.167756,SW1,Gi0/1,37.11,51.48,44.48,12.19,0.15,1.74,3,0,UP
2026-10-02 10:56:22.167756,SW1,Gi0/10,44.72,47.01,38.05,13.23,0.2,2.42,1,0,UP
2026-10-02 10:56:22.167756,SW1,Gi0/11,31.1,47.33,38.87,11.84,0.14,2.37,2,0,UP
2026-10-02 10:56:22.167756,SW2,Gi0/2,40.75,50.79,46.56,11.95,0.25,1.6,5,0,UP
2026-10-02 10:56:22.167756,SW2,Gi0/10,38.82,43.44,46.5,10.3,0.27,3.1,1,0,UP
2026-10-02 10:56:22.167756,SW2,Gi0/11,41.66,41.22,48.63,10.23,0.14,1.45,4,0,UP
2026-10-02 10:57:22.167756,R1,Gi0/1,45.04,50.12,38.08,15.18,0.12,0.92,3,0,UP
2026-10-02 10:57:22.167756,R1,Gi0/2,34.48,54.94,41.95,13.21,0.34,1.4,1,0,UP
2026-10-02 10:57:22.167756,SW1,Gi0/1,39.62,57.69,39.73,10.81,0.25,1.71,3,0,UP
2026-10-02 10:57:22.167756,SW1,Gi0/10,32.24,61.07,34.22,11.36,0.2,2.96,0,0,UP
2026-10-02 10:57:22.167756,SW1,Gi0/11,49.92,53.79,48.34,10.03,0.26,1.64,5,0,UP
2026-10-02 10:57:22.167756,SW2,Gi0/2,35.14,49.43,40.56,10.02,0.27,2.27,5,0,UP
2026-10-02 10:57:22.167756,SW2,Gi0/10,31.1,55.32,65.04,11.1,0.39,1.87,0,0,UP
2026-10-02 10:57:22.167756,SW2,Gi0/11,38.47,55.24,38.29,10.8,0.26,2.0,4,0,UP
2026-10-02 10:58:22.167756,R1,Gi0/1,41.19,52.4,41.54,12.46,0.11,2.64,1,0,UP
2026-10-02 10:58:22.167756,R1,Gi0/2,45.64,48.83,46.62,11.01,0.1,1.13,0,0,UP
2026-10-02 10:58:22.167756,SW1,Gi0/1,38.38,51.06,53.08,11.11,0.11,1.28,3,0,UP
2026-10-02 10:58:22.167756,SW1,Gi0/10,46.92,56.33,50.68,13.28,0.37,2.17,4,0,UP
2026-10-02 10:58:22.167756,SW1,Gi0/11,38.4,43.19,39.53,11.98,0.21,2.96,3,0,UP
2026-10-02 10:58:22.167756,SW2,Gi0/2,45.89,47.82,42.51,9.34,0.13,2.26,3,0,UP
2026-10-02 10:58:22.167756,SW2,Gi0/10,44.71,50.91,42.18,16.3,0.19,2.58,2,0,UP
2026-10-02 10:58:22.167756,SW2,Gi0/11,43.55,54.64,46.67,7.29,0.2,2.62,4,0,UP
2026-10-02 10:59:22.167756,R1,Gi0/1,42.23,41.39,39.24,12.82,0.24,2.61,2,0,UP
2026-10-02 10:59:22.167756,R1,Gi0/2,42.03,50.08,37.1,7.49,0.24,2.09,1,0,UP
2026-10-02 10:59:22.167756,SW1,Gi0/1,31.9,53.15,42.87,13.11,0.39,0.93,1,0,UP
2026-10-02 10:59:22.167756,SW1,Gi0/10,38.95,57.27,31.91,15.87,0.21,1.95,2,0,UP
2026-10-02 10:59:22.167756,SW1,Gi0/11,37.82,55.24,36.45,12.69,0.16,1.62,8,0,UP
2026-10-02 10:59:22.167756,SW2,Gi0/2,42.1,53.07,54.1,9.16,0.38,0.75,1,0,UP
2026-10-02 10:59:22.167756,SW2,Gi0/10,37.7,52.91,46.75,11.67,0.2,1.51,0,0,UP
2026-10-02 10:59:22.167756,SW2,Gi0/11,43.63,53.47,57.68,10.42,0.27,1.86,5,0,UP
2026-10-02 11:00:22.167756,R1,Gi0/1,45.11,51.06,42.28,13.92,0.26,1.66,0,0,UP
2026-10-02 11:00:22.167756,R1,Gi0/2,38.56,57.58,54.17,9.78,0.08,2.64,0,0,UP
2026-10-02 11:00:22.167756,SW1,Gi0/1,42.55,46.92,57.94,10.46,0.31,2.09,3,0,UP
2026-10-02 11:00:22.167756,SW1,Gi0/10,30.15,38.99,43.24,12.49,0.09,1.46,4,0,UP
2026-10-02 11:00:22.167756,SW1,Gi0/11,42.81,49.31,51.24,9.65,0.16,2.82,3,0,UP
2026-10-02 11:00:22.167756,SW2,Gi0/2,40.63,61.53,33.81,13.59,0.37,1.84,4,0,UP
2026-10-02 11:00:22.167756,SW2,Gi0/10,35.09,46.57,48.08,13.6,0.31,2.78,2,0,UP
2026-10-02 11:00:22.167756,SW2,Gi0/11,45.97,48.29,52.22,12.41,0.24,2.21,0,0,UP
2026-10-02 11:01:22.167756,R1,Gi0/1,34.38,50.51,31.5,13.66,0.29,2.16,0,0,UP
2026-10-02 11:01:22.167756,R1,Gi0/2,46.9,60.19,46.18,13.02,0.22,2.27,2,0,UP
2026-10-02 11:01:22.167756,SW1,Gi0/1,39.83,54.53,63.76,9.2,0.19,1.41,6,0,UP
2026-10-02 11:01:22.167756,SW1,Gi0/10,37.06,42.78,50.11,15.49,0.27,2.1,3,0,UP
2026-10-02 11:01:22.167756,SW1,Gi0/11,47.07,45.63,44.11,11.09,0.08,1.84,5,0,UP
2026-10-02 11:01:22.167756,SW2,Gi0/2,42.83,53.22,46.17,13.05,0.12,1.85,3,0,UP
2026-10-02 11:01:22.167756,SW2,Gi0/10,41.39,51.6,43.89,11.25,0.52,2.45,3,0,UP
2026-10-02 11:01:22.167756,SW2,Gi0/11,38.83,47.74,43.95,12.59,0.01,1.22,1,0,UP
2026-10-02 11:02:22.167756,R1,Gi0/1,41.04,48.8,56.82,9.04,0.12,2.76,3,0,UP
2026-10-02 11:02:22.167756,R1,Gi0/2,44.42,60.26,39.45,11.8,0.17,1.02,2,0,UP
2026-10-02 11:02:22.167756,SW1,Gi0/1,44.41,52.7,49.95,11.25,0.13,2.63,2,0,UP
2026-10-02 11:02:22.167756,SW1,Gi0/10,41.47,50.82,56.69,13.94,0.07,1.41,4,0,UP
2026-10-02 11:02:22.167756,SW1,Gi0/11,39.68,47.72,53.13,12.37,0.21,2.39,2,0,UP
2026-10-02 11:02:22.167756,SW2,Gi0/2,47.84,46.06,50.26,14.87,0.06,1.83,5,0,UP
2026-10-02 11:02:22.167756,SW2,Gi0/10,45.79,49.14,39.12,13.91,0.32,1.42,0,0,UP
2026-10-02 11:02:22.167756,SW2,Gi0/11,41.13,53.15,42.61,13.36,0.13,0.94,2,0,UP
2026-10-02 11:03:22.167756,R1,Gi0/1,40.32,48.62,35.73,8.37,0.15,2.45,5,0,UP
2026-10-02 11:03:22.167756,R1,Gi0/2,45.94,45.92,35.77,12.99,0.26,2.2,0,0,UP
2026-10-02 11:03:22.167756,SW1,Gi0/1,35.67,49.85,48.9,13.53,0.21,2.17,3,0,UP
2026-10-02 11:03:22.167756,SW1,Gi0/10,43.43,51.56,45.53,11.46,0.21,2.24,3,0,UP
2026-10-02 11:03:22.167756,SW1,Gi0/11,41.9,56.71,47.12,10.7,0.29,1.32,0,0,UP
2026-10-02 11:03:22.167756,SW2,Gi0/2,41.68,52.58,35.04,11.23,0.14,1.76,4,0,UP
2026-10-02 11:03:22.167756,SW2,Gi0/10,43.53,49.9,40.63,9.3,0.34,2.3,1,0,UP
2026-10-02 11:03:22.167756,SW2,Gi0/11,43.6,49.65,42.7,12.87,0.13,1.83,3,0,UP
2026-10-02 11:04:22.167756,R1,Gi0/1,37.5,53.35,59.95,10.49,0.03,1.0,2,0,UP
2026-10-02 11:04:22.167756,R1,Gi0/2,36.68,51.04,46.06,8.79,0.02,2.15,3,0,UP
2026-10-02 11:04:22.167756,SW1,Gi0/1,37.87,41.71,48.77,14.54,0.23,1.58,3,0,UP
2026-10-02 11:04:22.167756,SW1,Gi0/10,33.17,55.29,45.65,8.46,0.17,2.23,2,0,UP
2026-10-02 11:04:22.167756,SW1,Gi0/11,38.62,43.88,49.53,10.7,0.0,1.81,4,0,UP
2026-10-02 11:04:22.167756,SW2,Gi0/2,38.07,58.69,48.43,12.68,0.19,1.97,2,0,UP
2026-10-02 11:04:22.167756,SW2,Gi0/10,38.49,52.65,37.51,9.85,0.09,3.02,4,0,UP
2026-10-02 11:04:22.167756,SW2,Gi0/11,41.52,44.71,49.99,11.77,0.22,1.51,3,0,UP
2026-10-02 11:05:22.167756,R1,Gi0/1,37.88,46.17,50.87,8.92,0.26,2.34,1,0,UP
2026-10-02 11:05:22.167756,R1,Gi0/2,35.9,48.88,47.26,11.69,0.24,2.88,1,0,UP
2026-10-02 11:05:22.167756,SW1,Gi0/1,31.42,54.13,58.47,12.79,0.09,1.94,0,0,UP
2026-10-02 11:05:22.167756,SW1,Gi0/10,43.21,43.24,42.6,9.99,0.21,1.82,3,0,UP
2026-10-02 11:05:22.167756,SW1,Gi0/11,40.11,45.07,50.02,11.9,0.1,3.12,3,0,UP
2026-10-02 11:05:22.167756,SW2,Gi0/2,39.23,57.08,59.73,11.71,0.23,1.51,2,0,UP
2026-10-02 11:05:22.167756,SW2,Gi0/10,39.0,50.92,47.66,13.12,0.22,1.39,1,0,UP
2026-10-02 11:05:22.167756,SW2,Gi0/11,37.27,48.59,53.41,9.67,0.16,2.48,2,0,UP
2026-10-02 11:06:22.167756,R1,Gi0/1,42.3,49.3,47.05,11.54,0.27,1.23,2,0,UP
2026-10-02 11:06:22.167756,R1,Gi0/2,41.48,52.67,56.94,11.22,0.35,1.67,5,0,UP
2026-10-02 11:06:22.167756,SW1,Gi0/1,44.09,45.43,47.46,11.9,0.26,1.89,2,0,UP
2026-10-02 11:06:22.167756,SW1,Gi0/10,46.85,49.51,51.61,11.55,0.37,1.66,1,0,UP
2026-10-02 11:06:22.167756,SW1,Gi0/11,47.62,47.78,57.81,13.78,0.18,1.09,2,0,UP
2026-10-02 11:06:22.167756,SW2,Gi0/2,40.51,55.84,57.71,10.63,0.28,2.38,5,0,UP
2026-10-02 11:06:22.167756,SW2,Gi0/10,42.49,40.29,43.76,9.69,0.18,2.49,3,0,UP
2026-10-02 11:06:22.167756,SW2,Gi0/11,45.74,51.71,34.61,6.96,0.21,1.89,1,0,UP
2026-10-02 11:07:22.167756,R1,Gi0/1,31.5,46.33,43.44,13.33,0.22,2.8,0,0,UP
2026-10-02 11:07:22.167756,R1,Gi0/2,44.41,50.24,50.56,11.13,0.31,2.15,1,0,UP
2026-10-02 11:07:22.167756,SW1,Gi0/1,39.94,48.8,48.91,9.64,0.2,2.2,3,0,UP
2026-10-02 11:07:22.167756,SW1,Gi0/10,46.73,53.87,44.94,12.43,0.23,2.2,0,0,UP
2026-10-02 11:07:22.167756,SW1,Gi0/11,38.49,42.58,55.23,11.88,0.18,2.45,3,0,UP
2026-10-02 11:07:22.167756,SW2,Gi0/2,34.36,49.65,42.32,8.51,0.13,1.91,2,0,UP
2026-10-02 11:07:22.167756,SW2,Gi0/10,32.59,55.76,44.18,12.08,0.24,1.61,3,0,UP
2026-10-02 11:07:22.167756,SW2,Gi0/11,38.16,45.52,49.59,14.98,0.27,2.46,1,0,UP
2026-10-02 11:08:22.167756,R1,Gi0/1,32.01,57.45,61.44,15.09,0.17,1.42,0,0,UP
2026-10-02 11:08:22.167756,R1,Gi0/2,31.58,49.46,57.85,11.72,0.23,2.69,2,0,UP
2026-10-02 11:08:22.167756,SW1,Gi0/1,50.18,59.96,43.95,10.84,0.27,1.83,0,0,UP
2026-10-02 11:08:22.167756,SW1,Gi0/10,46.41,56.08,46.24,9.47,0.08,2.05,2,0,UP
2026-10-02 11:08:22.167756,SW1,Gi0/11,38.29,55.11,50.87,14.76,0.1,1.83,4,0,UP
2026-10-02 11:08:22.167756,SW2,Gi0/2,42.24,57.66,48.36,15.7,0.25,2.53,2,0,UP
2026-10-02 11:08:22.167756,SW2,Gi0/10,40.07,54.55,57.9,13.46,0.19,2.69,0,0,UP
2026-10-02 11:08:22.167756,SW2,Gi0/11,32.89,53.41,45.11,13.21,0.21,2.29,1,0,UP
2026-10-02 11:09:22.167756,R1,Gi0/1,42.85,54.97,54.76,16.03,0.22,2.14,0,0,UP
2026-10-02 11:09:22.167756,R1,Gi0/2,37.34,49.03,53.4,10.78,0.28,2.0,2,0,UP
2026-10-02 11:09:22.167756,SW1,Gi0/1,41.24,48.04,41.57,8.59,0.18,1.76,1,0,UP
2026-10-02 11:09:22.167756,SW1,Gi0/10,42.08,53.29,46.86,13.99,0.26,1.85,2,0,UP
2026-10-02 11:09:22.167756,SW1,Gi0/11,41.56,52.87,56.18,14.38,0.15,1.95,4,0,UP
2026-10-02 11:09:22.167756,SW2,Gi0/2,45.34,54.69,44.49,9.49,0.1,2.14,3,0,UP
2026-10-02 11:09:22.167756,SW2,Gi0/10,34.51,50.22,50.05,9.7,0.31,1.81,5,0,UP
2026-10-02 11:09:22.167756,SW2,Gi0/11,37.33,44.87,41.33,11.81,0.16,1.89,3,0,UP
2026-10-02 11:10:22.167756,R1,Gi0/1,39.14,49.67,31.33,12.78,0.19,2.81,1,0,UP
2026-10-02 11:10:22.167756,R1,Gi0/2,30.96,53.09,47.77,9.98,0.05,2.77,5,0,UP
2026-10-02 11:10:22.167756,SW1,Gi0/1,27.56,47.71,58.31,11.05,0.15,1.86,0,0,UP
2026-10-02 11:10:22.167756,SW1,Gi0/10,31.48,55.26,30.26,12.49,0.29,1.27,1,0,UP
2026-10-02 11:10:22.167756,SW1,Gi0/11,46.07,52.66,40.06,14.4,0.32,2.13,1,0,UP
2026-10-02 11:10:22.167756,SW2,Gi0/2,37.93,51.43,43.49,13.88,0.05,1.25,3,0,UP
2026-10-02 11:10:22.167756,SW2,Gi0/10,37.54,46.86,30.86,12.04,0.19,2.33,3,0,UP
2026-10-02 11:10:22.167756,SW2,Gi0/11,39.34,55.89,34.5,13.07,0.03,1.58,0,0,UP
2026-10-02 11:11:22.167756,R1,Gi0/1,43.91,49.67,44.89,9.79,0.17,1.62,3,0,UP
2026-10-02 11:11:22.167756,R1,Gi0/2,35.04,56.65,31.6,10.39,0.37,1.78,0,0,UP
2026-10-02 11:11:22.167756,SW1,Gi0/1,41.1,47.62,38.31,9.81,0.48,1.87,0,0,UP
2026-10-02 11:11:22.167756,SW1,Gi0/10,47.47,53.06,38.87,10.13,0.27,1.88,0,0,UP
2026-10-02 11:11:22.167756,SW1,Gi0/11,48.94,47.83,56.96,14.56,0.1,2.52,1,0,UP
2026-10-02 11:11:22.167756,SW2,Gi0/2,30.67,47.88,48.18,11.07,0.17,2.57,3,0,UP
2026-10-02 11:11:22.167756,SW2,Gi0/10,35.78,53.51,46.58,6.96,0.24,2.2,3,0,UP
2026-10-02 11:11:22.167756,SW2,Gi0/11,44.46,46.64,47.69,8.87,0.24,2.98,1,0,UP
2026-10-02 11:12:22.167756,R1,Gi0/1,36.2,46.45,46.04,9.87,0.24,2.42,4,0,UP
2026-10-02 11:12:22.167756,R1,Gi0/2,31.16,54.98,52.5,13.66,0.24,2.11,5,0,UP
2026-10-02 11:12:22.167756,SW1,Gi0/1,49.62,45.23,53.63,11.83,0.19,1.23,2,0,UP
2026-10-02 11:12:22.167756,SW1,Gi0/10,35.01,47.68,36.21,11.1,0.16,2.05,0,0,UP
2026-10-02 11:12:22.167756,SW1,Gi0/11,32.77,51.81,38.62,14.15,0.22,2.3,5,0,UP
2026-10-02 11:12:22.167756,SW2,Gi0/2,38.45,47.13,51.97,13.02,0.18,2.7,2,0,UP
2026-10-02 11:12:22.167756,SW2,Gi0/10,40.16,50.11,37.52,12.16,0.34,2.22,3,0,UP
2026-10-02 11:12:22.167756,SW2,Gi0/11,39.19,51.65,51.0,13.22,0.17,2.16,3,0,UP
2026-10-02 11:13:22.167756,R1,Gi0/1,34.96,50.84,27.71,12.97,0.27,2.37,2,0,UP
2026-10-02 11:13:22.167756,R1,Gi0/2,41.55,57.12,56.31,11.94,0.21,2.56,0,0,UP
2026-10-02 11:13:22.167756,SW1,Gi0/1,38.38,56.68,52.8,12.74,0.05,1.98,1,0,UP
2026-10-02 11:13:22.167756,SW1,Gi0/10,41.66,45.95,36.79,7.87,0.32,1.8,3,0,UP
2026-10-02 11:13:22.167756,SW1,Gi0/11,39.99,44.66,34.93,9.99,0.13,2.18,1,0,UP
2026-10-02 11:13:22.167756,SW2,Gi0/2,48.73,55.14,51.47,11.76,0.35,1.89,2,0,UP
2026-10-02 11:13:22.167756,SW2,Gi0/10,40.85,53.51,50.1,11.05,0.15,2.32,4,0,UP
2026-10-02 11:13:22.167756,SW2,Gi0/11,38.03,42.06,43.34,13.25,0.38,1.4,2,0,UP
2026-10-02 11:14:22.167756,R1,Gi0/1,38.05,56.78,44.72,10.19,0.26,1.8,0,0,UP
2026-10-02 11:14:22.167756,R1,Gi0/2,35.54,58.67,48.07,12.22,0.18,2.15,3,0,UP
2026-10-02 11:14:22.167756,SW1,Gi0/1,41.46,50.57,51.95,12.05,0.1,1.69,0,0,UP
2026-10-02 11:14:22.167756,SW1,Gi0/10,50.13,54.31,38.36,11.44,0.14,2.77,0,0,UP
2026-10-02 11:14:22.167756,SW1,Gi0/11,40.57,49.46,51.61,11.79,0.02,1.87,1,0,UP
2026-10-02 11:14:22.167756,SW2,Gi0/2,40.4,57.17,31.08,10.4,0.14,1.81,4,0,UP
2026-10-02 11:14:22.167756,SW2,Gi0/10,39.13,52.08,39.99,12.46,0.28,1.63,4,0,UP
2026-10-02 11:14:22.167756,SW2,Gi0/11,40.26,55.23,43.39,12.76,0.2,1.95,3,0,UP
2026-10-02 11:15:22.167756,R1,Gi0/1,42.68,43.75,56.47,8.28,0.13,1.95,3,0,UP
2026-10-02 11:15:22.167756,R1,Gi0/2,47.88,40.71,40.94,7.75,0.2,2.14,6,0,UP
2026-10-02 11:15:22.167756,SW1,Gi0/1,40.6,55.22,49.67,11.13,0.06,2.14,0,0,UP
2026-10-02 11:15:22.167756,SW1,Gi0/10,46.48,49.19,54.56,11.04,0.23,2.1,2,0,UP
2026-10-02 11:15:22.167756,SW1,Gi0/11,37.84,51.96,37.59,9.58,0.32,2.36,3,0,UP
2026-10-02 11:15:22.167756,SW2,Gi0/2,48.33,48.66,55.58,12.35,0.1,2.92,4,0,UP
2026-10-02 11:15:22.167756,SW2,Gi0/10,39.39,53.64,41.77,13.66,0.0,1.49,4,0,UP
2026-10-02 11:15:22.167756,SW2,Gi0/11,38.75,51.04,34.23,15.7,0.32,1.9,2,0,UP
2026-10-02 11:16:22.167756,R1,Gi0/1,45.15,59.91,52.63,16.34,0.11,1.59,0,0,UP
2026-10-02 11:16:22.167756,R1,Gi0/2,42.21,50.88,43.78,13.62,0.32,1.24,1,0,UP
2026-10-02 11:16:22.167756,SW1,Gi0/1,44.1,47.66,38.61,14.04,0.07,1.85,3,0,UP
2026-10-02 11:16:22.167756,SW1,Gi0/10,37.13,53.92,40.45,14.82,0.19,2.34,4,0,UP
2026-10-02 11:16:22.167756,SW1,Gi0/11,36.86,39.73,47.89,12.14,0.26,1.89,2,0,UP
2026-10-02 11:16:22.167756,SW2,Gi0/2,50.04,42.64,50.87,10.85,0.17,1.84,1,0,UP
2026-10-02 11:16:22.167756,SW2,Gi0/10,42.86,56.95,48.76,12.21,0.1,2.26,7,0,UP
2026-10-02 11:16:22.167756,SW2,Gi0/11,38.1,48.12,40.51,11.02,0.0,2.2,1,0,UP
2026-10-02 11:17:22.167756,R1,Gi0/1,31.95,53.77,36.34,11.32,0.35,1.3,0,0,UP
2026-10-02 11:17:22.167756,R1,Gi0/2,41.35,55.75,32.41,12.82,0.26,0.97,4,0,UP
2026-10-02 11:17:22.167756,SW1,Gi0/1,44.38,48.44,55.02,14.27,0.21,1.77,1,0,UP
2026-10-02 11:17:22.167756,SW1,Gi0/10,39.81,52.85,42.41,7.6,0.33,2.1,2,0,UP
2026-10-02 11:17:22.167756,SW1,Gi0/11,44.29,57.62,22.58,12.87,0.06,2.25,3,0,UP
2026-10-02 11:17:22.167756,SW2,Gi0/2,43.18,47.5,30.01,11.1,0.24,2.51,0,0,UP
2026-10-02 11:17:22.167756,SW2,Gi0/10,45.14,46.76,47.9,10.98,0.22,2.45,0,0,UP
2026-10-02 11:17:22.167756,SW2,Gi0/11,36.6,50.92,64.21,10.27,0.4,3.0,2,0,UP
2026-10-02 11:18:22.167756,R1,Gi0/1,38.51,46.54,44.45,9.19,0.19,2.75,1,0,UP
2026-10-02 11:18:22.167756,R1,Gi0/2,38.8,41.49,47.99,12.53,0.21,1.89,2,0,UP
2026-10-02 11:18:22.167756,SW1,Gi0/1,42.51,49.86,47.52,12.43,0.31,2.34,3,0,UP
2026-10-02 11:18:22.167756,SW1,Gi0/10,47.59,52.1,55.44,13.21,0.02,2.65,3,0,UP
2026-10-02 11:18:22.167756,SW1,Gi0/11,39.74,51.41,42.24,12.45,0.14,2.64,2,0,UP
2026-10-02 11:18:22.167756,SW2,Gi0/2,38.09,45.38,47.15,12.37,0.24,1.49,0,0,UP
2026-10-02 11:18:22.167756,SW2,Gi0/10,43.13,57.42,36.79,15.18,0.23,2.0,2,0,UP
2026-10-02 11:18:22.167756,SW2,Gi0/11,33.08,54.94,38.8,10.44,0.3,1.06,0,0,UP
2026-10-02 11:19:22.167756,R1,Gi0/1,39.91,51.47,48.88,11.4,0.45,1.89,2,0,UP
2026-10-02 11:19:22.167756,R1,Gi0/2,36.02,50.62,49.92,14.41,0.05,1.88,3,0,UP
2026-10-02 11:19:22.167756,SW1,Gi0/1,42.94,50.03,49.34,10.38,0.36,2.5,0,0,UP
2026-10-02 11:19:22.167756,SW1,Gi0/10,34.62,44.77,50.42,9.43,0.17,2.23,2,0,UP
2026-10-02 11:19:22.167756,SW1,Gi0/11,41.29,44.67,49.76,10.77,0.17,2.12,3,0,UP
2026-10-02 11:19:22.167756,SW2,Gi0/2,40.12,46.25,42.6,12.0,0.06,1.77,3,0,UP
2026-10-02 11:19:22.167756,SW2,Gi0/10,33.61,55.78,55.16,9.51,0.34,1.93,3,0,UP
2026-10-02 11:19:22.167756,SW2,Gi0/11,37.52,54.62,48.25,10.37,0.08,1.27,3,0,UP
2026-10-02 11:20:22.167756,R1,Gi0/1,42.86,53.25,44.06,9.69,0.13,2.58,2,0,UP
2026-10-02 11:20:22.167756,R1,Gi0/2,40.72,44.62,47.69,11.08,0.3,2.39,2,0,UP
2026-10-02 11:20:22.167756,SW1,Gi0/1,39.37,47.24,33.64,10.29,0.22,2.16,3,0,UP
2026-10-02 11:20:22.167756,SW1,Gi0/10,38.49,54.67,45.51,13.41,0.02,0.04,3,0,UP
2026-10-02 11:20:22.167756,SW1,Gi0/11,32.88,48.94,42.58,15.17,0.24,2.08,4,0,UP
2026-10-02 11:20:22.167756,SW2,Gi0/2,41.84,47.71,53.57,9.78,0.23,1.23,3,0,UP
2026-10-02 11:20:22.167756,SW2,Gi0/10,40.96,58.38,32.48,10.8,0.28,2.17,3,0,UP
2026-10-02 11:20:22.167756,SW2,Gi0/11,35.22,47.05,54.96,11.9,0.24,1.94,0,0,UP
2026-10-02 11:21:22.167756,R1,Gi0/1,44.67,52.52,63.45,9.97,0.28,1.34,3,0,UP
2026-10-02 11:21:22.167756,R1,Gi0/2,44.88,39.64,43.36,10.87,0.13,2.19,5,0,UP
2026-10-02 11:21:22.167756,SW1,Gi0/1,39.33,51.03,45.91,12.0,0.09,2.55,3,0,UP
2026-10-02 11:21:22.167756,SW1,Gi0/10,41.97,45.97,41.33,11.65,0.05,1.16,1,0,UP
2026-10-02 11:21:22.167756,SW1,Gi0/11,42.61,46.73,36.85,10.37,0.15,1.82,7,0,UP
2026-10-02 11:21:22.167756,SW2,Gi0/2,45.27,55.12,54.35,10.0,0.08,1.45,5,0,UP
2026-10-02 11:21:22.167756,SW2,Gi0/10,37.26,43.74,41.55,11.52,0.23,2.13,1,0,UP
2026-10-02 11:21:22.167756,SW2,Gi0/11,43.43,46.8,43.75,13.37,0.14,1.72,4,0,UP
2026-10-02 11:22:22.167756,R1,Gi0/1,35.71,48.08,49.45,16.11,0.26,2.24,4,0,UP
2026-10-02 11:22:22.167756,R1,Gi0/2,34.63,50.58,44.76,12.64,0.21,2.19,2,0,UP
2026-10-02 11:22:22.167756,SW1,Gi0/1,40.29,43.86,42.44,14.78,0.23,1.99,6,0,UP
2026-10-02 11:22:22.167756,SW1,Gi0/10,33.2,44.45,58.7,12.09,0.18,1.4,3,0,UP
2026-10-02 11:22:22.167756,SW1,Gi0/11,42.72,44.53,43.88,11.33,0.23,1.44,5,0,UP
2026-10-02 11:22:22.167756,SW2,Gi0/2,44.58,48.18,43.27,11.73,0.12,1.78,2,0,UP
2026-10-02 11:22:22.167756,SW2,Gi0/10,48.06,54.73,52.48,12.74,0.09,1.98,4,0,UP
2026-10-02 11:22:22.167756,SW2,Gi0/11,33.71,53.18,63.58,14.12,0.34,2.11,4,0,UP
2026-10-02 11:23:22.167756,R1,Gi0/1,36.41,53.98,50.24,12.58,0.33,1.73,2,0,UP
2026-10-02 11:23:22.167756,R1,Gi0/2,40.48,44.85,46.82,8.56,0.3,2.02,1,0,UP
2026-10-02 11:23:22.167756,SW1,Gi0/1,35.83,48.83,50.51,13.1,0.13,1.58,4,0,UP
2026-10-02 11:23:22.167756,SW1,Gi0/10,36.39,50.3,45.99,12.62,0.29,1.37,0,0,UP
2026-10-02 11:23:22.167756,SW1,Gi0/11,37.16,59.01,61.18,15.66,0.18,1.11,0,0,UP
2026-10-02 11:23:22.167756,SW2,Gi0/2,36.93,49.01,55.41,13.74,0.22,1.56,1,0,UP
2026-10-02 11:23:22.167756,SW2,Gi0/10,41.27,53.49,48.14,9.93,0.27,2.21,0,0,UP
2026-10-02 11:23:22.167756,SW2,Gi0/11,36.08,53.44,43.12,15.18,0.25,1.76,2,0,UP
2026-10-02 11:24:22.167756,R1,Gi0/1,40.32,46.36,37.7,13.4,0.28,2.3,6,0,UP
2026-10-02 11:24:22.167756,R1,Gi0/2,37.29,58.37,37.79,9.97,0.02,1.78,1,0,UP
2026-10-02 11:24:22.167756,SW1,Gi0/1,42.63,51.22,35.46,11.21,0.16,1.11,1,0,UP
2026-10-02 11:24:22.167756,SW1,Gi0/10,36.15,57.17,46.53,13.32,0.05,2.6,5,0,UP
2026-10-02 11:24:22.167756,SW1,Gi0/11,30.01,46.47,48.97,13.29,0.13,1.85,1,0,UP
2026-10-02 11:24:22.167756,SW2,Gi0/2,40.55,55.99,38.83,14.0,0.12,1.58,4,0,UP
2026-10-02 11:24:22.167756,SW2,Gi0/10,44.61,54.26,34.47,11.07,0.28,2.02,0,0,UP
2026-10-02 11:24:22.167756,SW2,Gi0/11,42.29,46.43,59.36,15.09,0.26,2.68,3,0,UP
2026-10-02 11:25:22.167756,R1,Gi0/1,43.83,57.39,46.96,11.49,0.03,1.96,4,0,UP
2026-10-02 11:25:22.167756,R1,Gi0/2,44.73,52.52,40.67,8.05,0.15,1.85,2,0,UP
2026-10-02 11:25:22.167756,SW1,Gi0/1,43.09,59.93,45.99,11.57,0.17,2.06,1,0,UP
2026-10-02 11:25:22.167756,SW1,Gi0/10,40.6,52.25,46.68,12.92,0.24,1.11,4,0,UP
2026-10-02 11:25:22.167756,SW1,Gi0/11,36.64,44.52,36.16,12.87,0.18,1.16,3,0,UP
2026-10-02 11:25:22.167756,SW2,Gi0/2,32.8,50.7,46.91,13.77,0.38,1.32,2,0,UP
2026-10-02 11:25:22.167756,SW2,Gi0/10,38.62,52.17,46.73,11.29,0.16,1.44,4,0,UP
2026-10-02 11:25:22.167756,SW2,Gi0/11,42.3,54.59,42.52,10.69,0.09,2.18,0,0,UP
2026-10-02 11:26:22.167756,R1,Gi0/1,49.24,43.46,47.19,15.13,0.26,2.09,1,0,UP
2026-10-02 11:26:22.167756,R1,Gi0/2,33.09,53.85,57.05,11.12,0.09,0.77,1,0,UP
2026-10-02 11:26:22.167756,SW1,Gi0/1,39.43,58.0,50.39,12.61,0.16,1.71,5,0,UP
2026-10-02 11:26:22.167756,SW1,Gi0/10,41.0,39.49,39.61,10.28,0.15,2.28,2,0,UP
2026-10-02 11:26:22.167756,SW1,Gi0/11,39.62,56.57,39.43,15.73,0.13,2.04,2,0,UP
2026-10-02 11:26:22.167756,SW2,Gi0/2,40.62,52.22,48.47,10.49,0.09,3.25,2,0,UP
2026-10-02 11:26:22.167756,SW2,Gi0/10,43.5,41.96,42.76,11.75,0.25,0.64,3,0,UP
2026-10-02 11:26:22.167756,SW2,Gi0/11,34.25,51.62,36.71,10.29,0.17,1.47,2,0,UP
2026-10-02 11:27:22.167756,R1,Gi0/1,34.03,40.83,53.14,9.41,0.18,2.38,1,0,UP
2026-10-02 11:27:22.167756,R1,Gi0/2,35.87,51.13,53.94,9.66,0.18,1.13,2,0,UP
2026-10-02 11:27:22.167756,SW1,Gi0/1,40.17,45.73,41.34,9.18,0.21,2.53,0,0,UP
2026-10-02 11:27:22.167756,SW1,Gi0/10,36.89,52.51,54.7,9.01,0.18,2.14,2,0,UP
2026-10-02 11:27:22.167756,SW1,Gi0/11,27.62,52.51,57.15,12.23,0.1,1.74,6,0,UP
2026-10-02 11:27:22.167756,SW2,Gi0/2,44.55,53.2,47.85,10.68,0.18,1.96,4,0,UP
2026-10-02 11:27:22.167756,SW2,Gi0/10,47.54,55.59,33.64,12.45,0.27,2.31,1,0,UP
2026-10-02 11:27:22.167756,SW2,Gi0/11,54.57,43.61,36.33,12.47,0.41,1.58,2,0,UP
2026-10-02 11:28:22.167756,R1,Gi0/1,45.39,49.91,42.32,13.13,0.23,2.52,5,0,UP
2026-10-02 11:28:22.167756,R1,Gi0/2,41.54,51.46,46.71,12.98,0.21,2.0,5,0,UP
2026-10-02 11:28:22.167756,SW1,Gi0/1,47.58,42.46,45.08,10.62,0.17,2.2,4,0,UP
2026-10-02 11:28:22.167756,SW1,Gi0/10,39.44,40.43,37.28,13.79,0.0,2.59,4,0,UP
2026-10-02 11:28:22.167756,SW1,Gi0/11,46.58,49.01,28.51,12.86,0.33,2.46,1,0,UP
2026-10-02 11:28:22.167756,SW2,Gi0/2,40.43,47.34,38.45,13.91,0.08,1.55,0,0,UP
2026-10-02 11:28:22.167756,SW2,Gi0/10,32.55,50.73,54.29,11.63,0.05,2.42,6,0,UP
2026-10-02 11:28:22.167756,SW2,Gi0/11,36.77,47.61,49.13,15.24,0.15,1.33,4,0,UP
2026-10-02 11:29:22.167756,R1,Gi0/1,44.0,50.03,40.53,13.99,0.25,1.62,3,0,UP
2026-10-02 11:29:22.167756,R1,Gi0/2,33.24,53.43,42.9,11.13,0.2,2.02,4,0,UP
2026-10-02 11:29:22.167756,SW1,Gi0/1,42.96,49.22,51.11,12.8,0.16,1.94,2,0,UP
2026-10-02 11:29:22.167756,SW1,Gi0/10,42.53,48.16,41.88,15.94,0.29,1.62,4,0,UP
2026-10-02 11:29:22.167756,SW1,Gi0/11,40.59,51.96,46.1,14.38,0.23,1.97,5,0,UP
2026-10-02 11:29:22.167756,SW2,Gi0/2,41.17,50.61,47.51,11.81,0.2,1.71,1,0,UP
2026-10-02 11:29:22.167756,SW2,Gi0/10,35.01,43.04,37.96,11.65,0.21,1.86,0,0,UP
2026-10-02 11:29:22.167756,SW2,Gi0/11,47.87,55.43,48.57,15.81,0.1,2.94,1,0,UP
2026-10-02 11:30:22.167756,R1,Gi0/1,41.19,43.63,45.12,12.77,0.18,2.36,3,0,UP
2026-10-02 11:30:22.167756,R1,Gi0/2,37.39,47.17,51.49,10.69,0.29,2.61,0,0,UP
2026-10-02 11:30:22.167756,SW1,Gi0/1,45.66,60.3,47.02,13.2,0.3,1.86,3,0,UP
2026-10-02 11:30:22.167756,SW1,Gi0/10,33.43,50.69,48.98,13.03,0.31,1.61,1,0,UP
2026-10-02 11:30:22.167756,SW1,Gi0/11,49.48,49.25,46.6,11.87,0.12,2.81,1,0,UP
2026-10-02 11:30:22.167756,SW2,Gi0/2,34.36,47.75,28.99,10.7,0.1,2.31,1,0,UP
2026-10-02 11:30:22.167756,SW2,Gi0/10,44.44,56.99,51.25,11.57,0.21,1.24,2,0,UP
2026-10-02 11:30:22.167756,SW2,Gi0/11,35.7,53.47,65.58,13.0,0.0,1.82,3,0,UP
2026-10-02 11:31:22.167756,R1,Gi0/1,40.44,46.35,46.96,9.51,0.11,2.32,0,0,UP
2026-10-02 11:31:22.167756,R1,Gi0/2,42.69,43.15,59.12,10.45,0.18,2.17,1,0,UP
2026-10-02 11:31:22.167756,SW1,Gi0/1,40.72,52.88,52.68,13.58,0.18,1.93,7,0,UP
2026-10-02 11:31:22.167756,SW1,Gi0/10,44.75,45.39,45.8,11.33,0.19,1.39,2,0,UP
2026-10-02 11:31:22.167756,SW1,Gi0/11,49.06,52.9,25.07,14.43,0.31,1.82,4,0,UP
2026-10-02 11:31:22.167756,SW2,Gi0/2,35.7,47.65,56.99,11.46,0.01,1.97,2,0,UP
2026-10-02 11:31:22.167756,SW2,Gi0/10,45.99,50.07,41.63,14.09,0.21,1.62,5,0,UP
2026-10-02 11:31:22.167756,SW2,Gi0/11,40.97,50.01,46.42,9.86,0.15,2.0,2,0,UP
2026-10-02 11:32:22.167756,R1,Gi0/1,46.36,51.09,51.84,12.02,0.31,2.2,3,0,UP
2026-10-02 11:32:22.167756,R1,Gi0/2,39.93,45.23,49.06,11.92,0.15,2.55,0,0,UP
2026-10-02 11:32:22.167756,SW1,Gi0/1,37.89,55.14,47.52,11.9,0.23,2.09,0,0,UP
2026-10-02 11:32:22.167756,SW1,Gi0/10,38.25,58.08,39.73,11.36,0.15,1.96,1,0,UP
2026-10-02 11:32:22.167756,SW1,Gi0/11,42.43,50.99,51.19,9.9,0.17,1.89,3,0,UP
2026-10-02 11:32:22.167756,SW2,Gi0/2,36.03,54.58,54.49,10.02,0.15,1.73,8,0,UP
2026-10-02 11:32:22.167756,SW2,Gi0/10,37.85,58.39,34.87,10.02,0.13,1.58,2,0,UP
2026-10-02 11:32:22.167756,SW2,Gi0/11,36.46,45.9,54.27,14.45,0.29,2.26,3,0,UP
2026-10-02 11:33:22.167756,R1,Gi0/1,37.51,45.23,47.9,9.65,0.1,2.58,6,0,UP
2026-10-02 11:33:22.167756,R1,Gi0/2,41.97,55.53,43.03,9.32,0.26,2.28,3,0,UP
2026-10-02 11:33:22.167756,SW1,Gi0/1,38.79,54.81,37.11,10.45,0.1,2.04,0,0,UP
2026-10-02 11:33:22.167756,SW1,Gi0/10,36.58,46.47,42.92,9.03,0.21,2.62,3,0,UP
2026-10-02 11:33:22.167756,SW1,Gi0/11,47.71,56.67,51.22,12.15,0.2,2.38,2,0,UP
2026-10-02 11:33:22.167756,SW2,Gi0/2,30.59,52.46,35.95,10.08,0.2,1.95,0,0,UP
2026-10-02 11:33:22.167756,SW2,Gi0/10,40.83,54.83,35.97,14.54,0.04,3.06,2,0,UP
2026-10-02 11:33:22.167756,SW2,Gi0/11,40.73,40.54,44.5,12.46,0.19,1.72,1,0,UP
2026-10-02 11:34:22.167756,R1,Gi0/1,45.65,50.15,57.33,10.95,0.16,2.41,0,0,UP
2026-10-02 11:34:22.167756,R1,Gi0/2,33.93,55.49,35.62,8.36,0.39,1.3,3,0,UP
2026-10-02 11:34:22.167756,SW1,Gi0/1,40.35,35.95,42.86,12.9,0.24,2.45,2,0,UP
2026-10-02 11:34:22.167756,SW1,Gi0/10,43.56,46.55,33.72,9.4,0.05,2.5,0,0,UP
2026-10-02 11:34:22.167756,SW1,Gi0/11,41.37,48.67,44.18,14.73,0.16,2.31,3,0,UP
2026-10-02 11:34:22.167756,SW2,Gi0/2,39.24,61.5,33.47,14.58,0.27,1.76,6,0,UP
2026-10-02 11:34:22.167756,SW2,Gi0/10,30.76,47.39,35.33,12.82,0.09,2.22,2,0,UP
2026-10-02 11:34:22.167756,SW2,Gi0/11,37.6,51.94,42.85,9.82,0.48,1.76,0,0,UP
2026-10-02 11:35:22.167756,R1,Gi0/1,35.79,43.66,51.61,12.64,0.24,1.81,2,0,UP
2026-10-02 11:35:22.167756,R1,Gi0/2,38.15,49.59,51.68,12.67,0.25,2.25,4,0,UP
2026-10-02 11:35:22.167756,SW1,Gi0/1,41.44,51.79,54.51,10.67,0.11,1.41,3,0,UP
2026-10-02 11:35:22.167756,SW1,Gi0/10,30.73,52.31,44.13,14.27,0.13,1.9,5,0,UP
2026-10-02 11:35:22.167756,SW1,Gi0/11,46.92,46.6,46.45,12.59,0.24,1.87,5,0,UP
2026-10-02 11:35:22.167756,SW2,Gi0/2,30.55,47.89,48.58,12.91,0.34,2.6,2,0,UP
2026-10-02 11:35:22.167756,SW2,Gi0/10,46.5,46.43,52.45,15.62,0.32,2.05,2,0,UP
2026-10-02 11:35:22.167756,SW2,Gi0/11,32.36,51.55,36.08,10.41,0.08,1.77,2,0,UP
2026-10-02 11:36:22.167756,R1,Gi0/1,41.37,47.0,53.55,11.58,0.12,2.11,6,0,UP
2026-10-02 11:36:22.167756,R1,Gi0/2,41.68,48.19,32.78,11.56,0.22,1.81,0,0,UP
2026-10-02 11:36:22.167756,SW1,Gi0/1,35.75,57.27,56.47,10.23,0.27,1.41,5,0,UP
2026-10-02 11:36:22.167756,SW1,Gi0/10,41.23,54.75,31.28,13.36,0.2,2.43,4,0,UP
2026-10-02 11:36:22.167756,SW1,Gi0/11,40.33,47.0,51.24,11.88,0.11,1.54,0,0,UP
2026-10-02 11:36:22.167756,SW2,Gi0/2,37.45,55.51,46.42,10.94,0.28,1.58,3,0,UP
2026-10-02 11:36:22.167756,SW2,Gi0/10,39.1,53.9,32.38,10.3,0.04,1.87,5,0,UP
2026-10-02 11:36:22.167756,SW2,Gi0/11,37.47,47.45,51.97,14.14,0.19,2.34,0,0,UP
2026-10-02 11:37:22.167756,R1,Gi0/1,46.89,60.74,49.17,7.83,0.14,2.31,2,0,UP
2026-10-02 11:37:22.167756,R1,Gi0/2,46.36,52.94,39.35,12.06,0.11,1.91,1,0,UP
2026-10-02 11:37:22.167756,SW1,Gi0/1,45.87,60.58,33.55,8.15,0.18,1.24,3,0,UP
2026-10-02 11:37:22.167756,SW1,Gi0/10,43.74,57.47,46.61,11.61,0.0,2.01,3,0,UP
2026-10-02 11:37:22.167756,SW1,Gi0/11,43.19,46.46,41.52,9.04,0.0,1.45,0,0,UP
2026-10-02 11:37:22.167756,SW2,Gi0/2,41.68,47.41,40.69,10.03,0.0,2.75,0,0,UP
2026-10-02 11:37:22.167756,SW2,Gi0/10,37.94,42.73,52.78,12.29,0.12,1.8,6,0,UP
2026-10-02 11:37:22.167756,SW2,Gi0/11,39.64,49.09,37.47,8.21,0.18,2.16,5,0,UP
2026-10-02 11:38:22.167756,R1,Gi0/1,28.76,44.37,40.35,11.99,0.19,1.94,3,0,UP
2026-10-02 11:38:22.167756,R1,Gi0/2,35.48,54.67,48.47,11.36,0.36,2.78,4,0,UP
2026-10-02 11:38:22.167756,SW1,Gi0/1,24.91,57.89,51.36,16.01,0.32,2.79,4,0,UP
2026-10-02 11:38:22.167756,SW1,Gi0/10,46.74,59.97,46.73,8.86,0.17,2.19,3,0,UP
2026-10-02 11:38:22.167756,SW1,Gi0/11,33.77,41.84,39.07,13.62,0.36,2.46,5,0,UP
2026-10-02 11:38:22.167756,SW2,Gi0/2,39.6,41.29,41.36,11.48,0.15,2.03,3,0,UP
2026-10-02 11:38:22.167756,SW2,Gi0/10,44.27,48.61,29.77,11.03,0.2,2.61,1,0,UP
2026-10-02 11:38:22.167756,SW2,Gi0/11,42.56,51.45,45.35,13.86,0.13,1.71,2,0,UP
2026-10-02 11:39:22.167756,R1,Gi0/1,36.8,52.54,39.29,12.45,0.19,2.11,2,0,UP
2026-10-02 11:39:22.167756,R1,Gi0/2,38.3,50.48,46.62,11.99,0.37,1.5,2,0,UP
2026-10-02 11:39:22.167756,SW1,Gi0/1,32.13,51.86,36.08,11.44,0.16,2.14,1,0,UP
2026-10-02 11:39:22.167756,SW1,Gi0/10,37.02,57.18,47.28,10.88,0.17,2.82,2,0,UP
2026-10-02 11:39:22.167756,SW1,Gi0/11,36.55,46.58,40.61,10.81,0.07,1.44,1,0,UP
2026-10-02 11:39:22.167756,SW2,Gi0/2,42.96,48.09,43.34,14.54,0.33,1.86,1,0,UP
2026-10-02 11:39:22.167756,SW2,Gi0/10,35.68,53.46,43.36,11.23,0.12,1.62,3,0,UP
2026-10-02 11:39:22.167756,SW2,Gi0/11,33.42,54.97,40.73,11.7,0.07,1.99,2,0,UP
2026-10-02 11:40:22.167756,R1,Gi0/1,39.75,57.36,46.42,10.41,0.13,2.3,5,0,UP
2026-10-02 11:40:22.167756,R1,Gi0/2,41.41,53.44,49.88,14.84,0.01,2.33,4,0,UP
2026-10-02 11:40:22.167756,SW1,Gi0/1,33.31,45.57,38.19,10.54,0.15,2.12,4,0,UP
2026-10-02 11:40:22.167756,SW1,Gi0/10,45.41,45.81,38.24,14.63,0.26,2.04,3,0,UP
2026-10-02 11:40:22.167756,SW1,Gi0/11,39.85,52.62,42.31,12.54,0.05,1.66,1,0,UP
2026-10-02 11:40:22.167756,SW2,Gi0/2,38.13,45.37,40.73,8.97,0.25,1.96,0,0,UP
2026-10-02 11:40:22.167756,SW2,Gi0/10,35.83,51.68,40.66,10.61,0.19,2.17,0,0,UP
2026-10-02 11:40:22.167756,SW2,Gi0/11,42.75,46.0,44.86,11.93,0.15,1.49,2,0,UP
2026-10-02 11:41:22.167756,R1,Gi0/1,48.13,43.19,58.54,11.48,0.2,1.46,1,0,UP
2026-10-02 11:41:22.167756,R1,Gi0/2,37.49,44.77,43.33,11.19,0.39,1.42,3,0,UP
2026-10-02 11:41:22.167756,SW1,Gi0/1,41.24,44.65,50.49,11.2,0.0,2.33,0,0,UP
2026-10-02 11:41:22.167756,SW1,Gi0/10,34.76,53.44,42.22,13.84,0.32,1.68,4,0,UP
2026-10-02 11:41:22.167756,SW1,Gi0/11,36.22,61.17,39.46,14.05,0.28,2.16,1,0,UP
2026-10-02 11:41:22.167756,SW2,Gi0/2,39.24,39.23,46.8,12.7,0.21,0.51,0,0,UP
2026-10-02 11:41:22.167756,SW2,Gi0/10,36.26,51.46,47.31,11.66,0.26,1.49,4,0,UP
2026-10-02 11:41:22.167756,SW2,Gi0/11,42.37,51.89,43.54,15.66,0.25,1.52,3,0,UP
2026-10-02 11:42:22.167756,R1,Gi0/1,43.76,47.06,53.71,12.76,0.0,2.15,2,0,UP
2026-10-02 11:42:22.167756,R1,Gi0/2,42.69,54.72,46.56,15.33,0.18,2.31,4,0,UP
2026-10-02 11:42:22.167756,SW1,Gi0/1,39.51,53.89,40.24,11.15,0.07,2.12,3,0,UP
2026-10-02 11:42:22.167756,SW1,Gi0/10,45.9,53.96,42.72,9.64,0.24,2.56,4,0,UP
2026-10-02 11:42:22.167756,SW1,Gi0/11,45.42,48.94,41.27,10.53,0.19,1.96,3,0,UP
2026-10-02 11:42:22.167756,SW2,Gi0/2,39.35,49.33,38.79,13.88,0.21,1.91,1,0,UP
2026-10-02 11:42:22.167756,SW2,Gi0/10,33.34,56.54,49.44,8.75,0.28,2.46,3,0,UP
2026-10-02 11:42:22.167756,SW2,Gi0/11,47.99,51.08,33.67,12.73,0.22,1.7,4,0,UP
2026-10-02 11:43:22.167756,R1,Gi0/1,31.66,54.95,37.98,10.03,0.19,2.22,3,0,UP
2026-10-02 11:43:22.167756,R1,Gi0/2,36.29,47.47,35.94,11.55,0.31,2.0,4,0,UP
2026-10-02 11:43:22.167756,SW1,Gi0/1,47.28,47.06,43.51,16.34,0.34,1.16,3,0,UP
2026-10-02 11:43:22.167756,SW1,Gi0/10,40.0,54.13,39.04,10.32,0.13,1.71,4,0,UP
2026-10-02 11:43:22.167756,SW1,Gi0/11,34.09,46.89,30.69,14.01,0.33,1.84,2,0,UP
2026-10-02 11:43:22.167756,SW2,Gi0/2,42.27,57.37,48.27,10.6,0.04,1.44,3,0,UP
2026-10-02 11:43:22.167756,SW2,Gi0/10,36.72,50.97,40.58,9.88,0.08,2.78,4,0,UP
2026-10-02 11:43:22.167756,SW2,Gi0/11,48.65,52.7,41.56,14.65,0.2,2.11,2,0,UP
2026-10-02 11:44:22.167756,R1,Gi0/1,25.27,58.02,48.93,12.66,0.19,2.08,1,0,UP
2026-10-02 11:44:22.167756,R1,Gi0/2,43.08,43.46,46.49,13.12,0.18,2.19,1,0,UP
2026-10-02 11:44:22.167756,SW1,Gi0/1,35.17,51.18,50.43,8.25,0.25,1.73,2,0,UP
2026-10-02 11:44:22.167756,SW1,Gi0/10,33.3,45.74,52.73,12.07,0.16,1.94,3,0,UP
2026-10-02 11:44:22.167756,SW1,Gi0/11,42.2,49.62,53.74,13.94,0.24,2.03,4,0,UP
2026-10-02 11:44:22.167756,SW2,Gi0/2,41.57,55.3,52.2,9.96,0.09,1.65,4,0,UP
2026-10-02 11:44:22.167756,SW2,Gi0/10,32.12,51.97,47.9,14.33,0.22,1.33,1,0,UP
2026-10-02 11:44:22.167756,SW2,Gi0/11,34.09,47.31,43.54,9.67,0.35,1.34,5,0,UP
2026-10-02 11:45:22.167756,R1,Gi0/1,45.93,54.49,39.45,12.68,0.07,2.46,2,0,UP
2026-10-02 11:45:22.167756,R1,Gi0/2,37.95,43.88,25.18,9.92,0.31,1.8,2,0,UP
2026-10-02 11:45:22.167756,SW1,Gi0/1,43.28,59.03,55.6,10.06,0.01,3.18,7,0,UP
2026-10-02 11:45:22.167756,SW1,Gi0/10,40.94,43.65,52.71,11.78,0.19,2.45,3,0,UP
2026-10-02 11:45:22.167756,SW1,Gi0/11,34.07,48.38,50.29,13.02,0.23,2.47,2,0,UP
2026-10-02 11:45:22.167756,SW2,Gi0/2,40.89,33.12,41.4,13.53,0.16,1.77,0,0,UP
2026-10-02 11:45:22.167756,SW2,Gi0/10,45.02,52.74,51.6,8.55,0.18,1.86,2,0,UP
2026-10-02 11:45:22.167756,SW2,Gi0/11,36.92,48.27,51.8,8.17,0.38,2.24,2,0,UP
2026-10-02 11:46:22.167756,R1,Gi0/1,44.53,42.74,39.68,11.76,0.34,1.98,3,0,UP
2026-10-02 11:46:22.167756,R1,Gi0/2,37.05,52.43,58.42,13.99,0.19,2.34,4,0,UP
2026-10-02 11:46:22.167756,SW1,Gi0/1,42.53,55.56,53.84,11.75,0.26,1.81,1,0,UP
2026-10-02 11:46:22.167756,SW1,Gi0/10,38.65,49.62,31.71,13.72,0.0,3.36,6,0,UP
2026-10-02 11:46:22.167756,SW1,Gi0/11,38.69,50.05,47.42,10.82,0.22,1.93,2,0,UP
2026-10-02 11:46:22.167756,SW2,Gi0/2,40.91,43.43,45.32,12.33,0.21,1.89,5,0,UP
2026-10-02 11:46:22.167756,SW2,Gi0/10,38.23,51.14,55.38,11.84,0.22,1.95,5,0,UP
2026-10-02 11:46:22.167756,SW2,Gi0/11,38.71,56.42,44.17,10.28,0.27,1.85,4,0,UP
2026-10-02 11:47:22.167756,R1,Gi0/1,26.35,50.03,41.32,9.87,0.14,1.71,2,0,UP
2026-10-02 11:47:22.167756,R1,Gi0/2,33.16,51.58,55.93,12.56,0.28,2.55,5,0,UP
2026-10-02 11:47:22.167756,SW1,Gi0/1,49.35,47.5,39.25,13.57,0.27,2.39,6,0,UP
2026-10-02 11:47:22.167756,SW1,Gi0/10,40.06,52.13,37.16,16.27,0.17,1.85,2,0,UP
2026-10-02 11:47:22.167756,SW1,Gi0/11,36.78,46.35,40.81,9.27,0.12,2.97,4,0,UP
2026-10-02 11:47:22.167756,SW2,Gi0/2,44.63,55.89,59.67,8.46,0.08,1.6,2,0,UP
2026-10-02 11:47:22.167756,SW2,Gi0/10,38.5,47.77,46.75,12.07,0.13,0.91,1,0,UP
2026-10-02 11:47:22.167756,SW2,Gi0/11,37.25,48.76,35.96,11.02,0.09,1.94,0,0,UP
2026-10-02 11:48:22.167756,R1,Gi0/1,35.76,43.46,43.77,10.27,0.29,2.2,2,0,UP
2026-10-02 11:48:22.167756,R1,Gi0/2,36.01,51.9,50.53,12.29,0.36,2.23,4,0,UP
2026-10-02 11:48:22.167756,SW1,Gi0/1,40.67,53.38,38.63,11.08,0.23,2.17,4,0,UP
2026-10-02 11:48:22.167756,SW1,Gi0/10,45.5,42.88,37.2,12.46,0.13,3.69,4,0,UP
2026-10-02 11:48:22.167756,SW1,Gi0/11,39.61,47.42,41.16,12.06,0.21,1.77,2,0,UP
2026-10-02 11:48:22.167756,SW2,Gi0/2,46.72,56.92,47.02,9.32,0.25,2.78,5,0,UP
2026-10-02 11:48:22.167756,SW2,Gi0/10,43.67,57.11,45.43,13.26,0.13,2.15,5,0,UP
2026-10-02 11:48:22.167756,SW2,Gi0/11,37.05,45.69,45.78,11.55,0.26,1.77,6,0,UP
2026-10-02 11:49:22.167756,R1,Gi0/1,33.55,56.27,38.88,8.41,0.22,1.87,0,0,UP
2026-10-02 11:49:22.167756,R1,Gi0/2,31.59,49.96,52.81,13.17,0.21,2.24,2,0,UP
2026-10-02 11:49:22.167756,SW1,Gi0/1,32.85,42.9,43.37,11.68,0.29,2.38,4,0,UP
2026-10-02 11:49:22.167756,SW1,Gi0/10,38.6,43.1,48.3,13.05,0.0,1.58,1,0,UP
2026-10-02 11:49:22.167756,SW1,Gi0/11,40.59,45.98,44.69,11.58,0.18,1.64,1,0,UP
2026-10-02 11:49:22.167756,SW2,Gi0/2,34.6,51.9,49.57,10.46,0.35,1.84,6,0,UP
2026-10-02 11:49:22.167756,SW2,Gi0/10,36.79,39.87,48.22,12.5,0.2,1.68,2,0,UP
2026-10-02 11:49:22.167756,SW2,Gi0/11,37.44,48.49,51.73,12.37,0.26,1.88,2,0,UP
2026-10-02 11:50:22.167756,R1,Gi0/1,34.23,48.15,18.43,10.82,0.19,2.28,2,0,UP
2026-10-02 11:50:22.167756,R1,Gi0/2,41.74,39.1,44.55,8.64,0.08,1.91,5,0,UP
2026-10-02 11:50:22.167756,SW1,Gi0/1,41.86,50.09,44.84,10.57,0.15,2.21,0,0,UP
2026-10-02 11:50:22.167756,SW1,Gi0/10,42.97,48.06,51.6,13.92,0.03,1.71,1,0,UP
2026-10-02 11:50:22.167756,SW1,Gi0/11,30.94,44.84,64.53,13.22,0.39,2.41,1,0,UP
2026-10-02 11:50:22.167756,SW2,Gi0/2,38.09,52.94,48.5,10.85,0.05,3.64,2,0,UP
2026-10-02 11:50:22.167756,SW2,Gi0/10,38.37,50.57,43.06,12.25,0.33,1.94,0,0,UP
2026-10-02 11:50:22.167756,SW2,Gi0/11,39.19,47.68,56.39,14.34,0.21,1.36,0,0,UP
2026-10-02 11:51:22.167756,R1,Gi0/1,40.08,51.68,42.0,11.04,0.14,1.99,0,0,UP
2026-10-02 11:51:22.167756,R1,Gi0/2,34.49,46.86,54.66,10.37,0.22,2.11,5,0,UP
2026-10-02 11:51:22.167756,SW1,Gi0/1,46.31,49.71,41.2,10.67,0.18,1.78,4,0,UP
2026-10-02 11:51:22.167756,SW1,Gi0/10,42.1,52.96,55.07,15.73,0.21,2.55,2,0,UP
2026-10-02 11:51:22.167756,SW1,Gi0/11,45.93,55.31,53.07,12.19,0.13,1.3,2,0,UP
2026-10-02 11:51:22.167756,SW2,Gi0/2,47.67,48.45,51.28,13.69,0.17,2.66,0,0,UP
2026-10-02 11:51:22.167756,SW2,Gi0/10,33.89,45.42,38.44,12.67,0.23,2.2,4,0,UP
2026-10-02 11:51:22.167756,SW2,Gi0/11,35.25,43.91,48.17,10.74,0.04,2.49,5,0,UP
2026-10-02 11:52:22.167756,R1,Gi0/1,47.79,50.94,50.01,14.74,0.14,2.56,3,0,UP
2026-10-02 11:52:22.167756,R1,Gi0/2,44.57,50.93,55.37,12.45,0.05,2.73,1,0,UP
2026-10-02 11:52:22.167756,SW1,Gi0/1,46.27,49.55,54.41,14.27,0.24,2.25,3,0,UP
2026-10-02 11:52:22.167756,SW1,Gi0/10,29.93,50.59,36.07,12.34,0.09,1.41,6,0,UP
2026-10-02 11:52:22.167756,SW1,Gi0/11,45.35,49.98,46.48,11.5,0.26,1.66,4,0,UP
2026-10-02 11:52:22.167756,SW2,Gi0/2,38.73,47.9,45.17,10.82,0.23,1.73,3,0,UP
2026-10-02 11:52:22.167756,SW2,Gi0/10,46.08,46.4,43.96,12.92,0.16,2.23,4,0,UP
2026-10-02 11:52:22.167756,SW2,Gi0/11,45.42,46.97,37.46,11.38,0.1,2.28,0,0,UP
2026-10-02 11:53:22.167756,R1,Gi0/1,51.67,56.48,45.1,13.73,0.04,3.26,1,0,UP
2026-10-02 11:53:22.167756,R1,Gi0/2,39.4,40.72,48.89,9.79,0.21,1.73,0,0,UP
2026-10-02 11:53:22.167756,SW1,Gi0/1,35.98,51.13,34.75,10.5,0.27,3.3,3,0,UP
2026-10-02 11:53:22.167756,SW1,Gi0/10,35.41,48.16,45.25,11.3,0.29,2.11,4,0,UP
2026-10-02 11:53:22.167756,SW1,Gi0/11,38.43,56.63,43.67,10.06,0.42,1.09,1,0,UP
2026-10-02 11:53:22.167756,SW2,Gi0/2,36.86,62.54,59.45,14.99,0.17,3.21,3,0,UP
2026-10-02 11:53:22.167756,SW2,Gi0/10,44.89,50.9,44.6,11.5,0.18,2.3,3,0,UP
2026-10-02 11:53:22.167756,SW2,Gi0/11,39.84,57.55,21.27,13.02,0.27,2.57,2,0,UP
2026-10-02 11:54:22.167756,R1,Gi0/1,41.04,54.93,56.93,11.4,0.23,2.84,0,0,UP
2026-10-02 11:54:22.167756,R1,Gi0/2,36.55,57.33,53.74,13.04,0.16,1.56,1,0,UP
2026-10-02 11:54:22.167756,SW1,Gi0/1,47.74,46.86,45.81,10.49,0.28,1.73,2,0,UP
2026-10-02 11:54:22.167756,SW1,Gi0/10,31.58,41.93,45.06,9.35,0.41,0.97,1,0,UP
2026-10-02 11:54:22.167756,SW1,Gi0/11,40.08,48.17,36.17,10.08,0.1,1.86,6,0,UP
2026-10-02 11:54:22.167756,SW2,Gi0/2,40.39,55.91,49.06,14.23,0.0,1.85,5,0,UP
2026-10-02 11:54:22.167756,SW2,Gi0/10,37.14,58.81,56.87,11.06,0.15,1.49,1,0,UP
2026-10-02 11:54:22.167756,SW2,Gi0/11,33.84,52.14,33.35,13.21,0.26,1.17,6,0,UP
2026-10-02 11:55:22.167756,R1,Gi0/1,42.57,53.75,38.93,13.24,0.31,1.95,7,0,UP
2026-10-02 11:55:22.167756,R1,Gi0/2,40.22,55.7,47.34,13.17,0.03,2.19,1,0,UP
2026-10-02 11:55:22.167756,SW1,Gi0/1,35.77,58.72,43.29,9.99,0.16,1.35,5,0,UP
2026-10-02 11:55:22.167756,SW1,Gi0/10,36.52,52.65,55.85,11.0,0.25,1.48,7,0,UP
2026-10-02 11:55:22.167756,SW1,Gi0/11,44.68,49.04,38.82,11.77,0.17,2.98,0,0,UP
2026-10-02 11:55:22.167756,SW2,Gi0/2,40.67,49.91,44.06,11.78,0.19,2.44,4,0,UP
2026-10-02 11:55:22.167756,SW2,Gi0/10,42.09,34.83,47.4,8.69,0.26,2.74,1,0,UP
2026-10-02 11:55:22.167756,SW2,Gi0/11,38.69,47.0,54.88,12.19,0.37,2.21,3,0,UP
2026-10-02 11:56:22.167756,R1,Gi0/1,40.34,54.09,31.1,12.17,0.19,2.36,2,0,UP
2026-10-02 11:56:22.167756,R1,Gi0/2,34.81,50.04,36.34,8.15,0.27,2.29,3,0,UP
2026-10-02 11:56:22.167756,SW1,Gi0/1,46.51,46.67,33.55,11.86,0.17,1.58,2,0,UP
2026-10-02 11:56:22.167756,SW1,Gi0/10,36.94,40.82,41.47,9.73,0.22,1.67,5,0,UP
2026-10-02 11:56:22.167756,SW1,Gi0/11,48.02,53.4,32.59,15.01,0.36,2.01,5,0,UP
2026-10-02 11:56:22.167756,SW2,Gi0/2,37.24,40.67,38.92,15.46,0.05,2.0,3,0,UP
2026-10-02 11:56:22.167756,SW2,Gi0/10,37.44,47.78,45.58,10.88,0.06,2.11,5,0,UP
2026-10-02 11:56:22.167756,SW2,Gi0/11,44.35,45.95,34.99,11.43,0.36,2.32,4,0,UP
2026-10-02 11:57:22.167756,R1,Gi0/1,44.45,52.1,45.96,13.32,0.15,1.29,4,0,UP
2026-10-02 11:57:22.167756,R1,Gi0/2,46.19,44.41,51.58,15.36,0.2,1.59,3,0,UP
2026-10-02 11:57:22.167756,SW1,Gi0/1,37.25,46.92,48.47,8.79,0.06,2.01,2,0,UP
2026-10-02 11:57:22.167756,SW1,Gi0/10,41.72,59.38,45.84,13.2,0.1,2.38,1,0,UP
2026-10-02 11:57:22.167756,SW1,Gi0/11,40.36,49.46,53.26,9.38,0.0,1.89,3,0,UP
2026-10-02 11:57:22.167756,SW2,Gi0/2,40.76,56.16,48.5,10.87,0.0,1.88,5,0,UP
2026-10-02 11:57:22.167756,SW2,Gi0/10,38.04,50.14,48.37,9.97,0.26,2.82,2,0,UP
2026-10-02 11:57:22.167756,SW2,Gi0/11,34.35,49.67,27.2,12.67,0.25,2.84,2,0,UP
2026-10-02 11:58:22.167756,R1,Gi0/1,42.04,45.69,42.15,8.95,0.18,1.85,3,0,UP
2026-10-02 11:58:22.167756,R1,Gi0/2,36.88,50.42,42.33,11.34,0.21,2.02,4,0,UP
2026-10-02 11:58:22.167756,SW1,Gi0/1,39.4,48.25,43.55,10.57,0.16,3.02,1,0,UP
2026-10-02 11:58:22.167756,SW1,Gi0/10,38.61,48.06,43.02,11.34,0.23,1.14,5,0,UP
2026-10-02 11:58:22.167756,SW1,Gi0/11,43.16,43.79,26.85,10.05,0.18,3.29,4,0,UP
2026-10-02 11:58:22.167756,SW2,Gi0/2,30.96,46.55,44.57,12.51,0.07,1.93,1,0,UP
2026-10-02 11:58:22.167756,SW2,Gi0/10,34.48,51.3,51.19,13.68,0.26,1.75,4,0,UP
2026-10-02 11:58:22.167756,SW2,Gi0/11,41.55,50.67,40.11,11.01,0.21,3.22,3,0,UP
2026-10-02 11:59:22.167756,R1,Gi0/1,36.94,45.84,41.07,16.35,0.16,2.45,2,0,UP
2026-10-02 11:59:22.167756,R1,Gi0/2,41.31,53.96,40.42,10.72,0.37,2.49,4,0,UP
2026-10-02 11:59:22.167756,SW1,Gi0/1,43.94,52.3,61.14,12.09,0.26,1.27,1,0,UP
2026-10-02 11:59:22.167756,SW1,Gi0/10,34.0,56.37,24.58,11.2,0.0,1.58,2,0,UP
2026-10-02 11:59:22.167756,SW1,Gi0/11,46.92,51.98,38.33,14.13,0.2,2.02,0,0,UP
2026-10-02 11:59:22.167756,SW2,Gi0/2,35.05,45.87,45.37,12.16,0.35,2.19,0,0,UP
2026-10-02 11:59:22.167756,SW2,Gi0/10,41.31,42.75,37.27,10.38,0.13,1.31,3,0,UP
2026-10-02 11:59:22.167756,SW2,Gi0/11,32.95,51.78,62.9,9.34,0.17,0.74,2,0,UP
2026-10-02 12:00:22.167756,R1,Gi0/1,43.21,53.6,45.62,13.78,0.45,2.86,1,0,UP
2026-10-02 12:00:22.167756,R1,Gi0/2,32.74,47.97,37.42,12.9,0.08,1.96,4,0,UP
2026-10-02 12:00:22.167756,SW1,Gi0/1,39.5,45.27,54.4,8.24,0.17,1.98,3,0,UP
2026-10-02 12:00:22.167756,SW1,Gi0/10,40.9,53.05,44.72,11.26,0.16,1.69,4,0,UP
2026-10-02 12:00:22.167756,SW1,Gi0/11,36.77,54.23,45.15,10.96,0.26,1.64,4,0,UP
2026-10-02 12:00:22.167756,SW2,Gi0/2,41.06,47.02,49.23,13.09,0.32,2.48,3,0,UP
2026-10-02 12:00:22.167756,SW2,Gi0/10,34.36,62.24,33.77,13.9,0.24,1.41,2,0,UP
2026-10-02 12:00:22.167756,SW2,Gi0/11,39.61,56.53,39.29,11.48,0.0,2.87,0,0,UP
2026-10-02 12:01:22.167756,R1,Gi0/1,41.63,49.49,44.22,13.62,0.37,2.13,4,0,UP
2026-10-02 12:01:22.167756,R1,Gi0/2,41.64,55.09,41.3,14.15,0.31,2.54,1,0,UP
2026-10-02 12:01:22.167756,SW1,Gi0/1,39.16,51.2,34.03,15.19,0.2,2.14,1,0,UP
2026-10-02 12:01:22.167756,SW1,Gi0/10,33.37,46.98,46.75,13.35,0.22,2.17,2,0,UP
2026-10-02 12:01:22.167756,SW1,Gi0/11,42.48,57.41,50.64,13.62,0.23,1.25,0,0,UP
2026-10-02 12:01:22.167756,SW2,Gi0/2,42.27,49.95,48.52,15.35,0.27,2.63,3,0,UP
2026-10-02 12:01:22.167756,SW2,Gi0/10,35.96,49.71,38.56,15.12,0.28,2.26,5,0,UP
2026-10-02 12:01:22.167756,SW2,Gi0/11,29.9,52.94,34.51,11.99,0.17,2.33,3,0,UP
2026-10-02 12:02:22.167756,R1,Gi0/1,46.73,46.99,50.67,12.32,0.04,1.54,2,0,UP
2026-10-02 12:02:22.167756,R1,Gi0/2,45.56,52.32,35.66,11.72,0.4,2.06,2,0,UP
2026-10-02 12:02:22.167756,SW1,Gi0/1,42.46,53.82,41.35,13.01,0.17,2.36,3,0,UP
2026-10-02 12:02:22.167756,SW1,Gi0/10,42.41,46.2,38.43,13.89,0.19,2.14,2,0,UP
2026-10-02 12:02:22.167756,SW1,Gi0/11,44.49,46.96,43.92,13.57,0.32,1.74,6,0,UP
2026-10-02 12:02:22.167756,SW2,Gi0/2,41.57,44.79,47.95,11.23,0.24,1.98,3,0,UP
2026-10-02 12:02:22.167756,SW2,Gi0/10,35.44,54.95,35.75,9.78,0.24,2.8,2,0,UP
2026-10-02 12:02:22.167756,SW2,Gi0/11,43.5,55.37,51.52,11.38,0.09,0.9,2,0,UP
2026-10-02 12:03:22.167756,R1,Gi0/1,45.89,44.38,50.6,10.1,0.21,2.35,1,0,UP
2026-10-02 12:03:22.167756,R1,Gi0/2,40.85,47.92,50.64,12.47,0.21,2.78,4,0,UP
2026-10-02 12:03:22.167756,SW1,Gi0/1,36.55,49.57,44.39,12.16,0.45,2.19,0,0,UP
2026-10-02 12:03:22.167756,SW1,Gi0/10,37.29,40.34,42.36,8.03,0.11,1.24,3,0,UP
2026-10-02 12:03:22.167756,SW1,Gi0/11,40.0,51.51,44.16,9.21,0.25,2.96,3,0,UP
2026-10-02 12:03:22.167756,SW2,Gi0/2,37.87,42.86,37.74,12.91,0.31,2.13,4,0,UP
2026-10-02 12:03:22.167756,SW2,Gi0/10,43.54,52.53,39.73,12.35,0.12,2.01,3,0,UP
2026-10-02 12:03:22.167756,SW2,Gi0/11,48.39,43.45,48.85,14.96,0.28,2.42,4,0,UP
2026-10-02 12:04:22.167756,R1,Gi0/1,46.49,44.56,33.91,11.99,0.0,2.62,5,0,UP
2026-10-02 12:04:22.167756,R1,Gi0/2,37.83,48.15,44.42,12.1,0.21,2.28,2,0,UP
2026-10-02 12:04:22.167756,SW1,Gi0/1,44.72,52.23,40.14,14.67,0.06,1.95,4,0,UP
2026-10-02 12:04:22.167756,SW1,Gi0/10,36.38,51.55,49.35,10.28,0.19,1.92,1,0,UP
2026-10-02 12:04:22.167756,SW1,Gi0/11,51.51,46.18,53.04,11.21,0.09,2.05,4,0,UP
2026-10-02 12:04:22.167756,SW2,Gi0/2,44.6,57.81,68.56,12.5,0.13,2.23,2,0,UP
2026-10-02 12:04:22.167756,SW2,Gi0/10,44.63,43.51,63.95,13.71,0.03,1.65,4,0,UP
2026-10-02 12:04:22.167756,SW2,Gi0/11,45.88,43.64,50.7,8.11,0.19,2.56,1,0,UP
2026-10-02 12:05:22.167756,R1,Gi0/1,32.47,50.73,40.16,13.26,0.11,1.61,0,0,UP
2026-10-02 12:05:22.167756,R1,Gi0/2,40.85,49.2,35.49,12.39,0.3,1.89,3,0,UP
2026-10-02 12:05:22.167756,SW1,Gi0/1,41.37,43.98,61.45,11.06,0.27,2.38,2,0,UP
2026-10-02 12:05:22.167756,SW1,Gi0/10,43.03,51.23,33.66,11.34,0.14,1.77,0,0,UP
2026-10-02 12:05:22.167756,SW1,Gi0/11,45.63,58.01,52.82,14.54,0.17,1.68,1,0,UP
2026-10-02 12:05:22.167756,SW2,Gi0/2,43.22,51.14,44.38,14.59,0.24,1.58,1,0,UP
2026-10-02 12:05:22.167756,SW2,Gi0/10,43.41,55.21,49.41,15.79,0.36,2.22,1,0,UP
2026-10-02 12:05:22.167756,SW2,Gi0/11,33.45,48.06,51.03,15.65,0.24,2.58,2,0,UP
2026-10-02 12:06:22.167756,R1,Gi0/1,43.11,54.12,29.16,11.17,0.29,2.14,0,0,UP
2026-10-02 12:06:22.167756,R1,Gi0/2,27.85,48.17,44.43,10.23,0.21,2.25,4,0,UP
2026-10-02 12:06:22.167756,SW1,Gi0/1,28.22,43.43,42.56,13.14,0.25,2.24,2,0,UP
2026-10-02 12:06:22.167756,SW1,Gi0/10,38.36,46.36,51.15,10.16,0.29,2.1,2,0,UP
2026-10-02 12:06:22.167756,SW1,Gi0/11,36.72,43.22,39.82,11.34,0.0,1.9,4,0,UP
2026-10-02 12:06:22.167756,SW2,Gi0/2,42.84,47.52,45.38,10.89,0.21,2.77,4,0,UP
2026-10-02 12:06:22.167756,SW2,Gi0/10,42.6,47.54,51.0,8.63,0.17,2.29,4,0,UP
2026-10-02 12:06:22.167756,SW2,Gi0/11,43.35,51.47,43.43,13.08,0.1,1.58,3,0,UP
2026-10-02 12:07:22.167756,R1,Gi0/1,40.87,40.87,48.64,13.55,0.19,3.19,1,0,UP
2026-10-02 12:07:22.167756,R1,Gi0/2,38.19,48.02,44.39,11.34,0.06,1.73,2,0,UP
2026-10-02 12:07:22.167756,SW1,Gi0/1,46.14,61.01,55.68,10.45,0.13,1.92,6,0,UP
2026-10-02 12:07:22.167756,SW1,Gi0/10,39.17,43.36,40.99,13.51,0.27,1.9,4,0,UP
2026-10-02 12:07:22.167756,SW1,Gi0/11,28.63,50.52,51.89,10.33,0.12,1.07,6,0,UP
2026-10-02 12:07:22.167756,SW2,Gi0/2,36.4,51.21,49.83,15.02,0.18,1.73,3,0,UP
2026-10-02 12:07:22.167756,SW2,Gi0/10,46.42,49.15,37.36,8.92,0.08,2.43,2,0,UP
2026-10-02 12:07:22.167756,SW2,Gi0/11,36.96,46.42,45.68,11.52,0.17,2.67,6,0,UP
2026-10-02 12:08:22.167756,R1,Gi0/1,31.95,51.64,38.79,11.5,0.23,1.89,3,0,UP
2026-10-02 12:08:22.167756,R1,Gi0/2,43.36,51.47,39.83,10.74,0.06,1.57,6,0,UP
2026-10-02 12:08:22.167756,SW1,Gi0/1,36.04,44.03,47.56,11.78,0.18,2.7,4,0,UP
2026-10-02 12:08:22.167756,SW1,Gi0/10,37.35,47.88,40.98,13.75,0.17,1.1,2,0,UP
2026-10-02 12:08:22.167756,SW1,Gi0/11,32.31,60.92,37.27,11.68,0.23,1.86,2,0,UP
2026-10-02 12:08:22.167756,SW2,Gi0/2,42.11,57.63,51.14,14.96,0.1,2.16,3,0,UP
2026-10-02 12:08:22.167756,SW2,Gi0/10,41.76,56.88,43.23,11.19,0.25,1.11,2,0,UP
2026-10-02 12:08:22.167756,SW2,Gi0/11,39.33,45.4,53.46,9.88,0.19,2.15,5,0,UP
2026-10-02 12:09:22.167756,R1,Gi0/1,39.95,54.68,50.6,12.25,0.09,1.28,3,0,UP
2026-10-02 12:09:22.167756,R1,Gi0/2,37.29,54.6,50.97,11.63,0.08,2.26,0,0,UP
2026-10-02 12:09:22.167756,SW1,Gi0/1,36.21,45.1,43.89,14.34,0.2,1.78,0,0,UP
2026-10-02 12:09:22.167756,SW1,Gi0/10,42.76,46.1,45.94,11.29,0.28,1.92,2,0,UP
2026-10-02 12:09:22.167756,SW1,Gi0/11,42.43,60.53,52.11,11.82,0.2,1.74,1,0,UP
2026-10-02 12:09:22.167756,SW2,Gi0/2,37.24,46.14,50.23,9.86,0.33,2.38,3,0,UP
2026-10-02 12:09:22.167756,SW2,Gi0/10,40.0,47.21,47.16,14.18,0.13,1.23,4,0,UP
2026-10-02 12:09:22.167756,SW2,Gi0/11,41.62,44.4,39.13,10.28,0.13,1.84,2,0,UP
2026-10-02 12:10:22.167756,R1,Gi0/1,36.75,46.21,43.17,12.34,0.17,2.58,4,0,UP
2026-10-02 12:10:22.167756,R1,Gi0/2,32.05,52.62,49.84,11.13,0.05,2.0,2,0,UP
2026-10-02 12:10:22.167756,SW1,Gi0/1,34.39,42.74,44.3,11.53,0.16,1.96,0,0,UP
2026-10-02 12:10:22.167756,SW1,Gi0/10,37.83,52.67,42.2,8.66,0.15,1.46,3,0,UP
2026-10-02 12:10:22.167756,SW1,Gi0/11,41.59,41.71,51.07,9.78,0.36,1.98,0,0,UP
2026-10-02 12:10:22.167756,SW2,Gi0/2,34.29,51.74,41.87,11.81,0.36,1.65,3,0,UP
2026-10-02 12:10:22.167756,SW2,Gi0/10,47.1,51.35,32.15,13.01,0.08,2.7,1,0,UP
2026-10-02 12:10:22.167756,SW2,Gi0/11,54.85,57.34,38.63,12.04,0.28,2.39,3,0,UP
2026-10-02 12:11:22.167756,R1,Gi0/1,46.26,49.39,42.07,11.31,0.29,2.18,3,0,UP
2026-10-02 12:11:22.167756,R1,Gi0/2,43.98,39.74,47.48,12.44,0.37,1.24,6,0,UP
2026-10-02 12:11:22.167756,SW1,Gi0/1,40.38,52.44,58.41,13.12,0.24,2.12,2,0,UP
2026-10-02 12:11:22.167756,SW1,Gi0/10,39.86,46.42,44.64,7.33,0.24,1.94,2,0,UP
2026-10-02 12:11:22.167756,SW1,Gi0/11,41.1,42.83,60.43,11.79,0.19,1.52,3,0,UP
2026-10-02 12:11:22.167756,SW2,Gi0/2,46.93,55.18,51.84,13.09,0.16,1.27,2,0,UP
2026-10-02 12:11:22.167756,SW2,Gi0/10,38.82,55.24,47.48,15.22,0.32,1.77,0,0,UP
2026-10-02 12:11:22.167756,SW2,Gi0/11,46.93,56.8,34.07,15.02,0.24,2.08,6,0,UP
2026-10-02 12:12:22.167756,R1,Gi0/1,46.72,53.26,48.79,13.23,0.16,1.97,1,0,UP
2026-10-02 12:12:22.167756,R1,Gi0/2,38.33,48.17,39.92,12.27,0.17,2.25,0,0,UP
2026-10-02 12:12:22.167756,SW1,Gi0/1,39.43,50.66,42.51,11.66,0.04,2.18,4,0,UP
2026-10-02 12:12:22.167756,SW1,Gi0/10,42.47,55.19,46.61,12.96,0.22,2.34,0,0,UP
2026-10-02 12:12:22.167756,SW1,Gi0/11,35.53,57.93,25.32,11.72,0.32,1.95,2,0,UP
2026-10-02 12:12:22.167756,SW2,Gi0/2,40.65,48.23,45.25,10.63,0.31,2.71,2,0,UP
2026-10-02 12:12:22.167756,SW2,Gi0/10,33.07,47.38,43.53,13.01,0.1,1.62,4,0,UP
2026-10-02 12:12:22.167756,SW2,Gi0/11,44.69,46.89,34.33,18.57,0.28,1.87,4,0,UP
2026-10-02 12:13:22.167756,R1,Gi0/1,39.38,54.34,46.28,12.18,0.19,1.28,6,0,UP
2026-10-02 12:13:22.167756,R1,Gi0/2,35.29,43.2,43.3,10.08,0.19,2.34,4,0,UP
2026-10-02 12:13:22.167756,SW1,Gi0/1,44.07,48.47,45.4,12.82,0.02,2.29,0,0,UP
2026-10-02 12:13:22.167756,SW1,Gi0/10,50.2,47.98,43.52,10.46,0.14,3.14,4,0,UP
2026-10-02 12:13:22.167756,SW1,Gi0/11,32.25,57.52,54.55,11.44,0.23,1.99,6,0,UP
2026-10-02 12:13:22.167756,SW2,Gi0/2,36.02,50.73,41.57,9.13,0.42,1.41,3,0,UP
2026-10-02 12:13:22.167756,SW2,Gi0/10,31.3,48.0,48.38,10.35,0.26,1.87,5,0,UP
2026-10-02 12:13:22.167756,SW2,Gi0/11,46.81,47.07,45.61,12.37,0.26,2.01,3,0,UP
2026-10-02 12:14:22.167756,R1,Gi0/1,38.78,50.58,55.38,13.29,0.27,2.36,2,0,UP
2026-10-02 12:14:22.167756,R1,Gi0/2,41.59,44.57,55.15,6.43,0.19,2.57,0,0,UP
2026-10-02 12:14:22.167756,SW1,Gi0/1,42.0,46.6,42.05,13.89,0.22,0.98,1,0,UP
2026-10-02 12:14:22.167756,SW1,Gi0/10,44.88,52.24,58.99,15.37,0.17,3.25,3,0,UP
2026-10-02 12:14:22.167756,SW1,Gi0/11,35.19,46.83,26.95,15.21,0.36,1.49,2,0,UP
2026-10-02 12:14:22.167756,SW2,Gi0/2,40.48,45.2,30.96,11.58,0.17,1.81,3,0,UP
2026-10-02 12:14:22.167756,SW2,Gi0/10,47.15,48.48,46.36,13.45,0.26,1.69,3,0,UP
2026-10-02 12:14:22.167756,SW2,Gi0/11,42.74,44.36,55.11,14.86,0.13,2.1,4,0,UP
2026-10-02 12:15:22.167756,R1,Gi0/1,37.27,52.41,46.31,9.06,0.25,1.45,4,0,UP
2026-10-02 12:15:22.167756,R1,Gi0/2,36.64,49.19,55.98,12.99,0.09,1.49,1,0,UP
2026-10-02 12:15:22.167756,SW1,Gi0/1,41.97,51.79,38.26,9.67,0.23,1.91,7,0,UP
2026-10-02 12:15:22.167756,SW1,Gi0/10,40.18,59.07,35.64,8.85,0.09,2.59,6,0,UP
2026-10-02 12:15:22.167756,SW1,Gi0/11,36.09,47.7,35.65,8.38,0.27,2.11,3,0,UP
2026-10-02 12:15:22.167756,SW2,Gi0/2,33.0,58.2,40.97,13.07,0.05,1.9,3,0,UP
2026-10-02 12:15:22.167756,SW2,Gi0/10,41.64,50.77,48.96,9.74,0.22,2.06,3,0,UP
2026-10-02 12:15:22.167756,SW2,Gi0/11,40.36,43.63,34.46,7.57,0.28,2.41,4,0,UP
2026-10-02 12:16:22.167756,R1,Gi0/1,41.53,39.33,36.79,12.34,0.21,1.89,3,0,UP
2026-10-02 12:16:22.167756,R1,Gi0/2,40.06,50.6,39.89,13.96,0.16,1.33,1,0,UP
2026-10-02 12:16:22.167756,SW1,Gi0/1,38.26,54.97,44.66,11.63,0.08,2.39,1,0,UP
2026-10-02 12:16:22.167756,SW1,Gi0/10,39.5,57.4,49.07,8.74,0.02,1.97,0,0,UP
2026-10-02 12:16:22.167756,SW1,Gi0/11,43.24,50.21,46.32,10.59,0.37,3.42,2,0,UP
2026-10-02 12:16:22.167756,SW2,Gi0/2,41.77,50.49,42.92,10.34,0.09,1.43,3,0,UP
2026-10-02 12:16:22.167756,SW2,Gi0/10,37.4,37.11,48.56,11.92,0.33,2.19,0,0,UP
2026-10-02 12:16:22.167756,SW2,Gi0/11,28.85,46.4,40.0,13.89,0.2,2.57,0,0,UP
2026-10-02 12:17:22.167756,R1,Gi0/1,44.83,53.6,28.85,14.65,0.21,2.2,1,0,UP
2026-10-02 12:17:22.167756,R1,Gi0/2,46.38,44.07,51.66,13.64,0.1,2.99,3,0,UP
2026-10-02 12:17:22.167756,SW1,Gi0/1,43.27,42.36,61.94,9.55,0.3,1.5,1,0,UP
2026-10-02 12:17:22.167756,SW1,Gi0/10,43.94,55.14,34.83,14.18,0.3,1.53,6,0,UP
2026-10-02 12:17:22.167756,SW1,Gi0/11,32.72,46.88,48.83,10.29,0.23,2.12,2,0,UP
2026-10-02 12:17:22.167756,SW2,Gi0/2,44.16,48.86,46.85,14.29,0.28,2.39,0,0,UP
2026-10-02 12:17:22.167756,SW2,Gi0/10,42.62,45.61,34.75,11.86,0.11,2.4,4,0,UP
2026-10-02 12:17:22.167756,SW2,Gi0/11,30.49,45.86,33.32,11.07,0.25,1.88,1,0,UP
2026-10-02 12:18:22.167756,R1,Gi0/1,46.5,38.48,54.89,10.91,0.19,1.74,6,0,UP
2026-10-02 12:18:22.167756,R1,Gi0/2,33.85,50.06,49.22,8.78,0.11,1.93,1,0,UP
2026-10-02 12:18:22.167756,SW1,Gi0/1,35.92,48.25,50.2,11.31,0.31,1.5,0,0,UP
2026-10-02 12:18:22.167756,SW1,Gi0/10,49.63,46.71,34.51,8.52,0.31,1.83,2,0,UP
2026-10-02 12:18:22.167756,SW1,Gi0/11,39.2,55.06,43.56,16.69,0.21,2.53,4,0,UP
2026-10-02 12:18:22.167756,SW2,Gi0/2,39.82,47.07,47.66,13.02,0.14,2.08,5,0,UP
2026-10-02 12:18:22.167756,SW2,Gi0/10,50.35,54.27,59.9,10.74,0.27,2.67,1,0,UP
2026-10-02 12:18:22.167756,SW2,Gi0/11,37.57,58.69,37.2,9.32,0.35,2.6,3,0,UP
2026-10-02 12:19:22.167756,R1,Gi0/1,39.77,47.81,47.26,15.16,0.22,3.08,1,0,UP
2026-10-02 12:19:22.167756,R1,Gi0/2,39.9,48.13,36.32,11.69,0.24,2.26,7,0,UP
2026-10-02 12:19:22.167756,SW1,Gi0/1,42.32,55.75,45.53,15.36,0.44,2.27,1,0,UP
2026-10-02 12:19:22.167756,SW1,Gi0/10,37.26,51.41,48.65,13.4,0.25,2.0,1,0,UP
2026-10-02 12:19:22.167756,SW1,Gi0/11,42.01,59.27,53.16,13.07,0.3,1.81,1,0,UP
2026-10-02 12:19:22.167756,SW2,Gi0/2,36.26,49.37,41.62,14.42,0.15,1.6,6,0,UP
2026-10-02 12:19:22.167756,SW2,Gi0/10,37.74,50.77,48.61,9.73,0.32,2.32,6,0,UP
2026-10-02 12:19:22.167756,SW2,Gi0/11,36.6,50.5,45.31,12.53,0.05,2.06,0,0,UP
2026-10-02 12:20:22.167756,R1,Gi0/1,41.79,39.36,30.19,13.64,0.15,1.51,5,0,UP
2026-10-02 12:20:22.167756,R1,Gi0/2,41.64,54.36,43.67,17.36,0.14,2.87,2,0,UP
2026-10-02 12:20:22.167756,SW1,Gi0/1,31.73,52.41,47.52,9.9,0.11,1.99,3,0,UP
2026-10-02 12:20:22.167756,SW1,Gi0/10,27.65,55.27,41.04,9.34,0.29,1.99,5,0,UP
2026-10-02 12:20:22.167756,SW1,Gi0/11,42.19,49.99,43.78,12.97,0.16,1.57,4,0,UP
2026-10-02 12:20:22.167756,SW2,Gi0/2,39.28,50.17,53.72,11.77,0.2,1.7,3,0,UP
2026-10-02 12:20:22.167756,SW2,Gi0/10,41.75,54.5,40.37,11.08,0.28,2.13,1,0,UP
2026-10-02 12:20:22.167756,SW2,Gi0/11,46.53,41.51,51.27,9.47,0.39,1.23,5,0,UP
2026-10-02 12:21:22.167756,R1,Gi0/1,39.59,48.17,46.48,13.26,0.11,1.59,4,0,UP
2026-10-02 12:21:22.167756,R1,Gi0/2,31.46,47.08,69.33,10.06,0.31,1.71,4,0,UP
2026-10-02 12:21:22.167756,SW1,Gi0/1,43.27,55.64,43.4,15.98,0.14,2.12,3,0,UP
2026-10-02 12:21:22.167756,SW1,Gi0/10,34.39,48.57,46.29,11.14,0.44,1.58,5,0,UP
2026-10-02 12:21:22.167756,SW1,Gi0/11,44.28,49.93,38.08,10.46,0.15,1.11,0,0,UP
2026-10-02 12:21:22.167756,SW2,Gi0/2,32.59,56.73,49.95,13.57,0.26,2.08,5,0,UP
2026-10-02 12:21:22.167756,SW2,Gi0/10,36.95,50.53,50.98,9.36,0.51,2.01,3,0,UP
2026-10-02 12:21:22.167756,SW2,Gi0/11,46.28,54.57,45.3,12.26,0.05,1.72,4,0,UP
2026-10-02 12:22:22.167756,R1,Gi0/1,42.22,56.11,44.04,9.23,0.31,2.72,4,0,UP
2026-10-02 12:22:22.167756,R1,Gi0/2,39.18,55.22,72.43,12.23,0.07,1.71,4,0,UP
2026-10-02 12:22:22.167756,SW1,Gi0/1,31.98,50.85,48.04,15.07,0.33,2.43,0,0,UP
2026-10-02 12:22:22.167756,SW1,Gi0/10,44.61,53.53,47.05,8.54,0.12,1.42,0,0,UP
2026-10-02 12:22:22.167756,SW1,Gi0/11,39.99,46.01,66.0,11.66,0.33,1.22,1,0,UP
2026-10-02 12:22:22.167756,SW2,Gi0/2,40.48,45.46,41.62,11.56,0.18,2.93,3,0,UP
2026-10-02 12:22:22.167756,SW2,Gi0/10,42.4,52.7,49.9,11.83,0.17,2.08,5,0,UP
2026-10-02 12:22:22.167756,SW2,Gi0/11,45.63,48.8,51.14,11.61,0.2,1.76,2,0,UP
2026-10-02 12:23:22.167756,R1,Gi0/1,46.71,50.46,46.08,9.11,0.17,1.88,1,0,UP
2026-10-02 12:23:22.167756,R1,Gi0/2,40.11,47.85,45.64,12.24,0.1,1.8,3,0,UP
2026-10-02 12:23:22.167756,SW1,Gi0/1,45.92,51.28,39.7,12.8,0.37,2.46,4,0,UP
2026-10-02 12:23:22.167756,SW1,Gi0/10,43.63,57.2,53.61,13.13,0.31,1.46,0,0,UP
2026-10-02 12:23:22.167756,SW1,Gi0/11,40.79,50.34,40.65,13.65,0.01,1.73,2,0,UP
2026-10-02 12:23:22.167756,SW2,Gi0/2,31.82,57.47,34.13,10.82,0.29,2.32,0,0,UP
2026-10-02 12:23:22.167756,SW2,Gi0/10,43.41,51.45,63.66,12.81,0.19,1.57,1,0,UP
2026-10-02 12:23:22.167756,SW2,Gi0/11,35.87,56.86,45.14,13.13,0.35,0.82,5,0,UP
2026-10-02 12:24:22.167756,R1,Gi0/1,40.28,52.18,38.37,10.49,0.25,3.19,5,0,UP
2026-10-02 12:24:22.167756,R1,Gi0/2,46.33,49.04,40.2,10.44,0.15,0.97,1,0,UP
2026-10-02 12:24:22.167756,SW1,Gi0/1,37.2,49.12,46.05,12.72,0.2,1.71,0,0,UP
2026-10-02 12:24:22.167756,SW1,Gi0/10,37.12,45.14,48.73,13.82,0.29,2.38,2,0,UP
2026-10-02 12:24:22.167756,SW1,Gi0/11,37.39,46.26,32.94,13.98,0.18,1.38,1,0,UP
2026-10-02 12:24:22.167756,SW2,Gi0/2,35.67,50.22,53.54,11.3,0.0,1.91,2,0,UP
2026-10-02 12:24:22.167756,SW2,Gi0/10,38.88,46.86,46.74,12.13,0.2,2.21,2,0,UP
2026-10-02 12:24:22.167756,SW2,Gi0/11,37.57,56.9,49.47,13.65,0.32,2.26,4,0,UP
2026-10-02 12:25:22.167756,R1,Gi0/1,32.1,51.02,43.54,15.36,0.29,1.68,3,0,UP
2026-10-02 12:25:22.167756,R1,Gi0/2,40.84,52.27,36.85,12.72,0.18,2.14,1,0,UP
2026-10-02 12:25:22.167756,SW1,Gi0/1,37.07,55.87,36.59,10.04,0.19,1.61,1,0,UP
2026-10-02 12:25:22.167756,SW1,Gi0/10,40.53,42.47,36.94,16.11,0.25,1.63,3,0,UP
2026-10-02 12:25:22.167756,SW1,Gi0/11,42.84,54.97,43.98,13.95,0.0,1.47,3,0,UP
2026-10-02 12:25:22.167756,SW2,Gi0/2,41.65,45.44,47.08,10.75,0.17,2.51,4,0,UP
2026-10-02 12:25:22.167756,SW2,Gi0/10,35.01,44.71,41.71,11.95,0.13,2.52,3,0,UP
2026-10-02 12:25:22.167756,SW2,Gi0/11,42.03,43.67,54.34,6.36,0.28,2.47,2,0,UP
2026-10-02 12:26:22.167756,R1,Gi0/1,46.36,49.68,45.5,12.68,0.52,2.67,4,0,UP
2026-10-02 12:26:22.167756,R1,Gi0/2,35.44,50.72,38.5,13.64,0.21,1.44,3,0,UP
2026-10-02 12:26:22.167756,SW1,Gi0/1,35.75,50.76,38.13,12.05,0.28,1.97,2,0,UP
2026-10-02 12:26:22.167756,SW1,Gi0/10,41.02,53.49,36.14,12.52,0.33,2.29,3,0,UP
2026-10-02 12:26:22.167756,SW1,Gi0/11,43.2,52.26,51.03,7.95,0.04,2.5,0,0,UP
2026-10-02 12:26:22.167756,SW2,Gi0/2,42.01,48.24,37.03,12.7,0.22,3.06,1,0,UP
2026-10-02 12:26:22.167756,SW2,Gi0/10,47.2,51.76,39.71,13.6,0.26,2.02,3,0,UP
2026-10-02 12:26:22.167756,SW2,Gi0/11,37.02,45.87,51.08,11.55,0.19,2.14,3,0,UP
2026-10-02 12:27:22.167756,R1,Gi0/1,32.85,56.43,45.97,11.59,0.24,2.12,4,0,UP
2026-10-02 12:27:22.167756,R1,Gi0/2,42.69,53.59,55.81,13.77,0.18,1.44,6,0,UP
2026-10-02 12:27:22.167756,SW1,Gi0/1,38.81,47.63,31.11,12.68,0.21,1.24,3,0,UP
2026-10-02 12:27:22.167756,SW1,Gi0/10,37.51,63.45,40.45,11.13,0.11,2.64,2,0,UP
2026-10-02 12:27:22.167756,SW1,Gi0/11,36.38,53.53,33.96,13.25,0.38,2.28,4,0,UP
2026-10-02 12:27:22.167756,SW2,Gi0/2,44.35,58.55,54.68,12.88,0.29,1.56,4,0,UP
2026-10-02 12:27:22.167756,SW2,Gi0/10,34.97,48.16,20.34,12.8,0.14,2.56,3,0,UP
2026-10-02 12:27:22.167756,SW2,Gi0/11,45.62,44.58,53.31,16.21,0.28,2.4,3,0,UP
2026-10-02 12:28:22.167756,R1,Gi0/1,37.38,53.81,32.95,11.16,0.02,1.65,4,0,UP
2026-10-02 12:28:22.167756,R1,Gi0/2,42.53,50.25,46.36,8.23,0.16,1.66,1,0,UP
2026-10-02 12:28:22.167756,SW1,Gi0/1,43.0,45.7,40.16,7.83,0.17,1.46,3,0,UP
2026-10-02 12:28:22.167756,SW1,Gi0/10,35.24,50.52,43.84,15.34,0.25,1.08,0,0,UP
2026-10-02 12:28:22.167756,SW1,Gi0/11,40.28,45.35,21.25,14.7,0.27,2.26,1,0,UP
2026-10-02 12:28:22.167756,SW2,Gi0/2,42.14,46.48,46.64,10.16,0.35,1.21,5,0,UP
2026-10-02 12:28:22.167756,SW2,Gi0/10,40.19,47.55,46.34,13.47,0.34,2.16,1,0,UP
2026-10-02 12:28:22.167756,SW2,Gi0/11,40.28,59.08,55.78,13.82,0.28,2.35,5,0,UP
2026-10-02 12:29:22.167756,R1,Gi0/1,37.72,43.22,45.55,10.36,0.09,1.64,7,0,UP
2026-10-02 12:29:22.167756,R1,Gi0/2,40.68,51.81,35.22,8.31,0.12,2.72,3,0,UP
2026-10-02 12:29:22.167756,SW1,Gi0/1,42.99,53.69,40.27,14.78,0.14,2.7,3,0,UP
2026-10-02 12:29:22.167756,SW1,Gi0/10,31.05,46.26,30.72,14.33,0.2,0.89,3,0,UP
2026-10-02 12:29:22.167756,SW1,Gi0/11,37.31,42.58,58.42,12.21,0.17,1.8,0,0,UP
2026-10-02 12:29:22.167756,SW2,Gi0/2,33.48,56.42,41.21,12.04,0.0,1.34,4,0,UP
2026-10-02 12:29:22.167756,SW2,Gi0/10,41.89,58.77,55.74,11.54,0.25,1.84,7,0,UP
2026-10-02 12:29:22.167756,SW2,Gi0/11,45.75,50.85,46.6,14.89,0.26,2.78,0,0,UP
2026-10-02 12:30:22.167756,R1,Gi0/1,42.31,47.42,59.05,15.09,0.2,2.77,6,0,UP
2026-10-02 12:30:22.167756,R1,Gi0/2,40.37,62.36,44.75,11.57,0.29,1.82,3,0,UP
2026-10-02 12:30:22.167756,SW1,Gi0/1,47.05,50.1,31.44,12.73,0.13,2.43,4,0,UP
2026-10-02 12:30:22.167756,SW1,Gi0/10,47.36,54.54,53.72,10.66,0.28,2.98,1,0,UP
2026-10-02 12:30:22.167756,SW1,Gi0/11,49.0,47.25,38.18,12.59,0.27,2.46,1,0,UP
2026-10-02 12:30:22.167756,SW2,Gi0/2,42.17,46.57,33.09,10.14,0.12,2.26,5,0,UP
2026-10-02 12:30:22.167756,SW2,Gi0/10,32.63,51.76,35.59,13.26,0.14,1.47,4,0,UP
2026-10-02 12:30:22.167756,SW2,Gi0/11,37.07,48.42,27.24,13.89,0.28,2.0,0,0,UP
2026-10-02 12:31:22.167756,R1,Gi0/1,46.05,46.67,41.37,16.62,0.13,2.37,4,0,UP
2026-10-02 12:31:22.167756,R1,Gi0/2,41.95,51.41,48.01,12.54,0.19,2.76,0,0,UP
2026-10-02 12:31:22.167756,SW1,Gi0/1,45.11,54.11,50.59,14.23,0.19,1.07,2,0,UP
2026-10-02 12:31:22.167756,SW1,Gi0/10,35.04,46.34,35.06,11.05,0.14,0.81,4,0,UP
2026-10-02 12:31:22.167756,SW1,Gi0/11,51.1,53.03,43.38,11.89,0.16,2.05,2,0,UP
2026-10-02 12:31:22.167756,SW2,Gi0/2,35.79,58.41,33.1,13.44,0.19,2.95,3,0,UP
2026-10-02 12:31:22.167756,SW2,Gi0/10,38.2,48.76,45.32,9.71,0.12,1.11,1,0,UP
2026-10-02 12:31:22.167756,SW2,Gi0/11,40.47,51.5,29.17,11.73,0.26,1.92,1,0,UP
2026-10-02 12:32:22.167756,R1,Gi0/1,37.94,47.3,39.91,12.35,0.43,1.63,2,0,UP
2026-10-02 12:32:22.167756,R1,Gi0/2,39.74,46.56,53.79,7.26,0.15,2.41,2,0,UP
2026-10-02 12:32:22.167756,SW1,Gi0/1,35.9,52.2,52.25,12.42,0.12,2.23,2,0,UP
2026-10-02 12:32:22.167756,SW1,Gi0/10,43.73,57.42,24.16,12.22,0.03,3.22,2,0,UP
2026-10-02 12:32:22.167756,SW1,Gi0/11,43.73,49.82,38.58,10.16,0.36,2.48,6,0,UP
2026-10-02 12:32:22.167756,SW2,Gi0/2,40.28,51.44,42.86,11.43,0.1,2.04,1,0,UP
2026-10-02 12:32:22.167756,SW2,Gi0/10,42.21,50.85,47.3,15.35,0.2,2.38,7,0,UP
2026-10-02 12:32:22.167756,SW2,Gi0/11,46.53,55.77,42.55,12.46,0.07,2.25,3,0,UP
2026-10-02 12:33:22.167756,R1,Gi0/1,40.12,55.14,35.34,15.27,0.29,1.96,2,0,UP
2026-10-02 12:33:22.167756,R1,Gi0/2,42.4,57.6,45.81,12.29,0.2,2.89,2,0,UP
2026-10-02 12:33:22.167756,SW1,Gi0/1,39.85,57.32,46.18,14.27,0.11,1.9,5,0,UP
2026-10-02 12:33:22.167756,SW1,Gi0/10,36.62,49.24,47.05,10.02,0.16,2.06,3,0,UP
2026-10-02 12:33:22.167756,SW1,Gi0/11,46.4,57.71,38.15,12.22,0.27,2.76,4,0,UP
2026-10-02 12:33:22.167756,SW2,Gi0/2,41.45,53.33,50.39,10.14,0.22,2.73,2,0,UP
2026-10-02 12:33:22.167756,SW2,Gi0/10,40.65,48.79,26.49,12.04,0.23,1.74,0,0,UP
2026-10-02 12:33:22.167756,SW2,Gi0/11,35.6,53.82,60.78,14.76,0.07,2.43,1,0,UP
2026-10-02 12:34:22.167756,R1,Gi0/1,37.09,47.69,50.65,13.92,0.19,1.96,3,0,UP
2026-10-02 12:34:22.167756,R1,Gi0/2,42.84,55.88,34.73,12.04,0.09,1.97,2,0,UP
2026-10-02 12:34:22.167756,SW1,Gi0/1,39.77,46.0,33.1,7.81,0.19,1.78,1,0,UP
2026-10-02 12:34:22.167756,SW1,Gi0/10,46.61,45.7,56.33,15.25,0.0,2.05,2,0,UP
2026-10-02 12:34:22.167756,SW1,Gi0/11,25.44,42.78,51.2,16.04,0.29,2.16,2,0,UP
2026-10-02 12:34:22.167756,SW2,Gi0/2,48.41,60.74,40.31,8.0,0.0,2.66,2,0,UP
2026-10-02 12:34:22.167756,SW2,Gi0/10,40.92,41.05,38.97,11.41,0.22,1.8,0,0,UP
2026-10-02 12:34:22.167756,SW2,Gi0/11,36.08,56.04,46.96,13.22,0.11,0.52,1,0,UP
2026-10-02 12:35:22.167756,R1,Gi0/1,35.67,51.75,71.29,13.39,0.47,2.28,1,0,UP
2026-10-02 12:35:22.167756,R1,Gi0/2,41.74,58.9,59.64,10.85,0.23,1.29,4,0,UP
2026-10-02 12:35:22.167756,SW1,Gi0/1,47.77,50.2,39.66,12.72,0.24,2.04,3,0,UP
2026-10-02 12:35:22.167756,SW1,Gi0/10,39.13,54.98,50.89,10.03,0.1,1.87,4,0,UP
2026-10-02 12:35:22.167756,SW1,Gi0/11,40.74,46.78,47.09,11.34,0.29,2.17,2,0,UP
2026-10-02 12:35:22.167756,SW2,Gi0/2,41.16,56.58,40.44,12.81,0.19,2.21,1,0,UP
2026-10-02 12:35:22.167756,SW2,Gi0/10,40.55,55.54,37.5,9.34,0.07,1.41,4,0,UP
2026-10-02 12:35:22.167756,SW2,Gi0/11,32.97,48.51,49.95,12.83,0.16,2.1,3,0,UP
2026-10-02 12:36:22.167756,R1,Gi0/1,38.88,48.95,62.88,13.62,0.45,1.75,2,0,UP
2026-10-02 12:36:22.167756,R1,Gi0/2,33.34,45.95,60.22,10.96,0.39,1.38,0,0,UP
2026-10-02 12:36:22.167756,SW1,Gi0/1,38.29,49.68,52.38,12.9,0.16,1.93,2,0,UP
2026-10-02 12:36:22.167756,SW1,Gi0/10,35.43,45.56,53.22,8.34,0.36,1.83,1,0,UP
2026-10-02 12:36:22.167756,SW1,Gi0/11,43.7,57.43,53.94,13.0,0.31,1.14,1,0,UP
2026-10-02 12:36:22.167756,SW2,Gi0/2,35.44,56.12,41.93,13.69,0.25,1.57,1,0,UP
2026-10-02 12:36:22.167756,SW2,Gi0/10,46.47,46.12,46.0,10.43,0.17,1.98,1,0,UP
2026-10-02 12:36:22.167756,SW2,Gi0/11,35.2,51.43,38.24,10.38,0.11,1.96,4,0,UP
2026-10-02 12:37:22.167756,R1,Gi0/1,47.53,46.37,62.2,9.99,0.31,1.64,1,0,UP
2026-10-02 12:37:22.167756,R1,Gi0/2,36.28,49.74,49.64,13.34,0.11,1.51,1,0,UP
2026-10-02 12:37:22.167756,SW1,Gi0/1,39.44,48.95,37.4,12.54,0.43,1.75,2,0,UP
2026-10-02 12:37:22.167756,SW1,Gi0/10,42.8,47.21,50.35,10.56,0.38,2.17,1,0,UP
2026-10-02 12:37:22.167756,SW1,Gi0/11,37.06,47.43,55.98,9.46,0.13,1.72,2,0,UP
2026-10-02 12:37:22.167756,SW2,Gi0/2,38.64,42.54,41.8,11.8,0.14,2.34,4,0,UP
2026-10-02 12:37:22.167756,SW2,Gi0/10,39.61,51.15,27.71,11.16,0.3,1.79,1,0,UP
2026-10-02 12:37:22.167756,SW2,Gi0/11,51.39,59.1,48.74,14.28,0.0,1.61,2,0,UP
2026-10-02 12:38:22.167756,R1,Gi0/1,38.82,47.55,24.6,12.77,0.25,2.8,1,0,UP
2026-10-02 12:38:22.167756,R1,Gi0/2,35.65,36.6,42.65,13.8,0.14,3.07,2,0,UP
2026-10-02 12:38:22.167756,SW1,Gi0/1,40.73,43.18,47.3,8.04,0.27,2.36,5,0,UP
2026-10-02 12:38:22.167756,SW1,Gi0/10,34.9,50.8,49.51,12.88,0.11,0.8,3,0,UP
2026-10-02 12:38:22.167756,SW1,Gi0/11,39.24,47.17,51.11,11.91,0.07,1.03,0,0,UP
2026-10-02 12:38:22.167756,SW2,Gi0/2,51.97,53.61,46.51,11.64,0.18,2.58,2,0,UP
2026-10-02 12:38:22.167756,SW2,Gi0/10,42.88,48.26,60.52,13.48,0.32,1.71,5,0,UP
2026-10-02 12:38:22.167756,SW2,Gi0/11,38.44,50.55,58.08,9.91,0.22,2.22,4,0,UP
2026-10-02 12:39:22.167756,R1,Gi0/1,37.75,60.43,34.64,14.92,0.32,2.95,0,0,UP
2026-10-02 12:39:22.167756,R1,Gi0/2,35.66,57.46,29.98,8.79,0.15,2.1,6,0,UP
2026-10-02 12:39:22.167756,SW1,Gi0/1,39.07,46.96,47.49,12.94,0.24,1.91,0,0,UP
2026-10-02 12:39:22.167756,SW1,Gi0/10,35.41,57.1,46.5,11.35,0.31,1.43,2,0,UP
2026-10-02 12:39:22.167756,SW1,Gi0/11,40.69,47.79,45.81,11.62,0.06,2.09,0,0,UP
2026-10-02 12:39:22.167756,SW2,Gi0/2,40.83,56.87,42.75,9.66,0.19,1.58,4,0,UP
2026-10-02 12:39:22.167756,SW2,Gi0/10,39.26,58.55,54.3,11.69,0.27,1.8,3,0,UP
2026-10-02 12:39:22.167756,SW2,Gi0/11,38.19,53.83,56.46,13.6,0.29,2.46,4,0,UP
2026-10-02 12:40:22.167756,R1,Gi0/1,34.3,58.5,59.44,11.53,0.16,2.31,4,0,UP
2026-10-02 12:40:22.167756,R1,Gi0/2,38.99,43.75,47.45,13.1,0.27,2.17,2,0,UP
2026-10-02 12:40:22.167756,SW1,Gi0/1,44.97,50.33,41.28,11.64,0.03,1.91,4,0,UP
2026-10-02 12:40:22.167756,SW1,Gi0/10,41.7,57.6,42.9,12.97,0.28,3.17,3,0,UP
2026-10-02 12:40:22.167756,SW1,Gi0/11,34.78,54.24,59.93,11.35,0.28,2.61,5,0,UP
2026-10-02 12:40:22.167756,SW2,Gi0/2,40.63,46.51,44.35,12.92,0.29,2.17,2,0,UP
2026-10-02 12:40:22.167756,SW2,Gi0/10,42.78,54.3,48.04,10.33,0.18,2.47,0,0,UP
2026-10-02 12:40:22.167756,SW2,Gi0/11,29.53,57.54,49.09,13.21,0.09,2.37,3,0,UP
2026-10-02 12:41:22.167756,R1,Gi0/1,32.08,57.12,46.27,11.21,0.16,0.99,4,0,UP
2026-10-02 12:41:22.167756,R1,Gi0/2,41.31,49.03,55.23,9.23,0.14,1.57,2,0,UP
2026-10-02 12:41:22.167756,SW1,Gi0/1,40.34,52.15,42.22,10.25,0.37,3.21,3,0,UP
2026-10-02 12:41:22.167756,SW1,Gi0/10,36.22,57.38,33.43,11.33,0.13,1.42,2,0,UP
2026-10-02 12:41:22.167756,SW1,Gi0/11,35.68,50.06,45.22,10.76,0.16,1.88,4,0,UP
2026-10-02 12:41:22.167756,SW2,Gi0/2,39.26,54.12,49.69,13.14,0.34,1.44,2,0,UP
2026-10-02 12:41:22.167756,SW2,Gi0/10,48.82,48.71,22.48,11.59,0.21,0.69,5,0,UP
2026-10-02 12:41:22.167756,SW2,Gi0/11,36.43,51.64,43.19,9.42,0.09,1.53,5,0,UP
2026-10-02 12:42:22.167756,R1,Gi0/1,39.26,47.39,37.52,14.39,0.35,2.59,3,0,UP
2026-10-02 12:42:22.167756,R1,Gi0/2,41.45,43.92,43.03,10.63,0.02,2.53,1,0,UP
2026-10-02 12:42:22.167756,SW1,Gi0/1,45.98,54.41,49.45,13.23,0.14,2.93,3,0,UP
2026-10-02 12:42:22.167756,SW1,Gi0/10,41.51,46.75,37.55,12.95,0.22,1.61,0,0,UP
2026-10-02 12:42:22.167756,SW1,Gi0/11,33.65,55.98,40.09,11.32,0.35,1.44,1,0,UP
2026-10-02 12:42:22.167756,SW2,Gi0/2,36.16,58.09,60.95,13.5,0.28,1.71,6,0,UP
2026-10-02 12:42:22.167756,SW2,Gi0/10,41.34,54.27,44.16,11.46,0.37,2.27,5,0,UP
2026-10-02 12:42:22.167756,SW2,Gi0/11,41.28,45.76,40.33,12.21,0.14,1.45,5,0,UP
2026-10-02 12:43:22.167756,R1,Gi0/1,37.28,50.69,47.37,10.82,0.35,1.44,3,0,UP
2026-10-02 12:43:22.167756,R1,Gi0/2,41.23,49.73,34.62,13.74,0.27,1.66,4,0,UP
2026-10-02 12:43:22.167756,SW1,Gi0/1,41.87,43.6,38.17,14.28,0.23,1.72,1,0,UP
2026-10-02 12:43:22.167756,SW1,Gi0/10,37.42,47.78,38.23,8.52,0.31,2.49,0,0,UP
2026-10-02 12:43:22.167756,SW1,Gi0/11,40.68,45.49,42.91,11.31,0.16,3.0,2,0,UP
2026-10-02 12:43:22.167756,SW2,Gi0/2,35.96,46.19,53.35,8.7,0.12,2.72,3,0,UP
2026-10-02 12:43:22.167756,SW2,Gi0/10,40.96,60.66,46.97,10.58,0.17,1.43,5,0,UP
2026-10-02 12:43:22.167756,SW2,Gi0/11,42.87,55.62,54.7,11.17,0.11,1.97,1,0,UP
2026-10-02 12:44:22.167756,R1,Gi0/1,40.82,55.66,43.65,12.3,0.19,2.4,1,0,UP
2026-10-02 12:44:22.167756,R1,Gi0/2,29.02,52.35,52.9,12.89,0.14,1.43,3,0,UP
2026-10-02 12:44:22.167756,SW1,Gi0/1,40.71,49.37,59.58,10.11,0.38,2.02,0,0,UP
2026-10-02 12:44:22.167756,SW1,Gi0/10,39.1,54.8,42.08,9.05,0.18,1.57,3,0,UP
2026-10-02 12:44:22.167756,SW1,Gi0/11,43.87,44.72,39.35,13.51,0.11,1.46,0,0,UP
2026-10-02 12:44:22.167756,SW2,Gi0/2,41.76,51.55,39.53,12.01,0.35,1.51,0,0,UP
2026-10-02 12:44:22.167756,SW2,Gi0/10,42.28,49.45,39.32,13.3,0.28,0.9,1,0,UP
2026-10-02 12:44:22.167756,SW2,Gi0/11,51.59,52.92,50.41,14.35,0.2,2.4,4,0,UP
2026-10-02 12:45:22.167756,R1,Gi0/1,42.7,48.39,46.38,10.82,0.2,1.42,1,0,UP
2026-10-02 12:45:22.167756,R1,Gi0/2,38.59,45.28,40.96,11.67,0.24,2.47,2,0,UP
2026-10-02 12:45:22.167756,SW1,Gi0/1,46.68,54.69,49.03,12.31,0.23,2.59,5,0,UP
2026-10-02 12:45:22.167756,SW1,Gi0/10,46.67,50.21,49.44,14.69,0.14,1.84,3,0,UP
2026-10-02 12:45:22.167756,SW1,Gi0/11,44.5,54.58,43.15,8.98,0.22,1.54,0,0,UP
2026-10-02 12:45:22.167756,SW2,Gi0/2,33.68,51.63,55.89,12.08,0.22,2.59,0,0,UP
2026-10-02 12:45:22.167756,SW2,Gi0/10,42.6,49.94,49.53,11.03,0.12,2.07,6,0,UP
2026-10-02 12:45:22.167756,SW2,Gi0/11,44.3,47.46,34.27,8.64,0.33,1.52,2,0,UP
2026-10-02 12:46:22.167756,R1,Gi0/1,46.61,41.93,56.94,11.49,0.09,1.88,1,0,UP
2026-10-02 12:46:22.167756,R1,Gi0/2,42.2,46.76,29.71,11.56,0.06,2.1,0,0,UP
2026-10-02 12:46:22.167756,SW1,Gi0/1,37.56,50.91,43.3,12.5,0.27,1.42,2,0,UP
2026-10-02 12:46:22.167756,SW1,Gi0/10,23.35,51.24,42.59,10.03,0.23,2.59,2,0,UP
2026-10-02 12:46:22.167756,SW1,Gi0/11,35.28,50.83,34.32,10.68,0.32,2.03,0,0,UP
2026-10-02 12:46:22.167756,SW2,Gi0/2,31.02,50.81,51.9,8.76,0.24,2.67,6,0,UP
2026-10-02 12:46:22.167756,SW2,Gi0/10,41.66,52.53,27.93,16.2,0.14,1.53,2,0,UP
2026-10-02 12:46:22.167756,SW2,Gi0/11,47.56,61.04,46.0,14.0,0.2,1.48,5,0,UP
2026-10-02 12:47:22.167756,R1,Gi0/1,36.89,57.68,55.39,13.23,0.38,3.12,2,0,UP
2026-10-02 12:47:22.167756,R1,Gi0/2,35.96,40.68,62.96,11.12,0.31,1.63,6,0,UP
2026-10-02 12:47:22.167756,SW1,Gi0/1,36.5,44.04,43.33,10.94,0.26,1.97,4,0,UP
2026-10-02 12:47:22.167756,SW1,Gi0/10,38.54,46.67,40.33,16.09,0.22,1.01,1,0,UP
2026-10-02 12:47:22.167756,SW1,Gi0/11,40.48,59.23,53.23,10.16,0.44,1.98,5,0,UP
2026-10-02 12:47:22.167756,SW2,Gi0/2,34.22,38.01,33.73,5.5,0.41,2.11,1,0,UP
2026-10-02 12:47:22.167756,SW2,Gi0/10,42.26,50.95,49.97,14.42,0.17,1.56,4,0,UP
2026-10-02 12:47:22.167756,SW2,Gi0/11,44.01,50.5,62.42,11.12,0.11,2.21,1,0,UP
2026-10-02 12:48:22.167756,R1,Gi0/1,42.48,45.83,41.8,15.78,0.16,1.6,5,0,UP
2026-10-02 12:48:22.167756,R1,Gi0/2,34.74,46.54,49.61,13.88,0.32,1.63,4,0,UP
2026-10-02 12:48:22.167756,SW1,Gi0/1,37.67,46.97,54.63,10.9,0.23,2.08,0,0,UP
2026-10-02 12:48:22.167756,SW1,Gi0/10,44.83,52.8,29.11,12.55,0.12,2.55,0,0,UP
2026-10-02 12:48:22.167756,SW1,Gi0/11,38.22,51.81,45.43,13.53,0.05,2.83,4,0,UP
2026-10-02 12:48:22.167756,SW2,Gi0/2,46.8,54.37,44.91,9.43,0.14,2.79,5,0,UP
2026-10-02 12:48:22.167756,SW2,Gi0/10,36.9,35.91,43.3,11.42,0.18,2.26,4,0,UP
2026-10-02 12:48:22.167756,SW2,Gi0/11,44.95,52.23,30.59,11.32,0.43,2.19,3,0,UP
2026-10-02 12:49:22.167756,R1,Gi0/1,41.8,52.08,25.94,11.52,0.2,2.64,3,0,UP
2026-10-02 12:49:22.167756,R1,Gi0/2,31.77,52.15,38.57,9.57,0.12,2.27,5,0,UP
2026-10-02 12:49:22.167756,SW1,Gi0/1,42.41,53.16,48.78,12.2,0.27,0.79,3,0,UP
2026-10-02 12:49:22.167756,SW1,Gi0/10,34.78,55.81,43.82,12.06,0.05,2.51,4,0,UP
2026-10-02 12:49:22.167756,SW1,Gi0/11,42.78,45.93,38.81,12.45,0.13,2.22,0,0,UP
2026-10-02 12:49:22.167756,SW2,Gi0/2,37.56,58.98,48.52,12.33,0.4,0.83,1,0,UP
2026-10-02 12:49:22.167756,SW2,Gi0/10,37.99,54.29,52.01,10.27,0.3,1.8,5,0,UP
2026-10-02 12:49:22.167756,SW2,Gi0/11,34.84,49.38,41.08,14.11,0.15,1.98,4,0,UP
2026-10-02 12:50:22.167756,R1,Gi0/1,42.73,54.43,46.69,11.16,0.17,2.01,3,0,UP
2026-10-02 12:50:22.167756,R1,Gi0/2,39.26,50.1,32.86,13.33,0.22,2.5,3,0,UP
2026-10-02 12:50:22.167756,SW1,Gi0/1,31.31,48.21,43.4,13.49,0.0,2.02,4,0,UP
2026-10-02 12:50:22.167756,SW1,Gi0/10,36.69,50.37,39.98,10.54,0.16,1.64,4,0,UP
2026-10-02 12:50:22.167756,SW1,Gi0/11,36.33,45.49,59.14,13.92,0.01,1.62,3,0,UP
2026-10-02 12:50:22.167756,SW2,Gi0/2,41.62,42.55,54.27,13.65,0.25,2.68,3,0,UP
2026-10-02 12:50:22.167756,SW2,Gi0/10,42.24,57.79,53.81,10.32,0.26,1.67,4,0,UP
2026-10-02 12:50:22.167756,SW2,Gi0/11,42.38,43.08,44.03,12.53,0.16,2.16,4,0,UP
2026-10-02 12:51:22.167756,R1,Gi0/1,39.85,51.12,56.07,12.95,0.22,1.52,4,0,UP
2026-10-02 12:51:22.167756,R1,Gi0/2,41.65,56.42,45.38,8.37,0.03,2.37,1,0,UP
2026-10-02 12:51:22.167756,SW1,Gi0/1,42.18,50.57,43.67,11.81,0.11,1.99,1,0,UP
2026-10-02 12:51:22.167756,SW1,Gi0/10,38.14,48.38,43.19,13.84,0.19,2.51,6,0,UP
2026-10-02 12:51:22.167756,SW1,Gi0/11,44.27,52.67,47.61,13.73,0.21,2.49,4,0,UP
2026-10-02 12:51:22.167756,SW2,Gi0/2,38.2,54.48,45.73,11.79,0.15,2.08,4,0,UP
2026-10-02 12:51:22.167756,SW2,Gi0/10,44.44,51.77,49.8,14.54,0.19,1.44,5,0,UP
2026-10-02 12:51:22.167756,SW2,Gi0/11,37.35,46.55,30.63,13.14,0.04,1.62,4,0,UP
2026-10-02 12:52:22.167756,R1,Gi0/1,43.61,46.74,43.93,10.25,0.15,2.13,1,0,UP
2026-10-02 12:52:22.167756,R1,Gi0/2,38.78,42.68,54.06,13.02,0.28,2.65,1,0,UP
2026-10-02 12:52:22.167756,SW1,Gi0/1,38.21,40.53,70.12,11.7,0.3,1.38,4,0,UP
2026-10-02 12:52:22.167756,SW1,Gi0/10,49.29,49.7,36.91,11.72,0.0,1.98,4,0,UP
2026-10-02 12:52:22.167756,SW1,Gi0/11,39.82,48.58,49.22,13.21,0.03,2.04,7,0,UP
2026-10-02 12:52:22.167756,SW2,Gi0/2,33.32,49.57,60.53,14.21,0.15,2.1,2,0,UP
2026-10-02 12:52:22.167756,SW2,Gi0/10,36.26,49.63,42.76,12.23,0.13,1.36,2,0,UP
2026-10-02 12:52:22.167756,SW2,Gi0/11,48.58,50.41,42.35,13.51,0.18,2.93,2,0,UP
2026-10-02 12:53:22.167756,R1,Gi0/1,43.5,46.23,49.02,12.55,0.19,1.75,1,0,UP
2026-10-02 12:53:22.167756,R1,Gi0/2,41.41,53.14,43.98,12.57,0.2,2.05,2,0,UP
2026-10-02 12:53:22.167756,SW1,Gi0/1,40.09,63.49,47.49,13.29,0.24,1.87,5,0,UP
2026-10-02 12:53:22.167756,SW1,Gi0/10,38.54,55.28,42.33,10.08,0.24,1.45,4,0,UP
2026-10-02 12:53:22.167756,SW1,Gi0/11,34.03,48.4,33.55,17.65,0.03,2.0,5,0,UP
2026-10-02 12:53:22.167756,SW2,Gi0/2,45.18,54.26,42.46,14.7,0.29,2.11,3,0,UP
2026-10-02 12:53:22.167756,SW2,Gi0/10,38.48,45.45,54.9,14.62,0.11,1.92,2,0,UP
2026-10-02 12:53:22.167756,SW2,Gi0/11,39.84,50.32,52.57,10.51,0.12,2.62,2,0,UP
2026-10-02 12:54:22.167756,R1,Gi0/1,33.68,47.57,42.36,15.11,0.29,2.57,4,0,UP
2026-10-02 12:54:22.167756,R1,Gi0/2,44.73,46.56,43.41,10.02,0.18,2.34,3,0,UP
2026-10-02 12:54:22.167756,SW1,Gi0/1,46.56,44.29,49.0,9.5,0.21,2.37,2,0,UP
2026-10-02 12:54:22.167756,SW1,Gi0/10,42.76,45.2,31.69,13.11,0.37,1.5,5,0,UP
2026-10-02 12:54:22.167756,SW1,Gi0/11,40.22,43.32,35.95,12.03,0.16,1.34,0,0,UP
2026-10-02 12:54:22.167756,SW2,Gi0/2,35.77,50.97,44.95,11.0,0.22,2.52,3,0,UP
2026-10-02 12:54:22.167756,SW2,Gi0/10,39.39,54.64,37.32,11.55,0.18,1.38,2,0,UP
2026-10-02 12:54:22.167756,SW2,Gi0/11,29.63,59.56,37.5,15.17,0.2,2.28,2,0,UP
2026-10-02 12:55:22.167756,R1,Gi0/1,41.04,53.25,50.32,13.55,0.16,1.76,0,0,UP
2026-10-02 12:55:22.167756,R1,Gi0/2,42.62,55.41,57.93,12.61,0.12,1.15,5,0,UP
2026-10-02 12:55:22.167756,SW1,Gi0/1,31.02,48.3,43.21,11.86,0.2,2.07,0,0,UP
2026-10-02 12:55:22.167756,SW1,Gi0/10,40.07,38.85,50.86,10.89,0.0,1.59,1,0,UP
2026-10-02 12:55:22.167756,SW1,Gi0/11,45.95,50.98,47.76,14.36,0.19,2.38,4,0,UP
2026-10-02 12:55:22.167756,SW2,Gi0/2,33.57,57.36,33.64,13.83,0.05,2.3,6,0,UP
2026-10-02 12:55:22.167756,SW2,Gi0/10,38.94,48.72,49.88,11.34,0.38,2.1,2,0,UP
2026-10-02 12:55:22.167756,SW2,Gi0/11,37.3,45.34,39.98,11.3,0.15,1.67,7,0,UP
2026-10-02 12:56:22.167756,R1,Gi0/1,34.85,50.73,49.74,13.26,0.19,1.88,3,0,UP
2026-10-02 12:56:22.167756,R1,Gi0/2,41.33,48.71,32.5,11.06,0.09,1.67,3,0,UP
2026-10-02 12:56:22.167756,SW1,Gi0/1,41.79,58.9,40.7,13.55,0.23,2.65,4,0,UP
2026-10-02 12:56:22.167756,SW1,Gi0/10,34.96,41.38,47.49,10.94,0.1,1.37,3,0,UP
2026-10-02 12:56:22.167756,SW1,Gi0/11,47.54,47.96,49.72,11.8,0.07,2.37,0,0,UP
2026-10-02 12:56:22.167756,SW2,Gi0/2,40.11,48.29,52.14,9.88,0.24,1.58,1,0,UP
2026-10-02 12:56:22.167756,SW2,Gi0/10,21.82,60.46,49.4,10.47,0.09,1.75,4,0,UP
2026-10-02 12:56:22.167756,SW2,Gi0/11,30.54,49.29,59.17,9.73,0.21,3.1,4,0,UP
2026-10-02 12:57:22.167756,R1,Gi0/1,40.63,52.53,41.79,14.6,0.16,1.02,2,0,UP
2026-10-02 12:57:22.167756,R1,Gi0/2,35.17,48.59,42.93,14.39,0.27,2.13,2,0,UP
2026-10-02 12:57:22.167756,SW1,Gi0/1,34.71,39.09,45.91,13.59,0.19,1.73,3,0,UP
2026-10-02 12:57:22.167756,SW1,Gi0/10,39.58,58.43,54.86,13.92,0.28,1.35,4,0,UP
2026-10-02 12:57:22.167756,SW1,Gi0/11,41.88,53.03,48.94,12.91,0.47,1.96,4,0,UP
2026-10-02 12:57:22.167756,SW2,Gi0/2,37.65,53.95,52.51,12.73,0.37,1.56,2,0,UP
2026-10-02 12:57:22.167756,SW2,Gi0/10,41.06,54.4,46.44,14.57,0.13,1.43,3,0,UP
2026-10-02 12:57:22.167756,SW2,Gi0/11,39.61,52.71,44.78,11.32,0.19,2.01,2,0,UP
2026-10-02 12:58:22.167756,R1,Gi0/1,38.98,47.98,51.85,12.39,0.43,2.08,1,0,UP
2026-10-02 12:58:22.167756,R1,Gi0/2,53.35,52.07,52.92,13.18,0.26,2.27,0,0,UP
2026-10-02 12:58:22.167756,SW1,Gi0/1,41.84,43.38,43.61,10.55,0.24,2.17,3,0,UP
2026-10-02 12:58:22.167756,SW1,Gi0/10,41.44,46.97,42.91,13.84,0.31,1.43,0,0,UP
2026-10-02 12:58:22.167756,SW1,Gi0/11,36.37,55.23,54.72,10.15,0.23,2.92,3,0,UP
2026-10-02 12:58:22.167756,SW2,Gi0/2,47.11,54.99,37.72,11.62,0.2,2.05,4,0,UP
2026-10-02 12:58:22.167756,SW2,Gi0/10,42.04,35.32,34.5,7.63,0.22,2.12,3,0,UP
2026-10-02 12:58:22.167756,SW2,Gi0/11,35.21,53.37,50.73,9.49,0.05,2.0,6,0,UP
2026-10-02 12:59:22.167756,R1,Gi0/1,48.5,52.82,39.16,13.77,0.15,1.62,0,0,UP
2026-10-02 12:59:22.167756,R1,Gi0/2,40.51,46.85,45.77,7.4,0.22,0.78,5,0,UP
2026-10-02 12:59:22.167756,SW1,Gi0/1,42.61,48.61,49.5,10.04,0.21,2.4,0,0,UP
2026-10-02 12:59:22.167756,SW1,Gi0/10,37.76,49.89,43.43,14.91,0.09,1.69,0,0,UP
2026-10-02 12:59:22.167756,SW1,Gi0/11,47.55,48.77,41.49,11.9,0.26,2.17,8,0,UP
2026-10-02 12:59:22.167756,SW2,Gi0/2,42.27,47.67,40.51,11.21,0.05,2.02,4,0,UP
2026-10-02 12:59:22.167756,SW2,Gi0/10,36.93,45.96,57.13,9.15,0.0,1.42,0,0,UP
2026-10-02 12:59:22.167756,SW2,Gi0/11,41.93,48.2,43.24,14.31,0.13,2.39,6,0,UP
2026-10-02 13:00:22.167756,R1,Gi0/1,37.72,53.69,43.07,13.85,0.04,1.18,2,0,UP
2026-10-02 13:00:22.167756,R1,Gi0/2,35.56,47.42,43.24,13.44,0.16,1.59,2,0,UP
2026-10-02 13:00:22.167756,SW1,Gi0/1,36.15,45.33,32.1,12.14,0.14,2.48,0,0,UP
2026-10-02 13:00:22.167756,SW1,Gi0/10,37.29,59.06,37.48,11.53,0.08,1.33,6,0,UP
2026-10-02 13:00:22.167756,SW1,Gi0/11,40.86,50.67,31.43,12.72,0.32,2.57,4,0,UP
2026-10-02 13:00:22.167756,SW2,Gi0/2,34.35,51.57,50.34,8.41,0.09,2.44,4,0,UP
2026-10-02 13:00:22.167756,SW2,Gi0/10,32.26,53.98,45.76,13.56,0.14,2.32,4,0,UP
2026-10-02 13:00:22.167756,SW2,Gi0/11,38.24,50.09,39.81,15.3,0.19,1.54,1,0,UP
2026-10-02 13:01:22.167756,R1,Gi0/1,40.63,53.77,34.31,15.7,0.23,2.23,2,0,UP
2026-10-02 13:01:22.167756,R1,Gi0/2,40.1,49.26,53.14,11.98,0.28,1.78,3,0,UP
2026-10-02 13:01:22.167756,SW1,Gi0/1,35.98,56.08,38.33,11.35,0.17,1.82,4,0,UP
2026-10-02 13:01:22.167756,SW1,Gi0/10,38.42,56.97,38.45,12.34,0.12,2.21,2,0,UP
2026-10-02 13:01:22.167756,SW1,Gi0/11,39.22,55.94,39.77,13.17,0.12,2.06,0,0,UP
2026-10-02 13:01:22.167756,SW2,Gi0/2,36.69,49.59,59.52,12.2,0.37,2.11,2,0,UP
2026-10-02 13:01:22.167756,SW2,Gi0/10,47.7,52.19,39.86,12.94,0.17,1.01,4,0,UP
2026-10-02 13:01:22.167756,SW2,Gi0/11,45.47,59.19,48.38,11.5,0.28,2.42,6,0,UP
2026-10-02 13:02:22.167756,R1,Gi0/1,39.78,49.17,39.28,13.07,0.05,2.39,4,0,UP
2026-10-02 13:02:22.167756,R1,Gi0/2,42.93,50.69,57.26,13.74,0.14,1.71,1,0,UP
2026-10-02 13:02:22.167756,SW1,Gi0/1,42.76,45.0,53.67,14.65,0.11,1.91,3,0,UP
2026-10-02 13:02:22.167756,SW1,Gi0/10,44.42,58.05,31.52,11.36,0.17,1.3,2,0,UP
2026-10-02 13:02:22.167756,SW1,Gi0/11,42.14,48.61,32.64,17.75,0.23,2.06,0,0,UP
2026-10-02 13:02:22.167756,SW2,Gi0/2,41.3,49.18,29.89,9.86,0.28,2.97,3,0,UP
2026-10-02 13:02:22.167756,SW2,Gi0/10,45.52,49.22,44.31,14.18,0.37,2.65,0,0,UP
2026-10-02 13:02:22.167756,SW2,Gi0/11,39.67,51.39,42.92,12.78,0.28,2.5,6,0,UP
2026-10-02 13:03:22.167756,R1,Gi0/1,38.35,43.18,47.87,15.77,0.15,2.34,4,0,UP
2026-10-02 13:03:22.167756,R1,Gi0/2,40.96,50.03,37.61,7.44,0.09,1.8,5,0,UP
2026-10-02 13:03:22.167756,SW1,Gi0/1,39.48,47.4,37.87,13.31,0.34,2.53,4,0,UP
2026-10-02 13:03:22.167756,SW1,Gi0/10,32.62,48.24,60.58,14.24,0.05,1.97,3,0,UP
2026-10-02 13:03:22.167756,SW1,Gi0/11,36.19,38.45,45.79,10.42,0.12,1.82,2,0,UP
2026-10-02 13:03:22.167756,SW2,Gi0/2,39.95,45.58,43.24,8.49,0.23,0.57,2,0,UP
2026-10-02 13:03:22.167756,SW2,Gi0/10,44.6,44.7,50.73,14.31,0.0,1.92,0,0,UP
2026-10-02 13:03:22.167756,SW2,Gi0/11,39.41,49.96,25.14,15.85,0.23,1.58,5,0,UP
2026-10-02 13:04:22.167756,R1,Gi0/1,31.02,43.85,26.6,15.6,0.23,2.33,3,0,UP
2026-10-02 13:04:22.167756,R1,Gi0/2,42.87,50.39,47.17,12.22,0.14,1.98,3,0,UP
2026-10-02 13:04:22.167756,SW1,Gi0/1,40.55,42.61,34.24,14.17,0.17,2.29,0,0,UP
2026-10-02 13:04:22.167756,SW1,Gi0/10,32.63,45.78,43.22,10.67,0.33,2.09,6,0,UP
2026-10-02 13:04:22.167756,SW1,Gi0/11,42.02,37.94,53.45,8.98,0.22,1.61,7,0,UP
2026-10-02 13:04:22.167756,SW2,Gi0/2,47.2,46.29,43.98,12.49,0.29,2.01,0,0,UP
2026-10-02 13:04:22.167756,SW2,Gi0/10,36.41,49.98,54.88,12.86,0.12,2.32,2,0,UP
2026-10-02 13:04:22.167756,SW2,Gi0/11,44.45,62.64,42.13,13.6,0.13,1.94,3,0,UP
2026-10-02 13:05:22.167756,R1,Gi0/1,39.03,62.32,42.55,13.17,0.01,2.22,5,0,UP
2026-10-02 13:05:22.167756,R1,Gi0/2,37.36,37.45,44.69,12.03,0.27,3.01,2,0,UP
2026-10-02 13:05:22.167756,SW1,Gi0/1,35.72,44.17,46.58,12.96,0.15,2.39,3,0,UP
2026-10-02 13:05:22.167756,SW1,Gi0/10,40.22,45.49,41.15,7.14,0.22,2.01,3,0,UP
2026-10-02 13:05:22.167756,SW1,Gi0/11,42.52,51.93,44.12,12.1,0.06,1.71,3,0,UP
2026-10-02 13:05:22.167756,SW2,Gi0/2,36.32,54.3,39.73,12.43,0.21,2.37,4,0,UP
2026-10-02 13:05:22.167756,SW2,Gi0/10,43.47,39.47,54.55,15.05,0.15,2.12,1,0,UP
2026-10-02 13:05:22.167756,SW2,Gi0/11,30.26,46.31,40.68,11.29,0.1,1.63,2,0,UP
2026-10-02 13:06:22.167756,R1,Gi0/1,36.15,52.72,50.45,16.76,0.31,2.12,1,0,UP
2026-10-02 13:06:22.167756,R1,Gi0/2,41.47,51.63,40.89,13.57,0.06,1.88,4,0,UP
2026-10-02 13:06:22.167756,SW1,Gi0/1,38.56,48.97,43.9,10.33,0.32,1.49,3,0,UP
2026-10-02 13:06:22.167756,SW1,Gi0/10,42.07,45.26,45.58,10.18,0.34,1.43,1,0,UP
2026-10-02 13:06:22.167756,SW1,Gi0/11,33.88,43.21,57.73,13.09,0.21,1.67,4,0,UP
2026-10-02 13:06:22.167756,SW2,Gi0/2,35.88,53.97,38.02,10.71,0.28,2.43,4,0,UP
2026-10-02 13:06:22.167756,SW2,Gi0/10,34.75,47.77,46.26,10.3,0.34,0.8,1,0,UP
2026-10-02 13:06:22.167756,SW2,Gi0/11,37.45,35.78,33.83,13.25,0.2,2.79,6,0,UP
2026-10-02 13:07:22.167756,R1,Gi0/1,42.17,51.57,45.53,6.69,0.06,2.05,4,0,UP
2026-10-02 13:07:22.167756,R1,Gi0/2,41.45,45.54,52.5,14.96,0.29,2.49,1,0,UP
2026-10-02 13:07:22.167756,SW1,Gi0/1,45.38,50.73,49.09,12.73,0.19,1.57,2,0,UP
2026-10-02 13:07:22.167756,SW1,Gi0/10,44.93,47.79,52.15,13.47,0.17,2.69,2,0,UP
2026-10-02 13:07:22.167756,SW1,Gi0/11,47.55,52.17,44.87,10.22,0.19,1.9,0,0,UP
2026-10-02 13:07:22.167756,SW2,Gi0/2,38.91,45.98,49.69,14.61,0.08,2.86,2,0,UP
2026-10-02 13:07:22.167756,SW2,Gi0/10,35.12,53.79,41.43,11.84,0.16,1.59,4,0,UP
2026-10-02 13:07:22.167756,SW2,Gi0/11,38.57,42.82,49.41,9.59,0.08,2.6,0,0,UP
2026-10-02 13:08:22.167756,R1,Gi0/1,28.42,53.11,42.57,11.56,0.17,2.12,1,0,UP
2026-10-02 13:08:22.167756,R1,Gi0/2,47.38,42.62,48.56,13.28,0.12,1.49,5,0,UP
2026-10-02 13:08:22.167756,SW1,Gi0/1,35.05,46.97,52.1,12.07,0.02,2.87,1,0,UP
2026-10-02 13:08:22.167756,SW1,Gi0/10,37.99,51.28,50.0,15.92,0.03,2.41,4,0,UP
2026-10-02 13:08:22.167756,SW1,Gi0/11,39.31,53.94,52.47,9.24,0.37,1.22,0,0,UP
2026-10-02 13:08:22.167756,SW2,Gi0/2,38.69,59.62,42.53,11.94,0.34,1.85,0,0,UP
2026-10-02 13:08:22.167756,SW2,Gi0/10,37.91,56.85,45.57,15.86,0.27,1.68,3,0,UP
2026-10-02 13:08:22.167756,SW2,Gi0/11,35.73,46.66,80.83,14.04,0.29,1.69,6,0,UP
2026-10-02 13:09:22.167756,R1,Gi0/1,45.5,59.41,59.66,9.04,0.09,1.5,1,0,UP
2026-10-02 13:09:22.167756,R1,Gi0/2,41.62,47.17,61.58,15.81,0.2,2.98,5,0,UP
2026-10-02 13:09:22.167756,SW1,Gi0/1,37.75,39.95,43.26,10.71,0.22,2.04,3,0,UP
2026-10-02 13:09:22.167756,SW1,Gi0/10,42.62,43.94,48.29,11.12,0.22,2.48,0,0,UP
2026-10-02 13:09:22.167756,SW1,Gi0/11,38.59,49.41,40.89,13.8,0.13,1.72,1,0,UP
2026-10-02 13:09:22.167756,SW2,Gi0/2,45.46,47.54,48.68,15.95,0.19,2.56,6,0,UP
2026-10-02 13:09:22.167756,SW2,Gi0/10,45.14,49.92,50.14,9.43,0.12,1.7,7,0,UP
2026-10-02 13:09:22.167756,SW2,Gi0/11,35.94,45.86,36.65,13.12,0.21,2.54,4,0,UP
2026-10-02 13:10:22.167756,R1,Gi0/1,33.1,45.96,55.92,11.59,0.32,1.93,1,0,UP
2026-10-02 13:10:22.167756,R1,Gi0/2,38.48,45.16,40.48,12.4,0.25,1.2,2,0,UP
2026-10-02 13:10:22.167756,SW1,Gi0/1,37.07,46.76,46.06,10.9,0.34,2.59,5,0,UP
2026-10-02 13:10:22.167756,SW1,Gi0/10,37.53,45.19,45.66,11.7,0.14,1.41,2,0,UP
2026-10-02 13:10:22.167756,SW1,Gi0/11,37.98,53.44,50.32,14.2,0.07,2.2,1,0,UP
2026-10-02 13:10:22.167756,SW2,Gi0/2,33.9,47.86,53.55,11.26,0.36,2.27,2,0,UP
2026-10-02 13:10:22.167756,SW2,Gi0/10,45.8,52.23,37.54,15.72,0.23,2.01,1,0,UP
2026-10-02 13:10:22.167756,SW2,Gi0/11,45.9,52.59,50.03,10.98,0.28,2.46,1,0,UP
2026-10-02 13:11:22.167756,R1,Gi0/1,32.92,52.91,32.41,12.3,0.16,2.61,2,0,UP
2026-10-02 13:11:22.167756,R1,Gi0/2,45.54,47.43,53.0,16.12,0.09,2.15,8,0,UP
2026-10-02 13:11:22.167756,SW1,Gi0/1,40.33,50.31,51.31,12.08,0.03,2.57,0,0,UP
2026-10-02 13:11:22.167756,SW1,Gi0/10,37.92,56.04,42.15,10.61,0.29,1.57,0,0,UP
2026-10-02 13:11:22.167756,SW1,Gi0/11,41.37,49.09,35.05,13.27,0.25,1.82,2,0,UP
2026-10-02 13:11:22.167756,SW2,Gi0/2,42.35,55.95,42.74,13.31,0.26,2.44,3,0,UP
2026-10-02 13:11:22.167756,SW2,Gi0/10,35.44,47.69,47.74,15.64,0.15,2.4,2,0,UP
2026-10-02 13:11:22.167756,SW2,Gi0/11,40.55,57.58,51.11,9.52,0.14,2.63,3,0,UP
2026-10-02 13:12:22.167756,R1,Gi0/1,34.26,45.91,50.63,13.99,0.2,3.24,4,0,UP
2026-10-02 13:12:22.167756,R1,Gi0/2,38.78,45.92,37.2,12.67,0.15,2.84,5,0,UP
2026-10-02 13:12:22.167756,SW1,Gi0/1,43.17,44.11,39.62,14.51,0.14,2.56,3,0,UP
2026-10-02 13:12:22.167756,SW1,Gi0/10,40.26,46.49,44.25,12.38,0.3,1.56,2,0,UP
2026-10-02 13:12:22.167756,SW1,Gi0/11,40.22,53.31,37.73,9.37,0.27,1.24,5,0,UP
2026-10-02 13:12:22.167756,SW2,Gi0/2,39.22,42.26,41.16,12.76,0.15,2.01,4,0,UP
2026-10-02 13:12:22.167756,SW2,Gi0/10,38.99,45.31,42.61,14.83,0.37,0.99,5,0,UP
2026-10-02 13:12:22.167756,SW2,Gi0/11,41.25,54.62,40.6,8.46,0.26,1.53,0,0,UP
2026-10-02 13:13:22.167756,R1,Gi0/1,33.41,53.0,46.12,13.56,0.27,1.79,2,0,UP
2026-10-02 13:13:22.167756,R1,Gi0/2,37.44,48.95,37.26,12.78,0.31,1.59,5,0,UP
2026-10-02 13:13:22.167756,SW1,Gi0/1,40.57,51.21,31.4,8.39,0.21,2.39,1,0,UP
2026-10-02 13:13:22.167756,SW1,Gi0/10,48.35,53.67,37.73,12.06,0.45,1.38,4,0,UP
2026-10-02 13:13:22.167756,SW1,Gi0/11,38.39,53.53,55.14,11.23,0.31,3.11,3,0,UP
2026-10-02 13:13:22.167756,SW2,Gi0/2,43.92,47.05,45.15,11.65,0.28,2.6,2,0,UP
2026-10-02 13:13:22.167756,SW2,Gi0/10,47.67,57.65,51.77,10.97,0.14,1.59,4,0,UP
2026-10-02 13:13:22.167756,SW2,Gi0/11,33.94,53.38,36.35,13.65,0.2,2.67,5,0,UP
2026-10-02 13:14:22.167756,R1,Gi0/1,47.18,57.3,46.15,9.68,0.09,0.96,0,0,UP
2026-10-02 13:14:22.167756,R1,Gi0/2,40.34,47.2,43.56,12.99,0.17,1.44,2,0,UP
2026-10-02 13:14:22.167756,SW1,Gi0/1,35.51,48.65,55.74,11.46,0.38,2.72,1,0,UP
2026-10-02 13:14:22.167756,SW1,Gi0/10,34.44,49.74,54.23,11.02,0.29,2.6,1,0,UP
2026-10-02 13:14:22.167756,SW1,Gi0/11,36.62,53.56,46.21,10.63,0.16,1.96,0,0,UP
2026-10-02 13:14:22.167756,SW2,Gi0/2,43.83,47.61,22.73,11.95,0.13,2.84,1,0,UP
2026-10-02 13:14:22.167756,SW2,Gi0/10,34.51,52.54,39.72,10.44,0.25,1.48,0,0,UP
2026-10-02 13:14:22.167756,SW2,Gi0/11,48.63,52.9,42.89,11.99,0.25,2.49,1,0,UP
2026-10-02 13:15:22.167756,R1,Gi0/1,41.83,47.47,43.49,12.32,0.2,2.37,3,0,UP
2026-10-02 13:15:22.167756,R1,Gi0/2,32.46,43.21,42.04,15.66,0.11,1.9,1,0,UP
2026-10-02 13:15:22.167756,SW1,Gi0/1,37.23,50.89,56.21,12.91,0.12,3.38,3,0,UP
2026-10-02 13:15:22.167756,SW1,Gi0/10,37.11,57.06,41.25,15.33,0.11,2.72,3,0,UP
2026-10-02 13:15:22.167756,SW1,Gi0/11,46.46,59.51,35.94,14.55,0.06,1.48,1,0,UP
2026-10-02 13:15:22.167756,SW2,Gi0/2,42.52,50.17,43.66,12.29,0.26,2.33,5,0,UP
2026-10-02 13:15:22.167756,SW2,Gi0/10,49.1,49.89,40.83,13.23,0.09,1.66,4,0,UP
2026-10-02 13:15:22.167756,SW2,Gi0/11,39.38,43.96,33.08,12.1,0.31,2.56,3,0,UP
2026-10-02 13:16:22.167756,R1,Gi0/1,50.04,49.48,43.89,6.87,0.16,2.43,6,0,UP
2026-10-02 13:16:22.167756,R1,Gi0/2,35.85,52.31,53.38,12.02,0.0,2.12,4,0,UP
2026-10-02 13:16:22.167756,SW1,Gi0/1,35.26,48.73,35.76,6.86,0.3,2.0,6,0,UP
2026-10-02 13:16:22.167756,SW1,Gi0/10,44.29,48.23,44.33,13.13,0.3,2.16,5,0,UP
2026-10-02 13:16:22.167756,SW1,Gi0/11,38.52,45.01,44.48,12.41,0.08,1.33,3,0,UP
2026-10-02 13:16:22.167756,SW2,Gi0/2,37.97,49.17,42.12,15.04,0.33,1.38,1,0,UP
2026-10-02 13:16:22.167756,SW2,Gi0/10,44.25,53.01,44.67,9.72,0.13,1.74,3,0,UP
2026-10-02 13:16:22.167756,SW2,Gi0/11,48.52,46.57,36.79,11.78,0.3,1.28,5,0,UP
2026-10-02 13:17:22.167756,R1,Gi0/1,39.14,46.33,32.2,13.41,0.18,2.09,1,0,UP
2026-10-02 13:17:22.167756,R1,Gi0/2,38.4,47.57,44.2,10.66,0.05,3.36,0,0,UP
2026-10-02 13:17:22.167756,SW1,Gi0/1,40.91,41.14,29.02,12.2,0.22,2.63,3,0,UP
2026-10-02 13:17:22.167756,SW1,Gi0/10,39.25,45.25,56.99,13.86,0.08,2.02,3,0,UP
2026-10-02 13:17:22.167756,SW1,Gi0/11,38.27,53.86,51.65,11.62,0.17,2.75,4,0,UP
2026-10-02 13:17:22.167756,SW2,Gi0/2,40.36,41.85,47.75,13.4,0.0,2.13,2,0,UP
2026-10-02 13:17:22.167756,SW2,Gi0/10,38.9,45.46,43.81,14.78,0.16,2.48,1,0,UP
2026-10-02 13:17:22.167756,SW2,Gi0/11,43.79,50.01,47.82,12.01,0.26,0.72,0,0,UP
2026-10-02 13:18:22.167756,R1,Gi0/1,42.09,39.78,40.76,11.89,0.12,1.65,3,0,UP
2026-10-02 13:18:22.167756,R1,Gi0/2,45.05,45.21,40.4,10.54,0.0,2.07,4,0,UP
2026-10-02 13:18:22.167756,SW1,Gi0/1,45.08,45.65,34.99,12.04,0.28,2.08,3,0,UP
2026-10-02 13:18:22.167756,SW1,Gi0/10,45.71,46.3,43.24,15.27,0.18,1.37,1,0,UP
2026-10-02 13:18:22.167756,SW1,Gi0/11,35.31,51.79,37.83,12.54,0.13,0.94,3,0,UP
2026-10-02 13:18:22.167756,SW2,Gi0/2,40.74,52.59,39.62,10.44,0.24,2.76,3,0,UP
2026-10-02 13:18:22.167756,SW2,Gi0/10,42.12,48.39,32.65,13.93,0.29,2.36,2,0,UP
2026-10-02 13:18:22.167756,SW2,Gi0/11,42.99,54.47,57.96,13.98,0.21,1.35,3,0,UP
2026-10-02 13:19:22.167756,R1,Gi0/1,41.28,53.55,55.83,11.81,0.41,1.12,3,0,UP
2026-10-02 13:19:22.167756,R1,Gi0/2,36.01,40.46,43.39,9.09,0.18,2.02,5,0,UP
2026-10-02 13:19:22.167756,SW1,Gi0/1,32.46,54.54,45.78,14.06,0.16,1.33,0,0,UP
2026-10-02 13:19:22.167756,SW1,Gi0/10,33.54,52.39,56.82,10.87,0.26,1.24,3,0,UP
2026-10-02 13:19:22.167756,SW1,Gi0/11,43.34,42.76,43.37,13.43,0.0,2.67,3,0,UP
2026-10-02 13:19:22.167756,SW2,Gi0/2,43.58,47.94,31.22,13.07,0.19,2.02,5,0,UP
2026-10-02 13:19:22.167756,SW2,Gi0/10,43.81,59.61,46.23,10.62,0.18,2.21,5,0,UP
2026-10-02 13:19:22.167756,SW2,Gi0/11,32.66,50.04,57.88,11.52,0.29,2.25,4,0,UP
2026-10-02 13:20:22.167756,R1,Gi0/1,35.95,45.97,45.16,8.94,0.17,2.13,6,0,UP
2026-10-02 13:20:22.167756,R1,Gi0/2,42.01,53.13,54.32,10.07,0.18,3.21,2,0,UP
2026-10-02 13:20:22.167756,SW1,Gi0/1,45.58,54.82,33.18,12.62,0.21,2.16,1,0,UP
2026-10-02 13:20:22.167756,SW1,Gi0/10,34.42,47.62,44.22,14.37,0.38,2.7,4,0,UP
2026-10-02 13:20:22.167756,SW1,Gi0/11,34.98,47.96,46.68,10.74,0.26,2.36,4,0,UP
2026-10-02 13:20:22.167756,SW2,Gi0/2,45.13,45.48,52.46,10.61,0.11,2.27,5,0,UP
2026-10-02 13:20:22.167756,SW2,Gi0/10,42.44,50.1,47.48,12.27,0.09,1.38,2,0,UP
2026-10-02 13:20:22.167756,SW2,Gi0/11,40.4,50.06,50.41,11.57,0.26,1.93,6,0,UP
2026-10-02 13:21:22.167756,R1,Gi0/1,40.4,61.7,47.82,11.57,0.11,1.28,1,0,UP
2026-10-02 13:21:22.167756,R1,Gi0/2,35.6,51.97,40.79,12.37,0.33,1.96,7,0,UP
2026-10-02 13:21:22.167756,SW1,Gi0/1,34.12,49.25,40.69,13.87,0.0,1.28,2,0,UP
2026-10-02 13:21:22.167756,SW1,Gi0/10,47.76,51.13,34.19,9.61,0.37,1.69,1,0,UP
2026-10-02 13:21:22.167756,SW1,Gi0/11,47.39,55.06,55.19,10.1,0.05,2.07,3,0,UP
2026-10-02 13:21:22.167756,SW2,Gi0/2,41.82,57.39,31.13,13.72,0.09,2.43,2,0,UP
2026-10-02 13:21:22.167756,SW2,Gi0/10,35.93,46.95,33.44,12.08,0.12,2.39,4,0,UP
2026-10-02 13:21:22.167756,SW2,Gi0/11,48.44,51.83,49.17,14.8,0.14,1.26,3,0,UP
2026-10-02 13:22:22.167756,R1,Gi0/1,32.89,62.27,56.64,16.33,0.21,2.28,2,0,UP
2026-10-02 13:22:22.167756,R1,Gi0/2,44.41,43.92,24.66,10.42,0.05,2.74,6,0,UP
2026-10-02 13:22:22.167756,SW1,Gi0/1,32.99,56.46,52.61,8.86,0.16,1.71,4,0,UP
2026-10-02 13:22:22.167756,SW1,Gi0/10,33.86,49.51,39.51,12.95,0.18,1.73,2,0,UP
2026-10-02 13:22:22.167756,SW1,Gi0/11,50.18,47.92,36.67,13.17,0.19,1.29,7,0,UP
2026-10-02 13:22:22.167756,SW2,Gi0/2,38.24,48.11,46.28,15.46,0.03,2.14,7,0,UP
2026-10-02 13:22:22.167756,SW2,Gi0/10,40.64,43.82,40.05,12.41,0.33,1.83,4,0,UP
2026-10-02 13:22:22.167756,SW2,Gi0/11,32.82,42.78,41.14,14.88,0.21,2.14,3,0,UP
2026-10-02 13:23:22.167756,R1,Gi0/1,45.55,46.95,50.51,10.34,0.4,1.6,1,0,UP
2026-10-02 13:23:22.167756,R1,Gi0/2,42.75,50.4,47.61,12.45,0.09,2.81,4,0,UP
2026-10-02 13:23:22.167756,SW1,Gi0/1,46.79,47.36,48.33,12.39,0.31,2.58,3,0,UP
2026-10-02 13:23:22.167756,SW1,Gi0/10,32.41,58.9,49.45,10.78,0.24,1.24,5,0,UP
2026-10-02 13:23:22.167756,SW1,Gi0/11,32.64,48.9,46.96,14.08,0.21,2.32,2,0,UP
2026-10-02 13:23:22.167756,SW2,Gi0/2,39.84,50.43,43.49,8.63,0.12,2.12,2,0,UP
2026-10-02 13:23:22.167756,SW2,Gi0/10,39.22,48.38,38.09,11.01,0.17,2.0,3,0,UP
2026-10-02 13:23:22.167756,SW2,Gi0/11,39.1,44.85,33.82,17.19,0.09,1.74,4,0,UP
2026-10-02 13:24:22.167756,R1,Gi0/1,41.8,52.6,41.46,12.48,0.21,1.84,3,0,UP
2026-10-02 13:24:22.167756,R1,Gi0/2,45.28,49.89,44.88,14.14,0.3,2.79,0,0,UP
2026-10-02 13:24:22.167756,SW1,Gi0/1,44.53,53.01,37.91,12.5,0.31,1.59,3,0,UP
2026-10-02 13:24:22.167756,SW1,Gi0/10,44.36,44.64,43.86,12.6,0.12,1.56,2,0,UP
2026-10-02 13:24:22.167756,SW1,Gi0/11,44.01,53.22,38.11,13.3,0.12,1.19,2,0,UP
2026-10-02 13:24:22.167756,SW2,Gi0/2,45.61,53.28,44.99,11.17,0.16,2.05,0,0,UP
2026-10-02 13:24:22.167756,SW2,Gi0/10,38.26,48.92,34.19,10.32,0.24,2.0,2,0,UP
2026-10-02 13:24:22.167756,SW2,Gi0/11,35.44,57.88,38.3,12.5,0.15,2.02,3,0,UP
2026-10-02 13:25:22.167756,R1,Gi0/1,33.15,49.97,54.53,15.52,0.19,2.02,7,0,UP
2026-10-02 13:25:22.167756,R1,Gi0/2,45.67,46.91,40.05,13.91,0.1,2.54,3,0,UP
2026-10-02 13:25:22.167756,SW1,Gi0/1,42.59,48.72,39.96,14.92,0.18,1.79,2,0,UP
2026-10-02 13:25:22.167756,SW1,Gi0/10,40.97,44.85,40.48,10.76,0.28,1.56,0,0,UP
2026-10-02 13:25:22.167756,SW1,Gi0/11,30.16,42.65,55.89,12.03,0.25,2.27,3,0,UP
2026-10-02 13:25:22.167756,SW2,Gi0/2,39.63,55.22,46.17,14.8,0.26,1.69,2,0,UP
2026-10-02 13:25:22.167756,SW2,Gi0/10,36.36,56.09,41.76,10.4,0.23,1.95,3,0,UP
2026-10-02 13:25:22.167756,SW2,Gi0/11,49.45,54.57,45.22,9.18,0.15,2.36,0,0,UP
2026-10-02 13:26:22.167756,R1,Gi0/1,50.7,50.07,45.39,10.67,0.25,1.42,7,0,UP
2026-10-02 13:26:22.167756,R1,Gi0/2,46.59,54.92,33.88,12.41,0.32,2.3,0,0,UP
2026-10-02 13:26:22.167756,SW1,Gi0/1,36.75,47.74,40.17,15.06,0.01,2.33,0,0,UP
2026-10-02 13:26:22.167756,SW1,Gi0/10,35.19,39.95,40.61,15.02,0.23,1.4,5,0,UP
2026-10-02 13:26:22.167756,SW1,Gi0/11,46.16,50.52,61.28,13.64,0.27,1.6,4,0,UP
2026-10-02 13:26:22.167756,SW2,Gi0/2,41.08,52.6,39.52,12.26,0.12,0.93,4,0,UP
2026-10-02 13:26:22.167756,SW2,Gi0/10,32.49,50.54,47.66,12.65,0.17,2.14,3,0,UP
2026-10-02 13:26:22.167756,SW2,Gi0/11,43.67,58.67,46.87,12.13,0.11,2.22,4,0,UP
2026-10-02 13:27:22.167756,R1,Gi0/1,39.04,52.72,42.66,13.34,0.29,2.45,3,0,UP
2026-10-02 13:27:22.167756,R1,Gi0/2,34.8,46.94,49.76,16.9,0.17,2.23,1,0,UP
2026-10-02 13:27:22.167756,SW1,Gi0/1,35.13,46.62,28.34,14.71,0.0,1.87,0,0,UP
2026-10-02 13:27:22.167756,SW1,Gi0/10,35.58,56.88,46.61,10.07,0.14,1.62,2,0,UP
2026-10-02 13:27:22.167756,SW1,Gi0/11,40.86,59.48,29.67,11.93,0.17,2.47,3,0,UP
2026-10-02 13:27:22.167756,SW2,Gi0/2,42.95,51.73,37.54,14.42,0.28,2.46,5,0,UP
2026-10-02 13:27:22.167756,SW2,Gi0/10,42.09,57.4,48.02,11.56,0.2,1.99,1,0,UP
2026-10-02 13:27:22.167756,SW2,Gi0/11,48.16,51.48,45.76,12.78,0.5,1.43,1,0,UP
2026-10-02 13:28:22.167756,R1,Gi0/1,33.1,48.84,46.96,11.07,0.15,2.07,1,0,UP
2026-10-02 13:28:22.167756,R1,Gi0/2,41.55,55.57,50.42,13.76,0.31,2.14,2,0,UP
2026-10-02 13:28:22.167756,SW1,Gi0/1,36.14,48.04,40.81,13.46,0.23,2.35,0,0,UP
2026-10-02 13:28:22.167756,SW1,Gi0/10,47.16,47.87,36.2,11.12,0.45,1.81,2,0,UP
2026-10-02 13:28:22.167756,SW1,Gi0/11,39.04,49.26,38.75,12.29,0.31,2.16,0,0,UP
2026-10-02 13:28:22.167756,SW2,Gi0/2,38.28,47.24,45.42,14.66,0.19,1.96,6,0,UP
2026-10-02 13:28:22.167756,SW2,Gi0/10,44.38,52.87,60.67,12.98,0.0,2.42,0,0,UP
2026-10-02 13:28:22.167756,SW2,Gi0/11,42.26,41.43,41.27,11.27,0.12,1.83,5,0,UP
2026-10-02 13:29:22.167756,R1,Gi0/1,36.43,52.73,37.27,11.62,0.23,1.5,0,0,UP
2026-10-02 13:29:22.167756,R1,Gi0/2,42.46,55.62,44.37,11.09,0.22,2.03,3,0,UP
2026-10-02 13:29:22.167756,SW1,Gi0/1,27.36,44.65,38.24,12.3,0.22,2.32,3,0,UP
2026-10-02 13:29:22.167756,SW1,Gi0/10,33.5,57.24,55.18,9.48,0.23,1.7,3,0,UP
2026-10-02 13:29:22.167756,SW1,Gi0/11,45.27,60.65,51.01,12.59,0.17,2.09,5,0,UP
2026-10-02 13:29:22.167756,SW2,Gi0/2,39.78,45.57,32.04,13.03,0.22,1.68,5,0,UP
2026-10-02 13:29:22.167756,SW2,Gi0/10,37.89,49.33,44.87,11.3,0.22,2.58,0,0,UP
2026-10-02 13:29:22.167756,SW2,Gi0/11,42.44,50.86,46.23,13.74,0.2,2.24,4,0,UP
2026-10-02 13:30:22.167756,R1,Gi0/1,37.48,51.5,42.99,11.73,0.17,2.24,3,0,UP
2026-10-02 13:30:22.167756,R1,Gi0/2,41.97,49.91,32.17,12.06,0.21,2.12,1,0,UP
2026-10-02 13:30:22.167756,SW1,Gi0/1,34.02,53.12,42.81,12.34,0.17,2.0,2,0,UP
2026-10-02 13:30:22.167756,SW1,Gi0/10,35.16,52.37,40.18,12.33,0.24,1.71,0,0,UP
2026-10-02 13:30:22.167756,SW1,Gi0/11,52.13,47.36,49.99,15.88,0.28,1.85,2,0,UP
2026-10-02 13:30:22.167756,SW2,Gi0/2,35.84,54.41,49.53,10.97,0.1,1.34,4,0,UP
2026-10-02 13:30:22.167756,SW2,Gi0/10,40.6,51.07,38.42,9.07,0.3,2.02,4,0,UP
2026-10-02 13:30:22.167756,SW2,Gi0/11,38.07,48.82,50.71,13.46,0.28,1.85,4,0,UP
2026-10-02 13:31:22.167756,R1,Gi0/1,45.55,49.48,40.89,14.69,0.13,2.31,2,0,UP
2026-10-02 13:31:22.167756,R1,Gi0/2,30.79,55.64,22.94,8.03,0.25,2.26,1,0,UP
2026-10-02 13:31:22.167756,SW1,Gi0/1,40.74,37.34,50.66,12.5,0.2,2.01,3,0,UP
2026-10-02 13:31:22.167756,SW1,Gi0/10,39.86,40.63,62.57,14.4,0.07,1.83,2,0,UP
2026-10-02 13:31:22.167756,SW1,Gi0/11,45.39,39.2,41.01,8.48,0.17,1.76,3,0,UP
2026-10-02 13:31:22.167756,SW2,Gi0/2,36.98,46.24,49.96,12.91,0.26,1.91,1,0,UP
2026-10-02 13:31:22.167756,SW2,Gi0/10,39.41,52.51,27.59,12.79,0.23,2.03,2,0,UP
2026-10-02 13:31:22.167756,SW2,Gi0/11,27.17,47.8,59.32,12.03,0.17,2.01,3,0,UP
2026-10-02 13:32:22.167756,R1,Gi0/1,43.29,48.86,48.4,15.35,0.3,3.17,1,0,UP
2026-10-02 13:32:22.167756,R1,Gi0/2,48.38,46.05,47.83,13.46,0.15,2.04,4,0,UP
2026-10-02 13:32:22.167756,SW1,Gi0/1,36.45,58.35,33.92,15.88,0.3,1.96,2,0,UP
2026-10-02 13:32:22.167756,SW1,Gi0/10,37.46,49.32,44.61,14.51,0.4,2.1,1,0,UP
2026-10-02 13:32:22.167756,SW1,Gi0/11,37.27,49.08,36.76,9.64,0.41,2.15,1,0,UP
2026-10-02 13:32:22.167756,SW2,Gi0/2,44.08,44.11,36.23,10.39,0.37,1.87,0,0,UP
2026-10-02 13:32:22.167756,SW2,Gi0/10,46.05,48.47,30.2,11.37,0.25,2.2,6,0,UP
2026-10-02 13:32:22.167756,SW2,Gi0/11,35.74,50.23,39.4,8.92,0.29,2.23,3,0,UP
2026-10-02 13:33:22.167756,R1,Gi0/1,42.13,46.57,36.95,12.08,0.32,2.8,4,0,UP
2026-10-02 13:33:22.167756,R1,Gi0/2,40.15,51.35,45.09,9.95,0.2,1.33,2,0,UP
2026-10-02 13:33:22.167756,SW1,Gi0/1,48.18,54.11,37.62,11.86,0.12,1.97,5,0,UP
2026-10-02 13:33:22.167756,SW1,Gi0/10,43.27,62.42,54.54,12.41,0.27,1.9,0,0,UP
2026-10-02 13:33:22.167756,SW1,Gi0/11,46.53,55.04,43.07,12.55,0.32,2.42,0,0,UP
2026-10-02 13:33:22.167756,SW2,Gi0/2,41.22,49.16,53.9,14.06,0.33,1.44,1,0,UP
2026-10-02 13:33:22.167756,SW2,Gi0/10,45.57,47.04,32.83,13.07,0.15,2.89,3,0,UP
2026-10-02 13:33:22.167756,SW2,Gi0/11,40.8,48.15,57.73,12.72,0.16,1.6,2,0,UP
2026-10-02 13:34:22.167756,R1,Gi0/1,35.11,55.14,30.53,11.72,0.26,2.17,1,0,UP
2026-10-02 13:34:22.167756,R1,Gi0/2,43.3,45.57,44.82,13.3,0.25,1.66,5,0,UP
2026-10-02 13:34:22.167756,SW1,Gi0/1,40.43,53.71,57.23,14.24,0.31,2.1,4,0,UP
2026-10-02 13:34:22.167756,SW1,Gi0/10,41.07,43.95,47.42,12.51,0.26,1.94,1,0,UP
2026-10-02 13:34:22.167756,SW1,Gi0/11,43.28,43.43,56.67,11.54,0.22,2.28,4,0,UP
2026-10-02 13:34:22.167756,SW2,Gi0/2,32.96,54.12,47.43,10.73,0.13,1.83,0,0,UP
2026-10-02 13:34:22.167756,SW2,Gi0/10,48.61,57.43,48.61,11.55,0.18,2.38,6,0,UP
2026-10-02 13:34:22.167756,SW2,Gi0/11,37.15,44.41,57.38,8.43,0.1,1.88,0,0,UP
2026-10-02 13:35:22.167756,R1,Gi0/1,45.56,54.28,40.4,14.56,0.34,1.94,2,0,UP
2026-10-02 13:35:22.167756,R1,Gi0/2,51.3,53.61,47.05,14.73,0.23,1.75,3,0,UP
2026-10-02 13:35:22.167756,SW1,Gi0/1,45.19,40.04,42.7,14.77,0.15,2.77,5,0,UP
2026-10-02 13:35:22.167756,SW1,Gi0/10,39.67,47.16,42.7,17.33,0.39,2.06,1,0,UP
2026-10-02 13:35:22.167756,SW1,Gi0/11,40.59,51.22,35.05,12.16,0.33,1.1,4,0,UP
2026-10-02 13:35:22.167756,SW2,Gi0/2,46.87,47.2,58.55,10.62,0.24,1.85,2,0,UP
2026-10-02 13:35:22.167756,SW2,Gi0/10,36.91,53.49,51.79,11.87,0.06,2.2,3,0,UP
2026-10-02 13:35:22.167756,SW2,Gi0/11,38.92,59.34,32.49,7.57,0.13,2.36,0,0,UP
2026-10-02 13:36:22.167756,R1,Gi0/1,35.1,54.76,48.7,12.75,0.28,1.79,2,0,UP
2026-10-02 13:36:22.167756,R1,Gi0/2,44.05,43.28,27.86,11.13,0.29,2.13,4,0,UP
2026-10-02 13:36:22.167756,SW1,Gi0/1,29.92,51.58,50.23,9.3,0.29,1.94,9,0,UP
2026-10-02 13:36:22.167756,SW1,Gi0/10,29.11,56.85,41.85,8.77,0.15,2.14,5,0,UP
2026-10-02 13:36:22.167756,SW1,Gi0/11,48.61,57.11,37.28,14.26,0.24,1.67,2,0,UP
2026-10-02 13:36:22.167756,SW2,Gi0/2,36.45,50.19,39.16,9.94,0.25,2.31,2,0,UP
2026-10-02 13:36:22.167756,SW2,Gi0/10,46.84,48.7,42.58,13.32,0.19,2.04,0,0,UP
2026-10-02 13:36:22.167756,SW2,Gi0/11,40.08,40.86,35.23,9.33,0.1,1.73,2,0,UP
2026-10-02 13:37:22.167756,R1,Gi0/1,43.32,51.11,29.79,12.17,0.23,1.84,2,0,UP
2026-10-02 13:37:22.167756,R1,Gi0/2,40.95,53.82,32.4,11.51,0.35,2.71,4,0,UP
2026-10-02 13:37:22.167756,SW1,Gi0/1,42.68,58.27,60.34,11.74,0.1,1.86,9,0,UP
2026-10-02 13:37:22.167756,SW1,Gi0/10,32.15,47.65,33.7,12.25,0.08,1.95,0,0,UP
2026-10-02 13:37:22.167756,SW1,Gi0/11,43.09,56.11,41.93,11.73,0.18,2.09,2,0,UP
2026-10-02 13:37:22.167756,SW2,Gi0/2,43.84,56.17,38.49,11.38,0.29,1.29,0,0,UP
2026-10-02 13:37:22.167756,SW2,Gi0/10,41.13,52.48,39.22,10.84,0.12,1.57,4,0,UP
2026-10-02 13:37:22.167756,SW2,Gi0/11,34.1,48.67,37.76,9.09,0.29,1.74,3,0,UP
2026-10-02 13:38:22.167756,R1,Gi0/1,32.46,46.29,51.05,17.17,0.0,1.9,3,0,UP
2026-10-02 13:38:22.167756,R1,Gi0/2,36.92,54.25,38.07,12.31,0.15,2.61,1,0,UP
2026-10-02 13:38:22.167756,SW1,Gi0/1,38.24,54.73,36.78,12.14,0.02,1.46,3,0,UP
2026-10-02 13:38:22.167756,SW1,Gi0/10,35.05,47.28,48.94,10.84,0.28,2.11,3,0,UP
2026-10-02 13:38:22.167756,SW1,Gi0/11,46.2,51.6,57.31,13.82,0.15,2.65,3,0,UP
2026-10-02 13:38:22.167756,SW2,Gi0/2,38.03,51.39,53.9,12.91,0.38,2.54,4,0,UP
2026-10-02 13:38:22.167756,SW2,Gi0/10,34.87,49.1,45.57,13.39,0.26,2.08,3,0,UP
2026-10-02 13:38:22.167756,SW2,Gi0/11,43.6,45.71,58.56,7.91,0.35,1.98,5,0,UP
2026-10-02 13:39:22.167756,R1,Gi0/1,41.82,51.73,49.43,13.62,0.17,2.52,0,0,UP
2026-10-02 13:39:22.167756,R1,Gi0/2,39.97,54.18,52.96,12.92,0.16,2.45,1,0,UP
2026-10-02 13:39:22.167756,SW1,Gi0/1,48.76,49.58,32.68,9.61,0.2,2.07,6,0,UP
2026-10-02 13:39:22.167756,SW1,Gi0/10,34.81,50.2,36.52,11.01,0.37,1.43,4,0,UP
2026-10-02 13:39:22.167756,SW1,Gi0/11,41.96,49.88,49.16,9.68,0.37,2.96,3,0,UP
2026-10-02 13:39:22.167756,SW2,Gi0/2,52.12,48.0,48.2,14.86,0.15,1.31,0,0,UP
2026-10-02 13:39:22.167756,SW2,Gi0/10,50.3,47.35,43.51,9.77,0.29,1.61,2,0,UP
2026-10-02 13:39:22.167756,SW2,Gi0/11,41.5,44.68,43.57,14.8,0.24,2.07,3,0,UP
2026-10-02 13:40:22.167756,R1,Gi0/1,38.05,59.98,38.5,12.42,0.21,2.5,5,0,UP
2026-10-02 13:40:22.167756,R1,Gi0/2,39.84,51.45,47.63,7.46,0.04,1.7,1,0,UP
2026-10-02 13:40:22.167756,SW1,Gi0/1,34.0,53.75,45.02,11.57,0.07,1.98,0,0,UP
2026-10-02 13:40:22.167756,SW1,Gi0/10,39.19,50.32,46.94,8.87,0.22,1.48,1,0,UP
2026-10-02 13:40:22.167756,SW1,Gi0/11,43.59,60.07,45.41,10.37,0.22,2.47,4,0,UP
2026-10-02 13:40:22.167756,SW2,Gi0/2,53.72,46.42,47.02,15.1,0.35,1.02,2,0,UP
2026-10-02 13:40:22.167756,SW2,Gi0/10,47.42,64.45,50.63,11.26,0.1,3.11,4,0,UP
2026-10-02 13:40:22.167756,SW2,Gi0/11,35.76,48.98,47.48,13.09,0.11,1.69,0,0,UP
2026-10-02 13:41:22.167756,R1,Gi0/1,45.2,48.29,48.73,14.84,0.22,1.94,3,0,UP
2026-10-02 13:41:22.167756,R1,Gi0/2,40.32,56.23,47.49,10.91,0.3,2.62,0,0,UP
2026-10-02 13:41:22.167756,SW1,Gi0/1,47.66,51.82,47.27,14.01,0.14,2.48,2,0,UP
2026-10-02 13:41:22.167756,SW1,Gi0/10,32.63,45.01,49.54,10.11,0.36,2.59,5,0,UP
2026-10-02 13:41:22.167756,SW1,Gi0/11,40.62,51.29,35.45,13.99,0.24,2.28,6,0,UP
2026-10-02 13:41:22.167756,SW2,Gi0/2,36.97,49.37,47.61,10.13,0.18,2.25,2,0,UP
2026-10-02 13:41:22.167756,SW2,Gi0/10,46.54,42.45,53.98,13.32,0.14,1.54,0,0,UP
2026-10-02 13:41:22.167756,SW2,Gi0/11,36.02,55.24,44.55,14.33,0.14,2.35,1,0,UP
2026-10-02 13:42:22.167756,R1,Gi0/1,35.17,49.46,39.68,8.91,0.18,2.05,5,0,UP
2026-10-02 13:42:22.167756,R1,Gi0/2,44.68,56.1,50.76,12.67,0.08,2.07,4,0,UP
2026-10-02 13:42:22.167756,SW1,Gi0/1,47.29,53.43,54.92,9.94,0.17,2.21,5,0,UP
2026-10-02 13:42:22.167756,SW1,Gi0/10,39.27,49.59,50.5,9.75,0.36,1.56,0,0,UP
2026-10-02 13:42:22.167756,SW1,Gi0/11,40.05,58.49,49.69,13.5,0.2,1.92,0,0,UP
2026-10-02 13:42:22.167756,SW2,Gi0/2,28.7,50.98,55.5,12.69,0.26,2.79,3,0,UP
2026-10-02 13:42:22.167756,SW2,Gi0/10,39.39,45.91,61.18,13.05,0.11,1.41,5,0,UP
2026-10-02 13:42:22.167756,SW2,Gi0/11,34.81,59.27,22.95,14.85,0.25,2.06,2,0,UP
2026-10-02 13:43:22.167756,R1,Gi0/1,49.45,53.54,37.77,8.56,0.22,2.0,0,0,UP
2026-10-02 13:43:22.167756,R1,Gi0/2,39.72,47.13,45.07,13.45,0.35,2.45,1,0,UP
2026-10-02 13:43:22.167756,SW1,Gi0/1,41.84,50.32,34.34,12.8,0.39,2.02,0,0,UP
2026-10-02 13:43:22.167756,SW1,Gi0/10,40.15,43.93,51.91,13.05,0.18,1.83,2,0,UP
2026-10-02 13:43:22.167756,SW1,Gi0/11,40.04,46.14,33.9,14.28,0.16,2.08,3,0,UP
2026-10-02 13:43:22.167756,SW2,Gi0/2,41.61,44.13,31.59,10.82,0.24,1.64,2,0,UP
2026-10-02 13:43:22.167756,SW2,Gi0/10,50.64,40.77,38.96,15.79,0.2,1.65,5,0,UP
2026-10-02 13:43:22.167756,SW2,Gi0/11,40.28,48.26,46.54,10.68,0.1,1.94,0,0,UP
2026-10-02 13:44:22.167756,R1,Gi0/1,40.05,51.77,51.82,14.26,0.16,2.25,3,0,UP
2026-10-02 13:44:22.167756,R1,Gi0/2,41.64,47.6,36.78,13.0,0.03,1.87,0,0,UP
2026-10-02 13:44:22.167756,SW1,Gi0/1,33.32,45.61,53.77,13.38,0.14,2.36,4,0,UP
2026-10-02 13:44:22.167756,SW1,Gi0/10,39.2,43.08,43.34,11.8,0.08,2.18,3,0,UP
2026-10-02 13:44:22.167756,SW1,Gi0/11,42.23,51.39,50.84,11.64,0.22,1.8,1,0,UP
2026-10-02 13:44:22.167756,SW2,Gi0/2,46.69,39.78,52.01,10.76,0.12,2.13,0,0,UP
2026-10-02 13:44:22.167756,SW2,Gi0/10,35.92,45.75,43.23,10.39,0.36,2.9,0,0,UP
2026-10-02 13:44:22.167756,SW2,Gi0/11,42.72,54.29,49.34,10.68,0.18,1.63,2,0,UP
2026-10-02 13:45:22.167756,R1,Gi0/1,33.95,49.43,32.98,11.6,0.08,2.1,1,0,UP
2026-10-02 13:45:22.167756,R1,Gi0/2,41.45,55.41,57.72,6.94,0.12,1.85,3,0,UP
2026-10-02 13:45:22.167756,SW1,Gi0/1,31.75,45.09,46.04,12.17,0.24,2.22,3,0,UP
2026-10-02 13:45:22.167756,SW1,Gi0/10,40.97,50.28,50.32,7.52,0.35,0.9,0,0,UP
2026-10-02 13:45:22.167756,SW1,Gi0/11,38.87,53.36,21.04,11.94,0.28,2.5,1,0,UP
2026-10-02 13:45:22.167756,SW2,Gi0/2,38.5,46.92,41.86,9.94,0.11,2.22,3,0,UP
2026-10-02 13:45:22.167756,SW2,Gi0/10,42.46,51.07,50.63,13.76,0.03,1.57,2,0,UP
2026-10-02 13:45:22.167756,SW2,Gi0/11,39.89,46.65,52.3,15.96,0.22,2.04,4,0,UP
2026-10-02 13:46:22.167756,R1,Gi0/1,30.67,50.14,52.83,10.71,0.08,1.91,2,0,UP
2026-10-02 13:46:22.167756,R1,Gi0/2,35.46,60.48,41.17,9.69,0.19,2.45,3,0,UP
2026-10-02 13:46:22.167756,SW1,Gi0/1,42.43,45.64,56.9,13.12,0.3,2.18,4,0,UP
2026-10-02 13:46:22.167756,SW1,Gi0/10,35.63,47.54,55.77,15.12,0.09,2.12,2,0,UP
2026-10-02 13:46:22.167756,SW1,Gi0/11,36.51,51.42,54.13,12.9,0.17,2.26,2,0,UP
2026-10-02 13:46:22.167756,SW2,Gi0/2,42.06,56.98,28.38,13.59,0.05,2.61,1,0,UP
2026-10-02 13:46:22.167756,SW2,Gi0/10,33.91,53.48,47.91,10.0,0.07,1.91,0,0,UP
2026-10-02 13:46:22.167756,SW2,Gi0/11,34.69,50.58,37.27,12.85,0.35,1.93,3,0,UP
2026-10-02 13:47:22.167756,R1,Gi0/1,50.09,44.06,54.53,14.14,0.29,2.65,3,0,UP
2026-10-02 13:47:22.167756,R1,Gi0/2,37.09,55.47,54.06,14.21,0.2,1.64,3,0,UP
2026-10-02 13:47:22.167756,SW1,Gi0/1,44.71,55.12,41.56,12.63,0.07,2.49,1,0,UP
2026-10-02 13:47:22.167756,SW1,Gi0/10,43.93,44.25,53.25,12.64,0.12,2.35,1,0,UP
2026-10-02 13:47:22.167756,SW1,Gi0/11,43.75,48.63,31.23,10.04,0.16,2.68,4,0,UP
2026-10-02 13:47:22.167756,SW2,Gi0/2,48.12,58.27,40.72,11.62,0.16,1.66,0,0,UP
2026-10-02 13:47:22.167756,SW2,Gi0/10,39.93,43.57,44.73,16.23,0.15,2.1,4,0,UP
2026-10-02 13:47:22.167756,SW2,Gi0/11,41.4,51.46,42.1,11.54,0.1,2.42,0,0,UP
2026-10-02 13:48:22.167756,R1,Gi0/1,44.86,42.98,52.7,11.29,0.08,2.29,4,0,UP
2026-10-02 13:48:22.167756,R1,Gi0/2,37.81,53.6,26.72,9.36,0.33,1.89,0,0,UP
2026-10-02 13:48:22.167756,SW1,Gi0/1,36.51,45.38,43.67,11.26,0.22,1.97,5,0,UP
2026-10-02 13:48:22.167756,SW1,Gi0/10,42.12,52.29,54.32,11.22,0.07,2.6,3,0,UP
2026-10-02 13:48:22.167756,SW1,Gi0/11,40.7,46.83,40.07,13.69,0.3,2.39,4,0,UP
2026-10-02 13:48:22.167756,SW2,Gi0/2,42.85,50.66,43.6,14.42,0.16,2.18,1,0,UP
2026-10-02 13:48:22.167756,SW2,Gi0/10,36.7,48.82,38.57,13.6,0.07,2.05,3,0,UP
2026-10-02 13:48:22.167756,SW2,Gi0/11,30.95,47.79,47.05,12.86,0.18,2.34,2,0,UP
2026-10-02 13:49:22.167756,R1,Gi0/1,40.07,51.26,52.42,10.65,0.15,1.67,2,0,UP
2026-10-02 13:49:22.167756,R1,Gi0/2,47.13,52.86,35.95,10.8,0.24,1.55,1,0,UP
2026-10-02 13:49:22.167756,SW1,Gi0/1,46.72,46.93,52.64,14.51,0.13,1.56,2,0,UP
2026-10-02 13:49:22.167756,SW1,Gi0/10,34.56,50.61,43.35,12.72,0.34,2.41,3,0,UP
2026-10-02 13:49:22.167756,SW1,Gi0/11,30.17,52.22,58.78,5.98,0.27,1.92,1,0,UP
2026-10-02 13:49:22.167756,SW2,Gi0/2,44.01,58.55,51.2,11.26,0.11,2.07,4,0,UP
2026-10-02 13:49:22.167756,SW2,Gi0/10,38.06,48.55,67.58,14.16,0.32,1.27,1,0,UP
2026-10-02 13:49:22.167756,SW2,Gi0/11,40.37,44.99,57.8,14.82,0.15,2.89,2,0,UP
2026-10-02 13:50:22.167756,R1,Gi0/1,52.95,50.72,49.61,14.8,0.33,2.26,2,0,UP
2026-10-02 13:50:22.167756,R1,Gi0/2,42.57,45.92,46.22,9.78,0.02,2.03,5,0,UP
2026-10-02 13:50:22.167756,SW1,Gi0/1,44.63,49.59,58.98,10.86,0.01,0.91,0,0,UP
2026-10-02 13:50:22.167756,SW1,Gi0/10,44.08,46.83,48.69,15.29,0.09,2.24,4,0,UP
2026-10-02 13:50:22.167756,SW1,Gi0/11,35.7,56.77,42.7,11.23,0.41,2.26,4,0,UP
2026-10-02 13:50:22.167756,SW2,Gi0/2,46.77,46.75,55.0,11.0,0.15,1.86,1,0,UP
2026-10-02 13:50:22.167756,SW2,Gi0/10,44.11,51.34,41.07,13.35,0.17,1.84,3,0,UP
2026-10-02 13:50:22.167756,SW2,Gi0/11,42.32,51.95,42.09,13.69,0.18,1.67,0,0,UP
2026-10-02 13:51:22.167756,R1,Gi0/1,44.92,50.06,46.69,14.09,0.15,1.31,3,0,UP
2026-10-02 13:51:22.167756,R1,Gi0/2,41.54,48.69,56.79,7.03,0.31,2.4,3,0,UP
2026-10-02 13:51:22.167756,SW1,Gi0/1,23.32,56.42,36.79,10.98,0.18,2.2,4,0,UP
2026-10-02 13:51:22.167756,SW1,Gi0/10,44.46,54.08,47.02,12.83,0.09,1.62,4,0,UP
2026-10-02 13:51:22.167756,SW1,Gi0/11,44.19,53.62,40.88,13.82,0.08,2.54,2,0,UP
2026-10-02 13:51:22.167756,SW2,Gi0/2,48.42,42.39,59.11,11.28,0.16,2.1,1,0,UP
2026-10-02 13:51:22.167756,SW2,Gi0/10,39.64,46.31,39.39,12.97,0.11,1.62,0,0,UP
2026-10-02 13:51:22.167756,SW2,Gi0/11,37.48,56.56,38.23,10.54,0.22,1.81,7,0,UP
2026-10-02 13:52:22.167756,R1,Gi0/1,39.19,51.68,52.55,13.85,0.22,1.92,7,0,UP
2026-10-02 13:52:22.167756,R1,Gi0/2,39.5,47.79,39.83,8.55,0.28,0.83,2,0,UP
2026-10-02 13:52:22.167756,SW1,Gi0/1,38.98,61.2,30.35,10.2,0.19,1.9,1,0,UP
2026-10-02 13:52:22.167756,SW1,Gi0/10,39.6,43.7,47.86,7.36,0.2,1.7,5,0,UP
2026-10-02 13:52:22.167756,SW1,Gi0/11,48.78,48.34,56.13,11.37,0.1,2.87,4,0,UP
2026-10-02 13:52:22.167756,SW2,Gi0/2,40.02,53.44,47.19,11.86,0.07,1.86,4,0,UP
2026-10-02 13:52:22.167756,SW2,Gi0/10,39.39,54.51,48.07,10.24,0.07,1.92,1,0,UP
2026-10-02 13:52:22.167756,SW2,Gi0/11,41.68,46.41,40.08,14.11,0.21,1.65,3,0,UP
2026-10-02 13:53:22.167756,R1,Gi0/1,46.89,51.47,49.74,10.5,0.3,3.16,1,0,UP
2026-10-02 13:53:22.167756,R1,Gi0/2,34.09,50.88,52.0,11.82,0.09,1.95,4,0,UP
2026-10-02 13:53:22.167756,SW1,Gi0/1,37.96,53.04,54.32,12.48,0.2,2.41,1,0,UP
2026-10-02 13:53:22.167756,SW1,Gi0/10,35.23,48.67,41.06,10.39,0.38,3.09,2,0,UP
2026-10-02 13:53:22.167756,SW1,Gi0/11,40.46,49.06,53.86,14.61,0.02,2.24,0,0,UP
2026-10-02 13:53:22.167756,SW2,Gi0/2,48.79,52.2,38.41,11.52,0.17,2.26,5,0,UP
2026-10-02 13:53:22.167756,SW2,Gi0/10,34.26,59.19,57.85,10.25,0.21,2.86,5,0,UP
2026-10-02 13:53:22.167756,SW2,Gi0/11,38.32,54.07,68.98,12.21,0.14,2.09,3,0,UP
2026-10-02 13:54:22.167756,R1,Gi0/1,37.38,52.21,34.96,10.67,0.28,1.12,4,0,UP
2026-10-02 13:54:22.167756,R1,Gi0/2,29.94,41.34,41.01,12.57,0.33,2.03,2,0,UP
2026-10-02 13:54:22.167756,SW1,Gi0/1,42.9,45.65,46.12,9.6,0.21,1.94,1,0,UP
2026-10-02 13:54:22.167756,SW1,Gi0/10,40.83,50.79,54.4,8.79,0.19,1.62,4,0,UP
2026-10-02 13:54:22.167756,SW1,Gi0/11,43.77,52.54,39.37,13.77,0.05,1.13,0,0,UP
2026-10-02 13:54:22.167756,SW2,Gi0/2,39.83,53.38,21.19,14.65,0.21,1.22,3,0,UP
2026-10-02 13:54:22.167756,SW2,Gi0/10,45.46,53.0,53.79,9.27,0.16,1.54,6,0,UP
2026-10-02 13:54:22.167756,SW2,Gi0/11,43.2,64.24,41.26,10.55,0.19,2.69,2,0,UP
2026-10-02 13:55:22.167756,R1,Gi0/1,40.62,50.48,45.32,10.7,0.19,1.91,2,0,UP
2026-10-02 13:55:22.167756,R1,Gi0/2,44.72,58.8,38.28,11.22,0.12,2.09,1,0,UP
2026-10-02 13:55:22.167756,SW1,Gi0/1,41.2,55.52,24.79,12.98,0.15,2.23,1,0,UP
2026-10-02 13:55:22.167756,SW1,Gi0/10,45.98,54.57,49.55,13.59,0.13,1.69,4,0,UP
2026-10-02 13:55:22.167756,SW1,Gi0/11,36.16,57.23,42.41,13.0,0.41,1.65,3,0,UP
2026-10-02 13:55:22.167756,SW2,Gi0/2,45.27,54.76,42.38,10.97,0.18,2.72,2,0,UP
2026-10-02 13:55:22.167756,SW2,Gi0/10,40.39,47.87,50.64,12.31,0.1,1.52,0,0,UP
2026-10-02 13:55:22.167756,SW2,Gi0/11,35.84,53.97,55.59,13.37,0.26,1.94,4,0,UP
2026-10-02 13:56:22.167756,R1,Gi0/1,41.43,59.02,44.21,14.69,0.29,2.37,0,0,UP
2026-10-02 13:56:22.167756,R1,Gi0/2,44.65,49.36,41.45,9.03,0.2,2.02,0,0,UP
2026-10-02 13:56:22.167756,SW1,Gi0/1,32.63,52.43,51.97,12.38,0.32,1.96,2,0,UP
2026-10-02 13:56:22.167756,SW1,Gi0/10,35.41,42.2,59.84,14.26,0.06,2.08,2,0,UP
2026-10-02 13:56:22.167756,SW1,Gi0/11,38.63,47.95,48.05,13.64,0.24,1.94,2,0,UP
2026-10-02 13:56:22.167756,SW2,Gi0/2,44.68,52.32,45.58,11.93,0.23,1.77,4,0,UP
2026-10-02 13:56:22.167756,SW2,Gi0/10,34.62,47.94,49.89,9.73,0.04,2.03,0,0,UP
2026-10-02 13:56:22.167756,SW2,Gi0/11,33.51,53.78,43.36,14.57,0.08,1.95,3,0,UP
2026-10-02 13:57:22.167756,R1,Gi0/1,34.15,55.16,49.09,8.78,0.2,2.19,1,0,UP
2026-10-02 13:57:22.167756,R1,Gi0/2,32.6,51.39,62.69,11.23,0.36,1.62,3,0,UP
2026-10-02 13:57:22.167756,SW1,Gi0/1,43.86,49.96,42.62,13.45,0.39,2.15,1,0,UP
2026-10-02 13:57:22.167756,SW1,Gi0/10,39.05,62.6,46.08,10.81,0.09,1.09,3,0,UP
2026-10-02 13:57:22.167756,SW1,Gi0/11,43.27,48.02,44.88,9.66,0.21,2.24,1,0,UP
2026-10-02 13:57:22.167756,SW2,Gi0/2,48.45,45.81,47.27,13.7,0.19,1.91,0,0,UP
2026-10-02 13:57:22.167756,SW2,Gi0/10,46.79,49.15,49.3,13.35,0.14,1.9,5,0,UP
2026-10-02 13:57:22.167756,SW2,Gi0/11,34.41,60.64,39.04,9.64,0.21,3.1,0,0,UP
2026-10-02 13:58:22.167756,R1,Gi0/1,39.29,52.38,45.27,12.76,0.13,1.7,2,0,UP
2026-10-02 13:58:22.167756,R1,Gi0/2,34.35,49.78,41.89,11.06,0.23,1.09,2,0,UP
2026-10-02 13:58:22.167756,SW1,Gi0/1,51.59,44.57,55.28,12.11,0.14,1.34,3,0,UP
2026-10-02 13:58:22.167756,SW1,Gi0/10,47.27,48.05,44.35,14.02,0.23,1.21,3,0,UP
2026-10-02 13:58:22.167756,SW1,Gi0/11,47.56,49.82,23.07,12.78,0.18,1.09,0,0,UP
2026-10-02 13:58:22.167756,SW2,Gi0/2,44.88,46.34,37.74,11.93,0.14,2.05,2,0,UP
2026-10-02 13:58:22.167756,SW2,Gi0/10,34.0,47.44,48.54,12.08,0.19,2.97,4,0,UP
2026-10-02 13:58:22.167756,SW2,Gi0/11,44.26,49.17,46.76,11.14,0.28,1.94,3,0,UP
2026-10-02 13:59:22.167756,R1,Gi0/1,40.8,49.91,68.51,10.67,0.13,2.35,1,0,UP
2026-10-02 13:59:22.167756,R1,Gi0/2,38.54,44.57,48.93,13.01,0.17,2.36,0,0,UP
2026-10-02 13:59:22.167756,SW1,Gi0/1,36.47,49.15,35.62,8.5,0.17,2.35,5,0,UP
2026-10-02 13:59:22.167756,SW1,Gi0/10,37.26,53.67,50.09,14.44,0.16,1.1,3,0,UP
2026-10-02 13:59:22.167756,SW1,Gi0/11,34.93,46.38,42.59,11.32,0.21,2.35,2,0,UP
2026-10-02 13:59:22.167756,SW2,Gi0/2,41.98,50.07,52.48,11.62,0.19,1.81,2,0,UP
2026-10-02 13:59:22.167756,SW2,Gi0/10,36.08,45.59,51.21,9.83,0.17,2.51,2,0,UP
2026-10-02 13:59:22.167756,SW2,Gi0/11,44.14,47.04,36.59,8.81,0.33,1.43,4,0,UP
2026-10-02 14:00:22.167756,R1,Gi0/1,35.0,56.59,62.65,8.63,0.09,2.39,4,0,UP
2026-10-02 14:00:22.167756,R1,Gi0/2,43.88,47.13,60.9,12.24,0.08,1.87,0,0,UP
2026-10-02 14:00:22.167756,SW1,Gi0/1,47.95,46.7,48.94,11.06,0.14,1.04,4,0,UP
2026-10-02 14:00:22.167756,SW1,Gi0/10,46.5,45.42,32.64,13.61,0.04,2.61,1,0,UP
2026-10-02 14:00:22.167756,SW1,Gi0/11,34.48,51.24,36.69,10.59,0.24,0.79,6,0,UP
2026-10-02 14:00:22.167756,SW2,Gi0/2,40.22,43.54,36.86,13.98,0.26,2.69,1,0,UP
2026-10-02 14:00:22.167756,SW2,Gi0/10,41.48,52.13,50.56,14.25,0.13,1.94,1,0,UP
2026-10-02 14:00:22.167756,SW2,Gi0/11,39.74,53.49,31.77,14.22,0.09,1.85,5,0,UP
2026-10-02 14:01:22.167756,R1,Gi0/1,41.64,51.7,35.55,9.91,0.29,1.71,2,0,UP
2026-10-02 14:01:22.167756,R1,Gi0/2,44.82,44.75,47.15,12.09,0.2,1.74,1,0,UP
2026-10-02 14:01:22.167756,SW1,Gi0/1,34.61,52.41,39.65,13.94,0.18,1.47,2,0,UP
2026-10-02 14:01:22.167756,SW1,Gi0/10,37.95,55.05,42.05,11.45,0.34,2.25,6,0,UP
2026-10-02 14:01:22.167756,SW1,Gi0/11,46.3,45.56,52.92,15.05,0.35,2.49,4,0,UP
2026-10-02 14:01:22.167756,SW2,Gi0/2,38.49,45.81,42.18,8.67,0.33,1.86,5,0,UP
2026-10-02 14:01:22.167756,SW2,Gi0/10,33.84,55.41,41.04,9.43,0.36,2.55,3,0,UP
2026-10-02 14:01:22.167756,SW2,Gi0/11,40.17,52.2,46.56,10.42,0.16,2.98,8,0,UP
2026-10-02 14:02:22.167756,R1,Gi0/1,47.81,52.39,42.3,10.4,0.13,1.72,7,0,UP
2026-10-02 14:02:22.167756,R1,Gi0/2,49.03,53.73,37.32,13.79,0.18,0.92,3,0,UP
2026-10-02 14:02:22.167756,SW1,Gi0/1,35.79,45.96,43.0,11.0,0.2,1.96,0,0,UP
2026-10-02 14:02:22.167756,SW1,Gi0/10,47.6,45.08,37.38,11.34,0.19,2.73,3,0,UP
2026-10-02 14:02:22.167756,SW1,Gi0/11,42.83,51.37,46.85,12.62,0.01,1.88,5,0,UP
2026-10-02 14:02:22.167756,SW2,Gi0/2,59.71,43.98,48.38,10.86,0.4,1.32,4,0,UP
2026-10-02 14:02:22.167756,SW2,Gi0/10,32.96,48.41,44.73,14.14,0.09,2.33,3,0,UP
2026-10-02 14:02:22.167756,SW2,Gi0/11,41.36,54.79,34.74,13.62,0.14,2.55,3,0,UP
2026-10-02 14:03:22.167756,R1,Gi0/1,38.95,47.05,51.59,14.52,0.15,1.43,4,0,UP
2026-10-02 14:03:22.167756,R1,Gi0/2,32.76,43.47,36.5,11.17,0.07,1.03,0,0,UP
2026-10-02 14:03:22.167756,SW1,Gi0/1,43.21,43.64,42.28,15.89,0.2,2.17,1,0,UP
2026-10-02 14:03:22.167756,SW1,Gi0/10,50.82,47.29,43.18,14.63,0.18,2.02,2,0,UP
2026-10-02 14:03:22.167756,SW1,Gi0/11,38.63,51.85,49.42,10.71,0.12,1.7,0,0,UP
2026-10-02 14:03:22.167756,SW2,Gi0/2,32.05,51.49,52.51,13.74,0.0,1.88,0,0,UP
2026-10-02 14:03:22.167756,SW2,Gi0/10,40.72,47.91,49.74,11.96,0.01,1.52,3,0,UP
2026-10-02 14:03:22.167756,SW2,Gi0/11,40.45,42.97,32.71,12.11,0.06,1.17,2,0,UP
2026-10-02 14:04:22.167756,R1,Gi0/1,37.56,45.61,39.37,12.03,0.13,2.04,2,0,UP
2026-10-02 14:04:22.167756,R1,Gi0/2,40.84,54.39,51.71,14.58,0.28,2.12,2,0,UP
2026-10-02 14:04:22.167756,SW1,Gi0/1,38.06,45.61,45.04,13.39,0.13,1.98,1,0,UP
2026-10-02 14:04:22.167756,SW1,Gi0/10,41.05,47.25,39.08,10.64,0.25,1.95,2,0,UP
2026-10-02 14:04:22.167756,SW1,Gi0/11,41.31,47.93,54.01,10.05,0.18,1.3,2,0,UP
2026-10-02 14:04:22.167756,SW2,Gi0/2,31.6,53.73,51.13,13.57,0.2,1.56,1,0,UP
2026-10-02 14:04:22.167756,SW2,Gi0/10,47.65,57.18,45.98,10.97,0.34,1.65,3,0,UP
2026-10-02 14:04:22.167756,SW2,Gi0/11,46.76,45.82,51.63,13.04,0.2,1.5,1,0,UP
2026-10-02 14:05:22.167756,R1,Gi0/1,41.45,42.88,46.05,13.08,0.3,1.3,5,0,UP
2026-10-02 14:05:22.167756,R1,Gi0/2,48.48,52.05,36.7,11.34,0.2,2.14,3,0,UP
2026-10-02 14:05:22.167756,SW1,Gi0/1,41.41,49.55,47.12,11.08,0.17,1.71,6,0,UP
2026-10-02 14:05:22.167756,SW1,Gi0/10,47.32,52.78,55.6,13.6,0.22,1.25,2,0,UP
2026-10-02 14:05:22.167756,SW1,Gi0/11,38.32,44.33,33.11,12.99,0.23,1.42,1,0,UP
2026-10-02 14:05:22.167756,SW2,Gi0/2,45.81,45.61,46.37,11.62,0.25,1.57,3,0,UP
2026-10-02 14:05:22.167756,SW2,Gi0/10,40.84,51.15,45.63,12.69,0.42,3.28,1,0,UP
2026-10-02 14:05:22.167756,SW2,Gi0/11,28.41,52.98,46.49,14.12,0.23,2.03,5,0,UP
2026-10-02 14:06:22.167756,R1,Gi0/1,46.34,43.07,38.47,11.79,0.21,1.89,3,0,UP
2026-10-02 14:06:22.167756,R1,Gi0/2,44.98,58.61,49.63,10.3,0.19,1.96,4,0,UP
2026-10-02 14:06:22.167756,SW1,Gi0/1,41.94,60.25,41.31,12.77,0.44,1.71,3,0,UP
2026-10-02 14:06:22.167756,SW1,Gi0/10,35.28,50.41,38.76,14.09,0.21,1.53,4,0,UP
2026-10-02 14:06:22.167756,SW1,Gi0/11,40.9,54.76,35.82,12.74,0.28,1.79,0,0,UP
2026-10-02 14:06:22.167756,SW2,Gi0/2,39.79,56.14,54.01,11.14,0.07,1.78,2,0,UP
2026-10-02 14:06:22.167756,SW2,Gi0/10,42.23,49.47,38.97,14.21,0.21,2.22,0,0,UP
2026-10-02 14:06:22.167756,SW2,Gi0/11,27.88,42.81,41.16,13.15,0.0,2.8,3,0,UP
2026-10-02 14:07:22.167756,R1,Gi0/1,46.8,45.57,49.03,12.17,0.28,1.88,3,0,UP
2026-10-02 14:07:22.167756,R1,Gi0/2,45.51,46.74,46.94,8.22,0.27,2.98,0,0,UP
2026-10-02 14:07:22.167756,SW1,Gi0/1,39.54,54.4,45.25,12.33,0.16,1.79,2,0,UP
2026-10-02 14:07:22.167756,SW1,Gi0/10,40.21,44.09,44.47,15.14,0.16,1.38,2,0,UP
2026-10-02 14:07:22.167756,SW1,Gi0/11,36.43,43.31,46.11,10.58,0.14,2.08,0,0,UP
2026-10-02 14:07:22.167756,SW2,Gi0/2,31.29,53.35,29.55,10.05,0.02,1.76,3,0,UP
2026-10-02 14:07:22.167756,SW2,Gi0/10,40.56,61.96,53.7,10.14,0.08,3.35,5,0,UP
2026-10-02 14:07:22.167756,SW2,Gi0/11,42.95,50.37,47.19,9.04,0.22,2.04,1,0,UP
2026-10-02 14:08:22.167756,R1,Gi0/1,37.31,57.58,44.0,16.14,0.03,1.74,0,0,UP
2026-10-02 14:08:22.167756,R1,Gi0/2,33.95,45.86,47.52,12.53,0.13,0.89,5,0,UP
2026-10-02 14:08:22.167756,SW1,Gi0/1,38.57,44.42,47.2,12.41,0.17,2.07,0,0,UP
2026-10-02 14:08:22.167756,SW1,Gi0/10,43.8,45.02,40.16,13.3,0.32,2.79,5,0,UP
2026-10-02 14:08:22.167756,SW1,Gi0/11,38.38,42.29,56.24,14.74,0.13,2.46,2,0,UP
2026-10-02 14:08:22.167756,SW2,Gi0/2,47.51,47.43,60.83,13.57,0.38,1.77,3,0,UP
2026-10-02 14:08:22.167756,SW2,Gi0/10,35.15,54.22,52.19,16.79,0.25,2.36,2,0,UP
2026-10-02 14:08:22.167756,SW2,Gi0/11,42.71,48.1,45.93,12.35,0.16,2.03,2,0,UP
2026-10-02 14:09:22.167756,R1,Gi0/1,38.1,55.38,46.4,12.69,0.05,2.21,4,0,UP
2026-10-02 14:09:22.167756,R1,Gi0/2,38.01,60.43,26.69,13.57,0.27,2.27,3,0,UP
2026-10-02 14:09:22.167756,SW1,Gi0/1,42.75,54.34,39.19,12.6,0.18,1.45,4,0,UP
2026-10-02 14:09:22.167756,SW1,Gi0/10,37.18,42.51,40.69,10.4,0.3,2.08,5,0,UP
2026-10-02 14:09:22.167756,SW1,Gi0/11,36.67,54.37,67.72,12.71,0.29,2.35,0,0,UP
2026-10-02 14:09:22.167756,SW2,Gi0/2,42.93,51.53,42.92,10.23,0.27,1.51,7,0,UP
2026-10-02 14:09:22.167756,SW2,Gi0/10,40.57,43.88,40.89,11.44,0.44,1.56,2,0,UP
2026-10-02 14:09:22.167756,SW2,Gi0/11,37.31,52.5,40.82,9.72,0.18,1.85,1,0,UP
2026-10-02 14:10:22.167756,R1,Gi0/1,37.31,55.92,42.44,9.73,0.15,2.03,0,0,UP
2026-10-02 14:10:22.167756,R1,Gi0/2,48.13,54.34,56.44,12.78,0.0,2.77,1,0,UP
2026-10-02 14:10:22.167756,SW1,Gi0/1,36.09,50.78,56.03,14.11,0.29,1.84,2,0,UP
2026-10-02 14:10:22.167756,SW1,Gi0/10,41.73,49.35,52.11,13.66,0.26,0.74,3,0,UP
2026-10-02 14:10:22.167756,SW1,Gi0/11,39.46,50.84,38.97,9.35,0.25,1.82,4,0,UP
2026-10-02 14:10:22.167756,SW2,Gi0/2,36.65,57.08,53.01,12.59,0.18,2.43,3,0,UP
2026-10-02 14:10:22.167756,SW2,Gi0/10,41.19,55.21,56.41,9.5,0.09,1.61,0,0,UP
2026-10-02 14:10:22.167756,SW2,Gi0/11,39.69,53.0,44.83,10.93,0.31,2.07,3,0,UP
2026-10-02 14:11:22.167756,R1,Gi0/1,45.77,49.38,61.48,11.1,0.4,1.51,4,0,UP
2026-10-02 14:11:22.167756,R1,Gi0/2,36.79,55.6,41.17,12.58,0.13,2.47,1,0,UP
2026-10-02 14:11:22.167756,SW1,Gi0/1,48.42,45.02,34.23,13.9,0.14,2.0,2,0,UP
2026-10-02 14:11:22.167756,SW1,Gi0/10,33.44,49.62,55.12,14.01,0.22,2.56,0,0,UP
2026-10-02 14:11:22.167756,SW1,Gi0/11,38.37,51.98,43.96,11.51,0.08,0.96,4,0,UP
2026-10-02 14:11:22.167756,SW2,Gi0/2,41.22,54.51,41.5,10.57,0.2,2.43,2,0,UP
2026-10-02 14:11:22.167756,SW2,Gi0/10,44.01,44.97,43.71,11.86,0.32,2.1,6,0,UP
2026-10-02 14:11:22.167756,SW2,Gi0/11,33.26,50.65,46.44,13.24,0.12,2.84,3,0,UP
2026-10-02 14:12:22.167756,R1,Gi0/1,34.56,49.92,42.49,17.57,0.3,2.02,2,0,UP
2026-10-02 14:12:22.167756,R1,Gi0/2,44.76,54.99,21.71,13.29,0.2,1.34,4,0,UP
2026-10-02 14:12:22.167756,SW1,Gi0/1,51.23,52.78,53.8,15.61,0.12,1.07,4,0,UP
2026-10-02 14:12:22.167756,SW1,Gi0/10,38.76,43.13,44.37,13.46,0.19,1.61,2,0,UP
2026-10-02 14:12:22.167756,SW1,Gi0/11,39.9,40.35,43.86,9.31,0.27,1.22,5,0,UP
2026-10-02 14:12:22.167756,SW2,Gi0/2,37.95,47.29,47.36,10.27,0.23,1.63,1,0,UP
2026-10-02 14:12:22.167756,SW2,Gi0/10,42.03,44.31,34.89,12.5,0.2,2.08,3,0,UP
2026-10-02 14:12:22.167756,SW2,Gi0/11,40.29,53.04,45.78,7.99,0.03,2.96,3,0,UP
2026-10-02 14:13:22.167756,R1,Gi0/1,44.75,48.27,44.54,11.09,0.45,2.13,1,0,UP
2026-10-02 14:13:22.167756,R1,Gi0/2,31.74,59.87,43.69,13.49,0.29,1.77,4,0,UP
2026-10-02 14:13:22.167756,SW1,Gi0/1,36.98,45.05,54.32,11.68,0.25,2.21,4,0,UP
2026-10-02 14:13:22.167756,SW1,Gi0/10,32.22,47.07,42.4,10.34,0.24,2.59,5,0,UP
2026-10-02 14:13:22.167756,SW1,Gi0/11,38.3,51.46,48.57,13.24,0.11,2.91,4,0,UP
2026-10-02 14:13:22.167756,SW2,Gi0/2,44.76,56.02,49.27,9.95,0.19,1.17,3,0,UP
2026-10-02 14:13:22.167756,SW2,Gi0/10,39.15,49.8,54.63,11.09,0.17,2.01,0,0,UP
2026-10-02 14:13:22.167756,SW2,Gi0/11,38.67,37.57,40.32,13.71,0.24,1.7,3,0,UP
2026-10-02 14:14:22.167756,R1,Gi0/1,34.63,49.99,68.44,15.69,0.21,2.08,1,0,UP
2026-10-02 14:14:22.167756,R1,Gi0/2,35.99,51.81,40.8,13.81,0.36,2.17,3,0,UP
2026-10-02 14:14:22.167756,SW1,Gi0/1,31.6,53.74,35.85,11.16,0.3,2.51,2,0,UP
2026-10-02 14:14:22.167756,SW1,Gi0/10,37.96,46.5,35.42,10.73,0.04,2.34,3,0,UP
2026-10-02 14:14:22.167756,SW1,Gi0/11,42.8,45.23,35.44,12.11,0.21,1.93,2,0,UP
2026-10-02 14:14:22.167756,SW2,Gi0/2,48.55,52.13,60.77,14.54,0.37,1.46,4,0,UP
2026-10-02 14:14:22.167756,SW2,Gi0/10,37.84,41.68,56.97,11.41,0.09,1.79,1,0,UP
2026-10-02 14:14:22.167756,SW2,Gi0/11,36.53,48.89,58.85,10.67,0.37,2.42,3,0,UP
2026-10-02 14:15:22.167756,R1,Gi0/1,43.74,50.07,55.29,13.13,0.03,2.15,4,0,UP
2026-10-02 14:15:22.167756,R1,Gi0/2,38.55,50.63,40.1,9.24,0.04,1.23,4,0,UP
2026-10-02 14:15:22.167756,SW1,Gi0/1,27.55,46.67,38.87,11.44,0.01,2.2,0,0,UP
2026-10-02 14:15:22.167756,SW1,Gi0/10,45.66,46.89,44.24,12.01,0.22,2.02,2,0,UP
2026-10-02 14:15:22.167756,SW1,Gi0/11,41.72,52.33,38.88,12.85,0.32,2.35,4,0,UP
2026-10-02 14:15:22.167756,SW2,Gi0/2,40.86,45.32,38.52,12.64,0.29,3.39,4,0,UP
2026-10-02 14:15:22.167756,SW2,Gi0/10,34.15,46.16,63.23,11.57,0.2,1.52,6,0,UP
2026-10-02 14:15:22.167756,SW2,Gi0/11,42.5,46.13,37.05,12.61,0.2,2.42,4,0,UP
2026-10-02 14:16:22.167756,R1,Gi0/1,38.68,47.28,43.72,10.9,0.19,2.01,1,0,UP
2026-10-02 14:16:22.167756,R1,Gi0/2,43.15,48.15,38.26,11.3,0.22,2.04,3,0,UP
2026-10-02 14:16:22.167756,SW1,Gi0/1,44.49,56.52,47.28,9.86,0.17,1.5,6,0,UP
2026-10-02 14:16:22.167756,SW1,Gi0/10,49.94,53.25,51.87,12.5,0.24,1.2,2,0,UP
2026-10-02 14:16:22.167756,SW1,Gi0/11,35.59,51.41,44.52,15.89,0.29,2.14,2,0,UP
2026-10-02 14:16:22.167756,SW2,Gi0/2,48.38,49.85,47.65,12.08,0.16,2.02,0,0,UP
2026-10-02 14:16:22.167756,SW2,Gi0/10,32.26,51.75,57.55,12.7,0.13,1.28,4,0,UP
2026-10-02 14:16:22.167756,SW2,Gi0/11,37.16,53.22,48.12,12.96,0.2,2.19,2,0,UP
2026-10-02 14:17:22.167756,R1,Gi0/1,36.82,45.18,25.92,11.64,0.35,2.37,3,0,UP
2026-10-02 14:17:22.167756,R1,Gi0/2,36.33,54.99,44.05,15.15,0.1,1.63,1,0,UP
2026-10-02 14:17:22.167756,SW1,Gi0/1,32.59,45.31,45.83,10.58,0.0,2.54,0,0,UP
2026-10-02 14:17:22.167756,SW1,Gi0/10,42.95,50.16,61.94,13.99,0.15,1.65,6,0,UP
2026-10-02 14:17:22.167756,SW1,Gi0/11,32.62,50.95,43.95,11.31,0.24,2.09,3,0,UP
2026-10-02 14:17:22.167756,SW2,Gi0/2,40.69,52.09,45.75,10.68,0.2,1.64,1,0,UP
2026-10-02 14:17:22.167756,SW2,Gi0/10,38.32,49.4,45.28,13.83,0.15,2.1,3,0,UP
2026-10-02 14:17:22.167756,SW2,Gi0/11,36.96,50.37,53.02,12.37,0.22,1.65,6,0,UP
2026-10-02 14:18:22.167756,R1,Gi0/1,36.76,41.66,51.88,11.77,0.17,1.73,6,0,UP
2026-10-02 14:18:22.167756,R1,Gi0/2,41.77,52.75,46.3,12.54,0.34,1.87,0,0,UP
2026-10-02 14:18:22.167756,SW1,Gi0/1,44.34,52.48,45.86,12.94,0.16,2.01,2,0,UP
2026-10-02 14:18:22.167756,SW1,Gi0/10,37.04,55.95,33.7,16.72,0.29,1.11,2,0,UP
2026-10-02 14:18:22.167756,SW1,Gi0/11,39.16,51.96,37.08,12.06,0.19,1.63,1,0,UP
2026-10-02 14:18:22.167756,SW2,Gi0/2,44.59,41.52,48.82,13.6,0.18,2.03,5,0,UP
2026-10-02 14:18:22.167756,SW2,Gi0/10,36.48,46.99,41.04,14.33,0.33,1.3,5,0,UP
2026-10-02 14:18:22.167756,SW2,Gi0/11,44.09,57.77,48.08,11.91,0.31,2.35,7,0,UP
2026-10-02 14:19:22.167756,R1,Gi0/1,44.79,50.77,35.61,10.84,0.06,1.89,4,0,UP
2026-10-02 14:19:22.167756,R1,Gi0/2,39.98,55.11,47.7,11.19,0.21,2.24,3,0,UP
2026-10-02 14:19:22.167756,SW1,Gi0/1,40.75,46.15,41.54,16.52,0.32,1.26,0,0,UP
2026-10-02 14:19:22.167756,SW1,Gi0/10,40.38,54.47,40.84,14.04,0.21,1.92,4,0,UP
2026-10-02 14:19:22.167756,SW1,Gi0/11,37.34,48.57,50.36,11.94,0.39,2.35,4,0,UP
2026-10-02 14:19:22.167756,SW2,Gi0/2,39.75,54.37,42.42,12.56,0.11,2.52,3,0,UP
2026-10-02 14:19:22.167756,SW2,Gi0/10,49.91,61.96,51.11,12.14,0.11,2.45,3,0,UP
2026-10-02 14:19:22.167756,SW2,Gi0/11,42.69,58.65,38.4,10.15,0.18,2.41,4,0,UP
2026-10-02 14:20:22.167756,R1,Gi0/1,35.52,53.78,35.39,10.32,0.19,1.72,4,0,UP
2026-10-02 14:20:22.167756,R1,Gi0/2,41.43,58.83,43.02,11.76,0.32,1.95,5,0,UP
2026-10-02 14:20:22.167756,SW1,Gi0/1,42.7,38.24,54.42,13.83,0.3,1.04,1,0,UP
2026-10-02 14:20:22.167756,SW1,Gi0/10,37.06,45.79,58.94,11.98,0.2,2.28,4,0,UP
2026-10-02 14:20:22.167756,SW1,Gi0/11,23.33,46.77,33.7,12.8,0.17,2.01,0,0,UP
2026-10-02 14:20:22.167756,SW2,Gi0/2,38.45,55.58,56.28,13.44,0.07,2.63,4,0,UP
2026-10-02 14:20:22.167756,SW2,Gi0/10,39.41,39.87,52.63,10.82,0.23,2.03,6,0,UP
2026-10-02 14:20:22.167756,SW2,Gi0/11,39.37,49.92,57.63,10.68,0.28,1.9,0,0,UP
2026-10-02 14:21:22.167756,R1,Gi0/1,40.01,53.46,55.83,14.95,0.17,1.51,2,0,UP
2026-10-02 14:21:22.167756,R1,Gi0/2,34.09,48.91,42.27,13.45,0.0,1.63,1,0,UP
2026-10-02 14:21:22.167756,SW1,Gi0/1,45.94,44.43,46.81,11.74,0.3,2.3,3,0,UP
2026-10-02 14:21:22.167756,SW1,Gi0/10,37.23,40.74,46.98,13.06,0.04,1.38,3,0,UP
2026-10-02 14:21:22.167756,SW1,Gi0/11,41.7,45.05,40.41,8.33,0.34,1.35,4,0,UP
2026-10-02 14:21:22.167756,SW2,Gi0/2,39.83,56.45,38.66,12.12,0.03,1.03,4,0,UP
2026-10-02 14:21:22.167756,SW2,Gi0/10,31.07,48.86,53.09,13.49,0.13,1.21,4,0,UP
2026-10-02 14:21:22.167756,SW2,Gi0/11,46.71,46.69,38.57,10.95,0.26,2.61,0,0,UP
2026-10-02 14:22:22.167756,R1,Gi0/1,32.51,61.7,43.58,12.51,0.13,2.24,4,0,UP
2026-10-02 14:22:22.167756,R1,Gi0/2,41.5,58.7,42.39,11.47,0.22,2.23,3,0,UP
2026-10-02 14:22:22.167756,SW1,Gi0/1,33.58,51.56,42.01,10.84,0.2,1.52,0,0,UP
2026-10-02 14:22:22.167756,SW1,Gi0/10,26.92,58.74,49.45,11.77,0.13,0.56,1,0,UP
2026-10-02 14:22:22.167756,SW1,Gi0/11,43.58,54.71,50.14,12.32,0.33,1.84,5,0,UP
2026-10-02 14:22:22.167756,SW2,Gi0/2,38.08,45.59,36.95,9.87,0.27,1.63,0,0,UP
2026-10-02 14:22:22.167756,SW2,Gi0/10,43.57,51.64,52.7,13.03,0.12,2.04,3,0,UP
2026-10-02 14:22:22.167756,SW2,Gi0/11,35.4,44.48,39.55,16.07,0.16,2.62,2,0,UP
2026-10-02 14:23:22.167756,R1,Gi0/1,44.44,54.51,52.62,12.78,0.34,2.19,6,0,UP
2026-10-02 14:23:22.167756,R1,Gi0/2,31.9,51.74,47.27,10.13,0.26,1.25,1,0,UP
2026-10-02 14:23:22.167756,SW1,Gi0/1,30.0,57.79,43.15,16.33,0.28,2.22,1,0,UP
2026-10-02 14:23:22.167756,SW1,Gi0/10,34.77,52.61,44.43,9.32,0.05,1.52,6,0,UP
2026-10-02 14:23:22.167756,SW1,Gi0/11,51.07,51.02,46.19,11.33,0.11,2.69,6,0,UP
2026-10-02 14:23:22.167756,SW2,Gi0/2,35.53,49.59,41.4,11.16,0.32,1.34,3,0,UP
2026-10-02 14:23:22.167756,SW2,Gi0/10,43.64,49.29,52.14,12.3,0.32,1.24,2,0,UP
2026-10-02 14:23:22.167756,SW2,Gi0/11,39.64,36.64,36.31,10.37,0.29,1.65,1,0,UP
2026-10-02 14:24:22.167756,R1,Gi0/1,44.09,41.91,28.43,11.28,0.06,1.3,4,0,UP
2026-10-02 14:24:22.167756,R1,Gi0/2,44.38,53.94,53.87,14.48,0.0,2.23,1,0,UP
2026-10-02 14:24:22.167756,SW1,Gi0/1,36.26,52.8,31.16,8.5,0.26,2.24,3,0,UP
2026-10-02 14:24:22.167756,SW1,Gi0/10,35.6,53.72,50.44,12.17,0.08,1.79,4,0,UP
2026-10-02 14:24:22.167756,SW1,Gi0/11,46.64,48.37,43.0,11.68,0.23,1.71,0,0,UP
2026-10-02 14:24:22.167756,SW2,Gi0/2,45.96,58.97,40.1,9.87,0.19,1.91,4,0,UP
2026-10-02 14:24:22.167756,SW2,Gi0/10,40.27,46.04,34.45,13.73,0.26,2.53,1,0,UP
2026-10-02 14:24:22.167756,SW2,Gi0/11,49.19,41.28,50.68,8.18,0.12,2.78,4,0,UP
2026-10-02 14:25:22.167756,R1,Gi0/1,37.27,47.41,45.8,13.03,0.33,1.77,0,0,UP
2026-10-02 14:25:22.167756,R1,Gi0/2,40.78,47.71,34.59,12.6,0.18,2.15,1,0,UP
2026-10-02 14:25:22.167756,SW1,Gi0/1,42.43,43.41,38.38,11.51,0.37,2.39,5,0,UP
2026-10-02 14:25:22.167756,SW1,Gi0/10,47.09,68.01,45.33,14.84,0.3,2.5,6,0,UP
2026-10-02 14:25:22.167756,SW1,Gi0/11,37.9,47.51,47.56,11.63,0.23,2.78,2,0,UP
2026-10-02 14:25:22.167756,SW2,Gi0/2,38.48,50.87,43.17,8.17,0.14,2.34,5,0,UP
2026-10-02 14:25:22.167756,SW2,Gi0/10,34.23,44.2,45.24,7.85,0.16,1.13,5,0,UP
2026-10-02 14:25:22.167756,SW2,Gi0/11,36.15,58.26,53.91,10.71,0.09,1.9,2,0,UP
2026-10-02 14:26:22.167756,R1,Gi0/1,41.73,46.12,50.97,12.53,0.17,1.64,2,0,UP
2026-10-02 14:26:22.167756,R1,Gi0/2,35.92,50.29,45.68,12.52,0.38,1.93,5,0,UP
2026-10-02 14:26:22.167756,SW1,Gi0/1,41.15,48.81,44.05,11.88,0.23,1.52,0,0,UP
2026-10-02 14:26:22.167756,SW1,Gi0/10,43.27,54.49,50.97,12.31,0.28,2.36,4,0,UP
2026-10-02 14:26:22.167756,SW1,Gi0/11,35.7,44.52,41.89,11.97,0.18,1.06,6,0,UP
2026-10-02 14:26:22.167756,SW2,Gi0/2,38.63,50.86,54.96,7.31,0.15,1.81,2,0,UP
2026-10-02 14:26:22.167756,SW2,Gi0/10,39.13,57.24,50.39,13.92,0.2,1.3,0,0,UP
2026-10-02 14:26:22.167756,SW2,Gi0/11,32.35,51.8,45.25,11.58,0.16,3.01,1,0,UP
2026-10-02 14:27:22.167756,R1,Gi0/1,44.64,50.01,44.51,14.35,0.35,1.88,4,0,UP
2026-10-02 14:27:22.167756,R1,Gi0/2,41.82,50.04,46.63,10.62,0.17,1.71,4,0,UP
2026-10-02 14:27:22.167756,SW1,Gi0/1,39.52,43.51,39.21,5.6,0.15,2.02,2,0,UP
2026-10-02 14:27:22.167756,SW1,Gi0/10,49.9,52.87,49.24,8.71,0.16,1.76,1,0,UP
2026-10-02 14:27:22.167756,SW1,Gi0/11,36.0,40.96,34.79,13.75,0.19,1.75,2,0,UP
2026-10-02 14:27:22.167756,SW2,Gi0/2,45.84,50.02,49.32,10.31,0.14,2.18,6,0,UP
2026-10-02 14:27:22.167756,SW2,Gi0/10,47.15,52.91,46.21,14.8,0.28,0.85,0,0,UP
2026-10-02 14:27:22.167756,SW2,Gi0/11,41.69,41.07,37.82,10.6,0.17,1.86,2,0,UP
2026-10-02 14:28:22.167756,R1,Gi0/1,44.13,48.67,41.92,9.3,0.3,1.66,0,0,UP
2026-10-02 14:28:22.167756,R1,Gi0/2,41.07,46.17,40.79,12.52,0.17,3.16,2,0,UP
2026-10-02 14:28:22.167756,SW1,Gi0/1,43.09,40.29,38.11,9.83,0.1,2.21,5,0,UP
2026-10-02 14:28:22.167756,SW1,Gi0/10,41.72,48.87,39.95,14.23,0.41,2.07,4,0,UP
2026-10-02 14:28:22.167756,SW1,Gi0/11,41.72,53.78,35.68,11.02,0.24,2.61,1,0,UP
2026-10-02 14:28:22.167756,SW2,Gi0/2,29.83,47.51,53.08,8.83,0.08,2.08,2,0,UP
2026-10-02 14:28:22.167756,SW2,Gi0/10,42.97,43.86,42.4,14.39,0.08,2.74,0,0,UP
2026-10-02 14:28:22.167756,SW2,Gi0/11,44.25,48.14,35.84,11.01,0.25,2.0,5,0,UP
2026-10-02 14:29:22.167756,R1,Gi0/1,47.18,44.08,34.95,9.39,0.11,2.55,4,0,UP
2026-10-02 14:29:22.167756,R1,Gi0/2,37.27,49.94,56.23,15.82,0.23,0.67,3,0,UP
2026-10-02 14:29:22.167756,SW1,Gi0/1,44.67,51.12,50.81,12.71,0.08,1.56,2,0,UP
2026-10-02 14:29:22.167756,SW1,Gi0/10,45.33,46.17,48.65,12.61,0.36,1.98,0,0,UP
2026-10-02 14:29:22.167756,SW1,Gi0/11,43.23,60.69,50.7,10.42,0.09,1.52,7,0,UP
2026-10-02 14:29:22.167756,SW2,Gi0/2,38.36,46.69,43.73,11.37,0.36,1.49,5,0,UP
2026-10-02 14:29:22.167756,SW2,Gi0/10,40.61,56.04,57.66,12.17,0.17,2.03,2,0,UP
2026-10-02 14:29:22.167756,SW2,Gi0/11,31.72,57.76,46.97,9.67,0.0,0.84,4,0,UP
2026-10-02 14:30:22.167756,R1,Gi0/1,36.91,47.73,48.91,10.97,0.25,2.05,2,0,UP
2026-10-02 14:30:22.167756,R1,Gi0/2,32.14,45.9,49.82,10.64,0.32,3.17,4,0,UP
2026-10-02 14:30:22.167756,SW1,Gi0/1,47.46,53.6,40.73,12.4,0.4,1.74,0,0,UP
2026-10-02 14:30:22.167756,SW1,Gi0/10,34.33,48.91,36.97,15.35,0.22,2.49,2,0,UP
2026-10-02 14:30:22.167756,SW1,Gi0/11,34.3,43.45,37.74,12.7,0.25,2.3,0,0,UP
2026-10-02 14:30:22.167756,SW2,Gi0/2,40.0,44.87,48.21,12.96,0.08,2.48,7,0,UP
2026-10-02 14:30:22.167756,SW2,Gi0/10,44.17,49.19,42.47,11.58,0.12,2.13,0,0,UP
2026-10-02 14:30:22.167756,SW2,Gi0/11,30.55,51.1,45.17,10.86,0.07,2.14,1,0,UP
2026-10-02 14:31:22.167756,R1,Gi0/1,39.31,58.82,50.21,9.26,0.07,2.08,0,0,UP
2026-10-02 14:31:22.167756,R1,Gi0/2,29.99,52.66,47.57,12.9,0.23,1.97,1,0,UP
2026-10-02 14:31:22.167756,SW1,Gi0/1,42.58,57.65,40.99,9.96,0.09,1.57,3,0,UP
2026-10-02 14:31:22.167756,SW1,Gi0/10,29.3,52.2,50.15,8.4,0.1,2.04,2,0,UP
2026-10-02 14:31:22.167756,SW1,Gi0/11,42.6,49.29,55.12,11.36,0.1,1.47,4,0,UP
2026-10-02 14:31:22.167756,SW2,Gi0/2,40.15,53.17,49.9,7.96,0.09,1.49,1,0,UP
2026-10-02 14:31:22.167756,SW2,Gi0/10,37.9,55.0,54.59,11.41,0.17,1.65,3,0,UP
2026-10-02 14:31:22.167756,SW2,Gi0/11,41.01,54.03,51.39,7.4,0.18,2.69,2,0,UP
2026-10-02 14:32:22.167756,R1,Gi0/1,45.7,48.47,46.4,9.73,0.09,2.36,4,0,UP
2026-10-02 14:32:22.167756,R1,Gi0/2,40.13,43.86,45.35,14.51,0.37,1.84,0,0,UP
2026-10-02 14:32:22.167756,SW1,Gi0/1,44.2,48.62,52.54,12.56,0.11,2.03,5,0,UP
2026-10-02 14:32:22.167756,SW1,Gi0/10,39.25,44.83,32.29,10.46,0.16,2.41,0,0,UP
2026-10-02 14:32:22.167756,SW1,Gi0/11,47.77,43.31,63.65,15.45,0.21,1.18,2,0,UP
2026-10-02 14:32:22.167756,SW2,Gi0/2,38.07,43.63,47.33,10.35,0.13,1.9,1,0,UP
2026-10-02 14:32:22.167756,SW2,Gi0/10,50.39,47.32,48.53,12.29,0.24,2.21,4,0,UP
2026-10-02 14:32:22.167756,SW2,Gi0/11,41.33,51.12,45.47,11.72,0.11,1.97,3,0,UP
2026-10-02 14:33:22.167756,R1,Gi0/1,42.01,50.9,43.14,11.89,0.14,2.16,2,0,UP
2026-10-02 14:33:22.167756,R1,Gi0/2,40.9,55.0,39.33,13.19,0.2,3.01,2,0,UP
2026-10-02 14:33:22.167756,SW1,Gi0/1,43.48,50.08,33.89,10.96,0.29,1.78,0,0,UP
2026-10-02 14:33:22.167756,SW1,Gi0/10,39.84,44.54,46.05,15.1,0.28,2.77,1,0,UP
2026-10-02 14:33:22.167756,SW1,Gi0/11,39.28,44.78,39.53,10.15,0.07,2.68,0,0,UP
2026-10-02 14:33:22.167756,SW2,Gi0/2,46.85,56.23,49.0,9.77,0.04,1.73,4,0,UP
2026-10-02 14:33:22.167756,SW2,Gi0/10,40.02,44.78,54.19,15.37,0.18,2.05,0,0,UP
2026-10-02 14:33:22.167756,SW2,Gi0/11,37.93,52.55,47.84,10.98,0.17,1.78,2,0,UP
2026-10-02 14:34:22.167756,R1,Gi0/1,42.12,40.16,44.41,12.7,0.14,1.76,2,0,UP
2026-10-02 14:34:22.167756,R1,Gi0/2,37.6,50.03,46.03,7.8,0.27,1.86,6,0,UP
2026-10-02 14:34:22.167756,SW1,Gi0/1,34.04,45.66,43.38,12.83,0.0,1.59,4,0,UP
2026-10-02 14:34:22.167756,SW1,Gi0/10,35.26,56.85,41.37,10.2,0.26,2.8,3,0,UP
2026-10-02 14:34:22.167756,SW1,Gi0/11,46.3,58.38,37.63,13.88,0.05,2.21,2,0,UP
2026-10-02 14:34:22.167756,SW2,Gi0/2,46.21,55.86,49.56,12.6,0.25,2.03,2,0,UP
2026-10-02 14:34:22.167756,SW2,Gi0/10,47.21,57.81,43.87,12.48,0.21,1.19,2,0,UP
2026-10-02 14:34:22.167756,SW2,Gi0/11,48.0,46.25,61.92,14.34,0.24,2.28,1,0,UP
2026-10-02 14:35:22.167756,R1,Gi0/1,38.67,57.21,40.08,14.12,0.06,1.4,6,0,UP
2026-10-02 14:35:22.167756,R1,Gi0/2,39.94,47.31,55.9,14.49,0.29,1.72,2,0,UP
2026-10-02 14:35:22.167756,SW1,Gi0/1,41.56,53.47,40.93,12.34,0.23,2.64,4,0,UP
2026-10-02 14:35:22.167756,SW1,Gi0/10,32.47,48.93,37.57,13.14,0.29,2.05,2,0,UP
2026-10-02 14:35:22.167756,SW1,Gi0/11,40.35,51.04,39.88,9.56,0.0,2.63,3,0,UP
2026-10-02 14:35:22.167756,SW2,Gi0/2,41.81,56.33,34.96,8.53,0.24,2.15,0,0,UP
2026-10-02 14:35:22.167756,SW2,Gi0/10,41.8,48.0,38.54,11.33,0.0,1.7,1,0,UP
2026-10-02 14:35:22.167756,SW2,Gi0/11,42.79,49.21,50.11,6.9,0.12,2.28,2,0,UP
2026-10-02 14:36:22.167756,R1,Gi0/1,44.23,40.98,50.85,10.72,0.13,2.5,5,0,UP
2026-10-02 14:36:22.167756,R1,Gi0/2,45.17,60.19,55.13,10.41,0.21,1.82,7,0,UP
2026-10-02 14:36:22.167756,SW1,Gi0/1,45.52,49.06,52.02,9.54,0.23,1.53,0,0,UP
2026-10-02 14:36:22.167756,SW1,Gi0/10,43.92,54.54,48.66,11.63,0.07,1.42,1,0,UP
2026-10-02 14:36:22.167756,SW1,Gi0/11,38.83,55.38,53.48,8.7,0.13,1.64,0,0,UP
2026-10-02 14:36:22.167756,SW2,Gi0/2,42.83,48.77,44.09,14.69,0.21,1.78,4,0,UP
2026-10-02 14:36:22.167756,SW2,Gi0/10,45.29,51.48,50.51,11.71,0.19,2.06,1,0,UP
2026-10-02 14:36:22.167756,SW2,Gi0/11,37.16,56.89,61.06,15.18,0.07,1.29,0,0,UP
2026-10-02 14:37:22.167756,R1,Gi0/1,40.67,35.96,40.29,14.81,0.3,1.75,2,0,UP
2026-10-02 14:37:22.167756,R1,Gi0/2,42.84,54.68,40.73,11.53,0.14,1.33,2,0,UP
2026-10-02 14:37:22.167756,SW1,Gi0/1,38.52,43.7,50.17,12.97,0.27,1.62,0,0,UP
2026-10-02 14:37:22.167756,SW1,Gi0/10,42.34,46.68,37.87,9.49,0.17,2.79,1,0,UP
2026-10-02 14:37:22.167756,SW1,Gi0/11,34.55,53.26,46.38,7.76,0.27,3.06,0,0,UP
2026-10-02 14:37:22.167756,SW2,Gi0/2,33.82,35.76,44.4,13.98,0.21,2.7,4,0,UP
2026-10-02 14:37:22.167756,SW2,Gi0/10,48.51,55.8,41.78,12.13,0.11,1.88,3,0,UP
2026-10-02 14:37:22.167756,SW2,Gi0/11,39.58,56.71,42.36,10.14,0.11,2.33,0,0,UP
2026-10-02 14:38:22.167756,R1,Gi0/1,38.99,56.64,47.34,11.85,0.2,1.49,1,0,UP
2026-10-02 14:38:22.167756,R1,Gi0/2,39.02,51.36,52.59,12.19,0.34,2.8,4,0,UP
2026-10-02 14:38:22.167756,SW1,Gi0/1,46.12,45.05,35.81,13.04,0.07,1.85,4,0,UP
2026-10-02 14:38:22.167756,SW1,Gi0/10,47.07,48.73,39.8,12.64,0.09,1.91,2,0,UP
2026-10-02 14:38:22.167756,SW1,Gi0/11,39.86,50.44,38.32,10.55,0.13,1.19,3,0,UP
2026-10-02 14:38:22.167756,SW2,Gi0/2,44.47,53.98,42.9,10.38,0.27,2.32,3,0,UP
2026-10-02 14:38:22.167756,SW2,Gi0/10,48.72,49.87,42.94,11.2,0.04,2.33,2,0,UP
2026-10-02 14:38:22.167756,SW2,Gi0/11,42.55,59.21,41.87,7.32,0.25,2.08,1,0,UP
2026-10-02 14:39:22.167756,R1,Gi0/1,41.99,53.93,37.43,11.4,0.35,1.64,3,0,UP
2026-10-02 14:39:22.167756,R1,Gi0/2,26.88,42.59,46.26,14.46,0.06,2.04,2,0,UP
2026-10-02 14:39:22.167756,SW1,Gi0/1,44.77,43.91,48.44,10.69,0.22,2.03,2,0,UP
2026-10-02 14:39:22.167756,SW1,Gi0/10,42.39,50.22,43.94,11.29,0.21,2.11,1,0,UP
2026-10-02 14:39:22.167756,SW1,Gi0/11,38.25,44.72,44.68,10.82,0.28,2.34,1,0,UP
2026-10-02 14:39:22.167756,SW2,Gi0/2,39.99,53.19,43.6,10.54,0.09,2.43,4,0,UP
2026-10-02 14:39:22.167756,SW2,Gi0/10,38.96,53.83,21.28,14.66,0.18,2.07,2,0,UP
2026-10-02 14:39:22.167756,SW2,Gi0/11,46.98,44.7,56.8,12.79,0.26,1.84,0,0,UP
2026-10-02 14:40:22.167756,R1,Gi0/1,44.65,51.56,55.89,11.61,0.16,2.69,6,0,UP
2026-10-02 14:40:22.167756,R1,Gi0/2,40.05,46.24,51.48,11.49,0.26,1.87,6,0,UP
2026-10-02 14:40:22.167756,SW1,Gi0/1,36.5,52.4,41.09,11.44,0.16,2.37,4,0,UP
2026-10-02 14:40:22.167756,SW1,Gi0/10,42.79,49.46,46.12,13.8,0.29,0.65,2,0,UP
2026-10-02 14:40:22.167756,SW1,Gi0/11,38.88,53.35,44.47,13.44,0.09,2.13,4,0,UP
2026-10-02 14:40:22.167756,SW2,Gi0/2,32.63,62.57,54.53,12.0,0.12,1.91,3,0,UP
2026-10-02 14:40:22.167756,SW2,Gi0/10,42.2,57.5,41.19,13.13,0.07,1.79,3,0,UP
2026-10-02 14:40:22.167756,SW2,Gi0/11,43.46,46.23,41.47,14.92,0.32,2.1,0,0,UP
2026-10-02 14:41:22.167756,R1,Gi0/1,52.56,49.9,42.5,10.96,0.24,2.19,4,0,UP
2026-10-02 14:41:22.167756,R1,Gi0/2,35.37,48.44,61.24,12.45,0.18,1.53,4,0,UP
2026-10-02 14:41:22.167756,SW1,Gi0/1,45.16,54.37,42.93,12.72,0.37,2.54,1,0,UP
2026-10-02 14:41:22.167756,SW1,Gi0/10,27.27,51.48,51.39,9.82,0.2,1.87,3,0,UP
2026-10-02 14:41:22.167756,SW1,Gi0/11,37.28,56.45,46.18,10.24,0.29,1.37,5,0,UP
2026-10-02 14:41:22.167756,SW2,Gi0/2,44.96,56.95,43.73,11.01,0.21,1.96,1,0,UP
2026-10-02 14:41:22.167756,SW2,Gi0/10,37.23,48.17,35.64,13.36,0.19,1.85,0,0,UP
2026-10-02 14:41:22.167756,SW2,Gi0/11,34.2,59.68,39.98,13.22,0.22,0.61,6,0,UP
2026-10-02 14:42:22.167756,R1,Gi0/1,43.42,46.16,44.77,9.7,0.38,1.55,1,0,UP
2026-10-02 14:42:22.167756,R1,Gi0/2,36.35,50.4,55.96,15.58,0.16,2.19,3,0,UP
2026-10-02 14:42:22.167756,SW1,Gi0/1,35.09,62.11,55.9,12.38,0.36,2.61,3,0,UP
2026-10-02 14:42:22.167756,SW1,Gi0/10,41.63,57.56,37.43,15.35,0.18,2.76,2,0,UP
2026-10-02 14:42:22.167756,SW1,Gi0/11,41.69,49.83,40.75,11.46,0.34,0.84,0,0,UP
2026-10-02 14:42:22.167756,SW2,Gi0/2,36.37,44.61,57.08,14.52,0.26,1.68,5,0,UP
2026-10-02 14:42:22.167756,SW2,Gi0/10,32.06,60.71,39.52,11.48,0.16,1.46,6,0,UP
2026-10-02 14:42:22.167756,SW2,Gi0/11,43.94,56.08,35.21,12.36,0.25,2.14,0,0,UP
2026-10-02 14:43:22.167756,R1,Gi0/1,45.38,50.61,37.36,8.29,0.26,3.23,0,0,UP
2026-10-02 14:43:22.167756,R1,Gi0/2,40.85,55.55,34.84,11.04,0.11,2.49,5,0,UP
2026-10-02 14:43:22.167756,SW1,Gi0/1,40.8,45.79,41.46,10.74,0.1,1.95,4,0,UP
2026-10-02 14:43:22.167756,SW1,Gi0/10,42.45,49.96,45.46,11.84,0.07,2.08,1,0,UP
2026-10-02 14:43:22.167756,SW1,Gi0/11,33.26,51.85,40.11,12.46,0.28,1.52,3,0,UP
2026-10-02 14:43:22.167756,SW2,Gi0/2,30.95,57.66,34.13,10.97,0.33,1.88,0,0,UP
2026-10-02 14:43:22.167756,SW2,Gi0/10,43.57,53.45,39.93,10.95,0.16,1.9,0,0,UP
2026-10-02 14:43:22.167756,SW2,Gi0/11,39.09,58.92,37.83,10.83,0.08,2.31,5,0,UP
2026-10-02 14:44:22.167756,R1,Gi0/1,45.9,43.76,49.0,14.87,0.25,2.24,2,0,UP
2026-10-02 14:44:22.167756,R1,Gi0/2,41.1,56.18,47.63,9.5,0.15,2.6,3,0,UP
2026-10-02 14:44:22.167756,SW1,Gi0/1,40.6,47.23,54.51,15.32,0.33,2.72,2,0,UP
2026-10-02 14:44:22.167756,SW1,Gi0/10,37.5,49.22,45.31,14.86,0.32,2.27,0,0,UP
2026-10-02 14:44:22.167756,SW1,Gi0/11,31.56,51.2,52.04,11.84,0.39,1.46,0,0,UP
2026-10-02 14:44:22.167756,SW2,Gi0/2,36.68,46.49,49.21,11.16,0.05,2.45,0,0,UP
2026-10-02 14:44:22.167756,SW2,Gi0/10,34.64,41.89,46.66,12.37,0.39,2.46,5,0,UP
2026-10-02 14:44:22.167756,SW2,Gi0/11,41.44,45.12,46.02,13.18,0.27,1.76,3,0,UP
2026-10-02 14:45:22.167756,R1,Gi0/1,35.33,44.78,36.07,12.05,0.08,1.79,4,0,UP
2026-10-02 14:45:22.167756,R1,Gi0/2,34.85,47.48,45.57,12.49,0.15,2.39,4,0,UP
2026-10-02 14:45:22.167756,SW1,Gi0/1,45.7,49.59,40.9,10.63,0.23,1.81,1,0,UP
2026-10-02 14:45:22.167756,SW1,Gi0/10,37.76,46.58,46.59,9.17,0.23,2.34,1,0,UP
2026-10-02 14:45:22.167756,SW1,Gi0/11,49.61,50.09,32.51,11.44,0.21,2.22,2,0,UP
2026-10-02 14:45:22.167756,SW2,Gi0/2,34.94,44.53,39.77,10.88,0.09,1.63,4,0,UP
2026-10-02 14:45:22.167756,SW2,Gi0/10,48.24,53.78,55.45,13.95,0.28,1.83,3,0,UP
2026-10-02 14:45:22.167756,SW2,Gi0/11,37.9,48.9,45.55,13.43,0.24,1.92,3,0,UP
2026-10-02 14:46:22.167756,R1,Gi0/1,42.17,53.34,32.85,9.85,0.31,1.97,2,0,UP
2026-10-02 14:46:22.167756,R1,Gi0/2,38.68,48.68,49.46,9.78,0.2,2.12,3,0,UP
2026-10-02 14:46:22.167756,SW1,Gi0/1,41.11,52.58,40.42,10.12,0.45,1.85,2,0,UP
2026-10-02 14:46:22.167756,SW1,Gi0/10,43.39,57.98,40.64,10.0,0.08,2.8,0,0,UP
2026-10-02 14:46:22.167756,SW1,Gi0/11,39.86,45.11,33.41,11.42,0.11,1.65,7,0,UP
2026-10-02 14:46:22.167756,SW2,Gi0/2,42.12,54.66,51.6,11.8,0.16,2.12,3,0,UP
2026-10-02 14:46:22.167756,SW2,Gi0/10,37.16,50.65,39.35,11.66,0.17,1.37,0,0,UP
2026-10-02 14:46:22.167756,SW2,Gi0/11,35.3,59.02,42.52,13.55,0.0,1.5,0,0,UP
2026-10-02 14:47:22.167756,R1,Gi0/1,38.99,62.11,48.68,15.39,0.17,2.68,7,0,UP
2026-10-02 14:47:22.167756,R1,Gi0/2,39.45,47.3,34.46,11.38,0.21,3.02,0,0,UP
2026-10-02 14:47:22.167756,SW1,Gi0/1,40.3,40.93,41.59,12.62,0.25,2.29,3,0,UP
2026-10-02 14:47:22.167756,SW1,Gi0/10,42.9,50.23,36.62,8.3,0.15,1.93,5,0,UP
2026-10-02 14:47:22.167756,SW1,Gi0/11,39.5,49.02,48.08,11.46,0.28,2.99,7,0,UP
2026-10-02 14:47:22.167756,SW2,Gi0/2,40.49,51.68,57.63,11.7,0.27,1.43,2,0,UP
2026-10-02 14:47:22.167756,SW2,Gi0/10,45.78,46.41,43.98,8.85,0.4,2.63,3,0,UP
2026-10-02 14:47:22.167756,SW2,Gi0/11,42.54,51.98,56.07,10.96,0.27,2.54,5,0,UP
2026-10-02 14:48:22.167756,R1,Gi0/1,28.7,47.0,36.85,12.3,0.0,0.98,7,0,UP
2026-10-02 14:48:22.167756,R1,Gi0/2,43.09,50.61,47.91,12.29,0.3,1.68,3,0,UP
2026-10-02 14:48:22.167756,SW1,Gi0/1,41.14,44.77,55.22,11.11,0.3,2.06,6,0,UP
2026-10-02 14:48:22.167756,SW1,Gi0/10,34.79,44.58,37.75,12.27,0.35,2.8,0,0,UP
2026-10-02 14:48:22.167756,SW1,Gi0/11,41.25,33.94,51.36,14.24,0.2,2.04,3,0,UP
2026-10-02 14:48:22.167756,SW2,Gi0/2,36.08,52.16,43.15,13.86,0.19,1.57,0,0,UP
2026-10-02 14:48:22.167756,SW2,Gi0/10,30.68,56.56,41.34,12.68,0.38,1.72,1,0,UP
2026-10-02 14:48:22.167756,SW2,Gi0/11,39.34,50.15,60.1,15.13,0.26,2.72,2,0,UP
2026-10-02 14:49:22.167756,R1,Gi0/1,41.5,48.49,34.68,14.41,0.25,2.01,2,0,UP
2026-10-02 14:49:22.167756,R1,Gi0/2,32.47,45.11,47.69,10.94,0.18,1.95,1,0,UP
2026-10-02 14:49:22.167756,SW1,Gi0/1,35.16,41.94,43.83,13.24,0.04,1.99,3,0,UP
2026-10-02 14:49:22.167756,SW1,Gi0/10,35.05,57.11,41.91,11.8,0.18,1.11,5,0,UP
2026-10-02 14:49:22.167756,SW1,Gi0/11,35.22,48.82,49.78,14.92,0.09,1.78,5,0,UP
2026-10-02 14:49:22.167756,SW2,Gi0/2,42.32,53.36,36.59,11.24,0.18,1.57,0,0,UP
2026-10-02 14:49:22.167756,SW2,Gi0/10,37.45,56.77,45.47,14.75,0.22,1.62,5,0,UP
2026-10-02 14:49:22.167756,SW2,Gi0/11,41.06,54.81,36.45,14.08,0.31,2.14,1,0,UP
2026-10-02 14:50:22.167756,R1,Gi0/1,39.77,53.06,46.88,13.2,0.3,1.68,0,0,UP
2026-10-02 14:50:22.167756,R1,Gi0/2,39.81,48.35,51.29,9.85,0.3,2.68,3,0,UP
2026-10-02 14:50:22.167756,SW1,Gi0/1,40.3,46.16,40.66,11.18,0.34,1.96,0,0,UP
2026-10-02 14:50:22.167756,SW1,Gi0/10,41.28,54.13,44.8,14.94,0.28,1.48,1,0,UP
2026-10-02 14:50:22.167756,SW1,Gi0/11,41.13,41.67,47.69,8.48,0.3,2.45,4,0,UP
2026-10-02 14:50:22.167756,SW2,Gi0/2,36.62,50.85,40.89,9.94,0.17,2.35,3,0,UP
2026-10-02 14:50:22.167756,SW2,Gi0/10,47.25,53.83,50.27,8.78,0.17,1.47,2,0,UP
2026-10-02 14:50:22.167756,SW2,Gi0/11,36.53,48.11,53.49,12.95,0.3,1.2,3,0,UP
2026-10-02 14:51:22.167756,R1,Gi0/1,44.83,57.53,32.62,11.3,0.3,1.9,1,0,UP
2026-10-02 14:51:22.167756,R1,Gi0/2,32.25,45.26,31.49,12.12,0.29,1.37,3,0,UP
2026-10-02 14:51:22.167756,SW1,Gi0/1,44.23,49.99,32.11,12.77,0.19,1.92,1,0,UP
2026-10-02 14:51:22.167756,SW1,Gi0/10,40.43,52.55,64.13,12.22,0.35,2.18,2,0,UP
2026-10-02 14:51:22.167756,SW1,Gi0/11,40.74,43.89,47.45,8.02,0.11,2.05,5,0,UP
2026-10-02 14:51:22.167756,SW2,Gi0/2,47.15,48.82,46.25,13.97,0.07,2.2,1,0,UP
2026-10-02 14:51:22.167756,SW2,Gi0/10,39.14,47.7,48.48,13.1,0.29,2.17,3,0,UP
2026-10-02 14:51:22.167756,SW2,Gi0/11,49.27,42.38,58.56,11.42,0.26,1.84,1,0,UP
2026-10-02 14:52:22.167756,R1,Gi0/1,42.42,55.21,48.78,10.92,0.56,2.6,4,0,UP
2026-10-02 14:52:22.167756,R1,Gi0/2,38.24,46.87,42.76,14.16,0.1,1.47,4,0,UP
2026-10-02 14:52:22.167756,SW1,Gi0/1,41.6,46.15,36.27,14.88,0.24,1.32,0,0,UP
2026-10-02 14:52:22.167756,SW1,Gi0/10,38.19,53.66,49.76,14.26,0.05,2.11,5,0,UP
2026-10-02 14:52:22.167756,SW1,Gi0/11,46.66,51.79,63.78,13.22,0.3,2.02,1,0,UP
2026-10-02 14:52:22.167756,SW2,Gi0/2,35.62,50.91,43.31,8.46,0.1,1.84,4,0,UP
2026-10-02 14:52:22.167756,SW2,Gi0/10,39.92,49.64,37.1,12.05,0.33,2.08,0,0,UP
2026-10-02 14:52:22.167756,SW2,Gi0/11,33.74,52.94,43.21,11.85,0.14,2.25,2,0,UP
2026-10-02 14:53:22.167756,R1,Gi0/1,39.07,45.74,52.37,11.56,0.26,1.4,6,0,UP
2026-10-02 14:53:22.167756,R1,Gi0/2,46.39,40.45,38.58,12.96,0.07,1.93,3,0,UP
2026-10-02 14:53:22.167756,SW1,Gi0/1,39.08,52.69,39.45,7.51,0.3,2.49,8,0,UP
2026-10-02 14:53:22.167756,SW1,Gi0/10,28.96,53.75,29.25,15.51,0.25,1.52,4,0,UP
2026-10-02 14:53:22.167756,SW1,Gi0/11,37.23,51.5,46.65,15.49,0.38,1.7,5,0,UP
2026-10-02 14:53:22.167756,SW2,Gi0/2,41.77,42.94,39.43,16.67,0.24,2.5,2,0,UP
2026-10-02 14:53:22.167756,SW2,Gi0/10,37.3,50.14,42.87,9.01,0.1,2.35,2,0,UP
2026-10-02 14:53:22.167756,SW2,Gi0/11,40.13,51.17,47.5,14.29,0.09,2.29,4,0,UP
2026-10-02 14:54:22.167756,R1,Gi0/1,44.93,42.94,47.04,15.43,0.19,2.24,4,0,UP
2026-10-02 14:54:22.167756,R1,Gi0/2,34.87,59.17,49.0,13.04,0.03,2.4,4,0,UP
2026-10-02 14:54:22.167756,SW1,Gi0/1,48.12,48.44,37.1,10.64,0.15,1.44,5,0,UP
2026-10-02 14:54:22.167756,SW1,Gi0/10,46.64,49.02,41.86,8.37,0.27,2.83,1,0,UP
2026-10-02 14:54:22.167756,SW1,Gi0/11,39.42,52.17,58.8,12.4,0.22,2.09,0,0,UP
2026-10-02 14:54:22.167756,SW2,Gi0/2,32.77,45.96,53.1,11.33,0.15,1.73,2,0,UP
2026-10-02 14:54:22.167756,SW2,Gi0/10,48.51,49.24,38.71,12.05,0.38,1.75,0,0,UP
2026-10-02 14:54:22.167756,SW2,Gi0/11,37.5,50.64,50.51,14.01,0.1,1.52,2,0,UP
2026-10-02 14:55:22.167756,R1,Gi0/1,43.42,43.7,40.14,10.81,0.29,2.26,4,0,UP
2026-10-02 14:55:22.167756,R1,Gi0/2,46.69,48.47,35.5,9.64,0.02,1.77,2,0,UP
2026-10-02 14:55:22.167756,SW1,Gi0/1,43.94,50.08,41.08,11.77,0.1,2.51,1,0,UP
2026-10-02 14:55:22.167756,SW1,Gi0/10,34.3,54.09,49.59,8.55,0.29,1.63,2,0,UP
2026-10-02 14:55:22.167756,SW1,Gi0/11,40.94,52.93,48.56,11.9,0.16,2.21,2,0,UP
2026-10-02 14:55:22.167756,SW2,Gi0/2,49.03,52.93,37.61,11.04,0.2,2.65,5,0,UP
2026-10-02 14:55:22.167756,SW2,Gi0/10,38.02,45.33,36.51,12.5,0.43,2.27,0,0,UP
2026-10-02 14:55:22.167756,SW2,Gi0/11,36.37,46.88,38.42,11.22,0.24,2.34,5,0,UP
2026-10-02 14:56:22.167756,R1,Gi0/1,42.62,40.23,36.54,11.68,0.21,2.43,3,0,UP
2026-10-02 14:56:22.167756,R1,Gi0/2,40.25,51.19,42.96,12.17,0.31,1.96,2,0,UP
2026-10-02 14:56:22.167756,SW1,Gi0/1,39.83,56.49,36.14,15.55,0.08,1.67,4,0,UP
2026-10-02 14:56:22.167756,SW1,Gi0/10,45.15,42.98,36.26,12.56,0.43,2.62,2,0,UP
2026-10-02 14:56:22.167756,SW1,Gi0/11,27.9,50.41,47.9,11.23,0.11,2.08,1,0,UP
2026-10-02 14:56:22.167756,SW2,Gi0/2,49.36,57.58,50.26,12.18,0.13,1.99,6,0,UP
2026-10-02 14:56:22.167756,SW2,Gi0/10,44.34,51.02,52.39,13.09,0.24,2.49,4,0,UP
2026-10-02 14:56:22.167756,SW2,Gi0/11,44.29,50.81,42.97,10.9,0.13,1.2,1,0,UP
2026-10-02 14:57:22.167756,R1,Gi0/1,35.3,47.46,57.5,11.68,0.22,2.14,6,0,UP
2026-10-02 14:57:22.167756,R1,Gi0/2,37.12,48.89,44.15,14.27,0.33,2.24,5,0,UP
2026-10-02 14:57:22.167756,SW1,Gi0/1,40.89,49.14,54.43,12.98,0.13,2.5,2,0,UP
2026-10-02 14:57:22.167756,SW1,Gi0/10,38.35,54.47,44.29,12.78,0.27,1.61,3,0,UP
2026-10-02 14:57:22.167756,SW1,Gi0/11,46.75,45.22,48.6,10.34,0.3,2.51,2,0,UP
2026-10-02 14:57:22.167756,SW2,Gi0/2,51.05,55.53,50.66,13.3,0.3,1.5,3,0,UP
2026-10-02 14:57:22.167756,SW2,Gi0/10,41.92,48.0,48.72,14.46,0.16,1.97,1,0,UP
2026-10-02 14:57:22.167756,SW2,Gi0/11,31.07,53.89,44.79,12.1,0.1,1.91,5,0,UP
2026-10-02 14:58:22.167756,R1,Gi0/1,40.0,50.15,46.66,9.53,0.26,1.37,1,0,UP
2026-10-02 14:58:22.167756,R1,Gi0/2,34.75,49.12,42.18,12.0,0.11,2.5,4,0,UP
2026-10-02 14:58:22.167756,SW1,Gi0/1,39.13,47.61,40.37,11.38,0.06,1.52,4,0,UP
2026-10-02 14:58:22.167756,SW1,Gi0/10,41.51,58.17,42.61,11.28,0.16,1.84,1,0,UP
2026-10-02 14:58:22.167756,SW1,Gi0/11,41.35,50.15,40.92,14.5,0.39,2.58,4,0,UP
2026-10-02 14:58:22.167756,SW2,Gi0/2,43.81,59.28,51.08,10.83,0.24,2.31,1,0,UP
2026-10-02 14:58:22.167756,SW2,Gi0/10,38.58,55.5,30.41,9.5,0.18,2.18,0,0,UP
2026-10-02 14:58:22.167756,SW2,Gi0/11,39.37,55.77,45.55,13.88,0.14,1.6,4,0,UP
2026-10-02 14:59:22.167756,R1,Gi0/1,41.85,44.07,38.59,15.13,0.11,2.47,2,0,UP
2026-10-02 14:59:22.167756,R1,Gi0/2,39.98,51.47,28.19,9.07,0.21,1.64,4,0,UP
2026-10-02 14:59:22.167756,SW1,Gi0/1,31.97,52.83,33.99,11.3,0.09,2.95,0,0,UP
2026-10-02 14:59:22.167756,SW1,Gi0/10,39.39,41.37,57.8,12.8,0.21,2.74,3,0,UP
2026-10-02 14:59:22.167756,SW1,Gi0/11,41.1,50.66,49.51,11.02,0.18,2.41,3,0,UP
2026-10-02 14:59:22.167756,SW2,Gi0/2,39.43,43.0,56.98,10.68,0.3,2.09,0,0,UP
2026-10-02 14:59:22.167756,SW2,Gi0/10,46.26,51.27,55.68,11.64,0.27,1.12,1,0,UP
2026-10-02 14:59:22.167756,SW2,Gi0/11,33.64,48.13,48.77,10.79,0.29,1.57,4,0,UP
2026-10-02 15:00:22.167756,R1,Gi0/1,46.55,55.07,42.25,7.75,0.26,1.94,1,0,UP
2026-10-02 15:00:22.167756,R1,Gi0/2,37.22,57.17,35.9,12.94,0.22,1.82,4,0,UP
2026-10-02 15:00:22.167756,SW1,Gi0/1,48.16,48.52,43.05,13.24,0.29,1.94,2,0,UP
2026-10-02 15:00:22.167756,SW1,Gi0/10,28.91,46.11,35.89,13.37,0.18,1.86,2,0,UP
2026-10-02 15:00:22.167756,SW1,Gi0/11,35.65,57.77,55.39,15.24,0.27,1.99,6,0,UP
2026-10-02 15:00:22.167756,SW2,Gi0/2,36.6,45.64,40.19,13.05,0.12,1.92,0,0,UP
2026-10-02 15:00:22.167756,SW2,Gi0/10,42.41,42.41,37.54,14.43,0.32,2.19,3,0,UP
2026-10-02 15:00:22.167756,SW2,Gi0/11,37.35,46.14,42.1,8.97,0.23,2.02,1,0,UP
2026-10-02 15:01:22.167756,R1,Gi0/1,47.84,53.03,50.53,11.03,0.2,2.31,3,0,UP
2026-10-02 15:01:22.167756,R1,Gi0/2,48.01,48.98,40.96,13.27,0.07,2.46,0,0,UP
2026-10-02 15:01:22.167756,SW1,Gi0/1,43.19,46.76,48.81,13.81,0.22,1.4,1,0,UP
2026-10-02 15:01:22.167756,SW1,Gi0/10,36.36,40.52,54.02,12.22,0.09,2.73,1,0,UP
2026-10-02 15:01:22.167756,SW1,Gi0/11,41.25,45.87,28.85,9.27,0.16,2.45,3,0,UP
2026-10-02 15:01:22.167756,SW2,Gi0/2,40.7,39.95,55.16,12.45,0.19,2.57,5,0,UP
2026-10-02 15:01:22.167756,SW2,Gi0/10,45.77,48.76,36.97,13.98,0.06,2.97,3,0,UP
2026-10-02 15:01:22.167756,SW2,Gi0/11,34.7,43.84,34.78,12.28,0.2,1.38,2,0,UP
2026-10-02 15:02:22.167756,R1,Gi0/1,33.16,52.95,44.56,11.24,0.07,1.85,2,0,UP
2026-10-02 15:02:22.167756,R1,Gi0/2,41.59,50.84,51.34,11.03,0.01,2.5,1,0,UP
2026-10-02 15:02:22.167756,SW1,Gi0/1,34.47,49.78,47.42,10.94,0.15,1.8,5,0,UP
2026-10-02 15:02:22.167756,SW1,Gi0/10,39.99,45.16,37.34,11.5,0.22,2.24,3,0,UP
2026-10-02 15:02:22.167756,SW1,Gi0/11,35.79,47.88,50.87,9.71,0.15,2.3,4,0,UP
2026-10-02 15:02:22.167756,SW2,Gi0/2,39.04,47.94,34.42,13.05,0.33,3.28,3,0,UP
2026-10-02 15:02:22.167756,SW2,Gi0/10,39.75,45.4,29.97,12.35,0.44,2.64,5,0,UP
2026-10-02 15:02:22.167756,SW2,Gi0/11,41.23,51.8,25.61,13.53,0.14,1.65,2,0,UP
2026-10-02 15:03:22.167756,R1,Gi0/1,38.21,46.41,45.11,10.88,0.21,1.26,2,0,UP
2026-10-02 15:03:22.167756,R1,Gi0/2,34.52,46.79,46.15,8.79,0.12,2.28,0,0,UP
2026-10-02 15:03:22.167756,SW1,Gi0/1,48.89,56.02,41.04,10.43,0.22,1.28,0,0,UP
2026-10-02 15:03:22.167756,SW1,Gi0/10,37.7,49.33,45.76,10.77,0.33,1.25,0,0,UP
2026-10-02 15:03:22.167756,SW1,Gi0/11,42.43,44.19,35.4,12.25,0.09,1.93,1,0,UP
2026-10-02 15:03:22.167756,SW2,Gi0/2,35.69,39.49,46.12,9.51,0.18,1.74,2,0,UP
2026-10-02 15:03:22.167756,SW2,Gi0/10,39.25,50.97,39.18,14.49,0.02,1.89,4,0,UP
2026-10-02 15:03:22.167756,SW2,Gi0/11,42.38,45.13,38.53,9.99,0.26,1.63,3,0,UP
2026-10-02 15:04:22.167756,R1,Gi0/1,41.32,61.84,47.51,10.38,0.05,1.86,2,0,UP
2026-10-02 15:04:22.167756,R1,Gi0/2,28.95,46.43,47.38,10.94,0.3,1.22,4,0,UP
2026-10-02 15:04:22.167756,SW1,Gi0/1,44.57,54.78,32.47,12.63,0.13,1.3,2,0,UP
2026-10-02 15:04:22.167756,SW1,Gi0/10,35.48,54.6,49.1,9.7,0.13,1.81,2,0,UP
2026-10-02 15:04:22.167756,SW1,Gi0/11,45.03,53.45,45.41,11.48,0.02,2.65,2,0,UP
2026-10-02 15:04:22.167756,SW2,Gi0/2,47.77,50.98,61.2,13.21,0.06,1.69,2,0,UP
2026-10-02 15:04:22.167756,SW2,Gi0/10,35.63,48.11,34.06,12.01,0.22,1.5,6,0,UP
2026-10-02 15:04:22.167756,SW2,Gi0/11,40.32,45.92,31.96,12.12,0.17,2.39,2,0,UP
2026-10-02 15:05:22.167756,R1,Gi0/1,34.03,58.35,48.48,11.49,0.22,2.24,0,0,UP
2026-10-02 15:05:22.167756,R1,Gi0/2,40.79,47.75,49.06,10.52,0.14,2.83,5,0,UP
2026-10-02 15:05:22.167756,SW1,Gi0/1,23.52,55.78,44.41,10.58,0.1,1.53,1,0,UP
2026-10-02 15:05:22.167756,SW1,Gi0/10,34.36,43.23,36.68,12.65,0.21,2.28,2,0,UP
2026-10-02 15:05:22.167756,SW1,Gi0/11,33.47,52.47,36.96,13.29,0.08,1.66,2,0,UP
2026-10-02 15:05:22.167756,SW2,Gi0/2,43.37,50.88,45.16,15.77,0.02,1.48,0,0,UP
2026-10-02 15:05:22.167756,SW2,Gi0/10,31.15,46.4,50.5,10.82,0.17,1.14,1,0,UP
2026-10-02 15:05:22.167756,SW2,Gi0/11,37.69,53.21,31.6,11.09,0.31,1.78,0,0,UP
2026-10-02 15:06:22.167756,R1,Gi0/1,46.4,53.67,51.96,8.51,0.35,1.61,1,0,UP
2026-10-02 15:06:22.167756,R1,Gi0/2,36.49,54.73,43.56,12.96,0.21,1.95,1,0,UP
2026-10-02 15:06:22.167756,SW1,Gi0/1,49.06,42.68,48.3,12.75,0.32,2.69,2,0,UP
2026-10-02 15:06:22.167756,SW1,Gi0/10,42.65,58.82,44.48,9.87,0.16,1.35,3,0,UP
2026-10-02 15:06:22.167756,SW1,Gi0/11,45.32,49.39,32.03,14.04,0.02,1.23,2,0,UP
2026-10-02 15:06:22.167756,SW2,Gi0/2,41.26,52.11,44.47,15.52,0.21,2.52,4,0,UP
2026-10-02 15:06:22.167756,SW2,Gi0/10,33.54,49.15,61.99,10.99,0.13,2.09,2,0,UP
2026-10-02 15:06:22.167756,SW2,Gi0/11,36.03,47.58,56.46,11.73,0.07,1.24,7,0,UP
2026-10-02 15:07:22.167756,R1,Gi0/1,38.88,52.17,38.83,12.64,0.35,1.67,3,0,UP
2026-10-02 15:07:22.167756,R1,Gi0/2,32.97,60.11,47.15,11.17,0.17,1.74,2,0,UP
2026-10-02 15:07:22.167756,SW1,Gi0/1,27.76,49.51,43.88,12.98,0.15,1.61,2,0,UP
2026-10-02 15:07:22.167756,SW1,Gi0/10,31.94,50.72,30.11,14.24,0.27,1.54,4,0,UP
2026-10-02 15:07:22.167756,SW1,Gi0/11,40.56,44.95,28.82,12.63,0.12,2.55,3,0,UP
2026-10-02 15:07:22.167756,SW2,Gi0/2,36.5,58.99,49.61,4.69,0.15,1.31,1,0,UP
2026-10-02 15:07:22.167756,SW2,Gi0/10,39.28,51.77,47.09,14.16,0.26,2.29,3,0,UP
2026-10-02 15:07:22.167756,SW2,Gi0/11,46.43,48.42,42.68,8.19,0.31,1.96,8,0,UP
2026-10-02 15:08:22.167756,R1,Gi0/1,37.97,50.44,49.37,9.8,0.24,2.02,2,0,UP
2026-10-02 15:08:22.167756,R1,Gi0/2,45.86,45.48,47.2,14.91,0.13,1.85,7,0,UP
2026-10-02 15:08:22.167756,SW1,Gi0/1,42.37,47.47,51.42,10.86,0.04,2.69,0,0,UP
2026-10-02 15:08:22.167756,SW1,Gi0/10,52.26,47.55,62.07,9.26,0.3,2.25,4,0,UP
2026-10-02 15:08:22.167756,SW1,Gi0/11,44.84,47.51,34.53,11.9,0.22,1.76,3,0,UP
2026-10-02 15:08:22.167756,SW2,Gi0/2,41.65,45.45,48.16,11.47,0.13,2.39,1,0,UP
2026-10-02 15:08:22.167756,SW2,Gi0/10,37.72,50.36,55.99,12.39,0.25,1.85,2,0,UP
2026-10-02 15:08:22.167756,SW2,Gi0/11,39.76,51.47,42.63,14.68,0.16,1.15,8,0,UP
2026-10-02 15:09:22.167756,R1,Gi0/1,38.36,56.57,56.24,13.89,0.18,2.14,0,0,UP
2026-10-02 15:09:22.167756,R1,Gi0/2,49.95,45.74,42.97,12.2,0.19,1.67,5,0,UP
2026-10-02 15:09:22.167756,SW1,Gi0/1,44.75,51.61,41.8,14.13,0.15,2.79,3,0,UP
2026-10-02 15:09:22.167756,SW1,Gi0/10,46.15,49.43,45.57,14.45,0.42,2.78,4,0,UP
2026-10-02 15:09:22.167756,SW1,Gi0/11,42.95,47.47,47.36,10.17,0.24,2.22,0,0,UP
2026-10-02 15:09:22.167756,SW2,Gi0/2,40.19,52.07,44.33,12.72,0.07,1.61,5,0,UP
2026-10-02 15:09:22.167756,SW2,Gi0/10,40.0,51.7,40.63,12.04,0.0,2.42,6,0,UP
2026-10-02 15:09:22.167756,SW2,Gi0/11,34.67,45.3,48.53,14.95,0.2,1.39,2,0,UP
2026-10-02 15:10:22.167756,R1,Gi0/1,34.85,46.66,42.57,10.14,0.12,2.04,3,0,UP
2026-10-02 15:10:22.167756,R1,Gi0/2,32.88,51.98,41.94,13.44,0.28,1.73,4,0,UP
2026-10-02 15:10:22.167756,SW1,Gi0/1,35.82,56.62,38.61,12.71,0.18,1.49,4,0,UP
2026-10-02 15:10:22.167756,SW1,Gi0/10,36.93,41.5,21.94,10.25,0.34,2.63,1,0,UP
2026-10-02 15:10:22.167756,SW1,Gi0/11,38.13,47.68,34.33,10.1,0.3,2.25,3,0,UP
2026-10-02 15:10:22.167756,SW2,Gi0/2,33.32,50.5,26.57,13.69,0.23,1.33,6,0,UP
2026-10-02 15:10:22.167756,SW2,Gi0/10,31.02,52.65,49.44,9.52,0.2,1.18,0,0,UP
2026-10-02 15:10:22.167756,SW2,Gi0/11,34.66,46.92,50.15,12.13,0.21,1.49,1,0,UP
2026-10-02 15:11:22.167756,R1,Gi0/1,35.35,43.88,40.25,12.15,0.14,1.84,4,0,UP
2026-10-02 15:11:22.167756,R1,Gi0/2,37.5,43.33,49.51,12.53,0.23,2.31,3,0,UP
2026-10-02 15:11:22.167756,SW1,Gi0/1,40.14,61.96,34.72,10.83,0.3,2.07,4,0,UP
2026-10-02 15:11:22.167756,SW1,Gi0/10,40.85,56.87,36.94,14.68,0.32,1.39,4,0,UP
2026-10-02 15:11:22.167756,SW1,Gi0/11,39.78,46.97,29.89,9.98,0.27,2.41,2,0,UP
2026-10-02 15:11:22.167756,SW2,Gi0/2,44.08,54.73,46.24,10.56,0.24,2.24,4,0,UP
2026-10-02 15:11:22.167756,SW2,Gi0/10,44.33,43.19,40.92,8.2,0.27,1.89,3,0,UP
2026-10-02 15:11:22.167756,SW2,Gi0/11,32.62,57.0,35.45,13.55,0.21,1.91,2,0,UP
2026-10-02 15:12:22.167756,R1,Gi0/1,36.81,56.48,45.1,9.46,0.16,2.06,4,0,UP
2026-10-02 15:12:22.167756,R1,Gi0/2,36.98,47.31,45.19,13.75,0.06,2.25,2,0,UP
2026-10-02 15:12:22.167756,SW1,Gi0/1,38.38,60.01,43.43,13.51,0.27,1.41,0,0,UP
2026-10-02 15:12:22.167756,SW1,Gi0/10,44.1,44.58,31.69,14.05,0.1,1.61,6,0,UP
2026-10-02 15:12:22.167756,SW1,Gi0/11,31.7,43.72,41.32,11.52,0.11,1.42,6,0,UP
2026-10-02 15:12:22.167756,SW2,Gi0/2,41.31,52.93,43.9,12.58,0.29,1.5,3,0,UP
2026-10-02 15:12:22.167756,SW2,Gi0/10,43.48,57.72,60.58,12.14,0.31,0.66,6,0,UP
2026-10-02 15:12:22.167756,SW2,Gi0/11,36.37,48.79,48.53,11.69,0.22,2.79,2,0,UP
2026-10-02 15:13:22.167756,R1,Gi0/1,34.57,59.07,49.21,15.84,0.29,1.34,4,0,UP
2026-10-02 15:13:22.167756,R1,Gi0/2,35.08,50.04,44.39,8.76,0.12,3.1,3,0,UP
2026-10-02 15:13:22.167756,SW1,Gi0/1,39.12,59.06,41.83,11.82,0.3,1.8,1,0,UP
2026-10-02 15:13:22.167756,SW1,Gi0/10,28.73,45.32,37.43,12.32,0.14,3.08,0,0,UP
2026-10-02 15:13:22.167756,SW1,Gi0/11,47.0,51.1,51.45,13.49,0.0,1.99,2,0,UP
2026-10-02 15:13:22.167756,SW2,Gi0/2,34.34,52.3,58.73,6.65,0.15,1.38,3,0,UP
2026-10-02 15:13:22.167756,SW2,Gi0/10,38.37,46.97,50.52,15.27,0.47,1.63,0,0,UP
2026-10-02 15:13:22.167756,SW2,Gi0/11,42.8,58.05,51.51,15.21,0.18,1.7,3,0,UP
2026-10-02 15:14:22.167756,R1,Gi0/1,38.35,53.32,52.76,14.1,0.25,2.12,4,0,UP
2026-10-02 15:14:22.167756,R1,Gi0/2,30.19,51.05,45.42,12.43,0.19,2.22,1,0,UP
2026-10-02 15:14:22.167756,SW1,Gi0/1,45.65,52.37,46.21,10.6,0.28,2.1,1,0,UP
2026-10-02 15:14:22.167756,SW1,Gi0/10,39.72,53.15,49.41,12.97,0.21,2.51,5,0,UP
2026-10-02 15:14:22.167756,SW1,Gi0/11,43.69,47.06,36.54,10.91,0.4,2.14,7,0,UP
2026-10-02 15:14:22.167756,SW2,Gi0/2,39.4,48.71,44.41,11.82,0.12,1.43,4,0,UP
2026-10-02 15:14:22.167756,SW2,Gi0/10,45.27,62.22,41.53,11.29,0.12,2.56,4,0,UP
2026-10-02 15:14:22.167756,SW2,Gi0/11,35.62,45.49,52.62,12.77,0.28,1.56,0,0,UP
2026-10-02 15:15:22.167756,R1,Gi0/1,35.63,53.44,61.89,11.14,0.43,2.41,0,0,UP
2026-10-02 15:15:22.167756,R1,Gi0/2,41.07,54.32,25.6,13.29,0.32,2.2,2,0,UP
2026-10-02 15:15:22.167756,SW1,Gi0/1,39.14,48.84,35.59,10.62,0.16,2.06,1,0,UP
2026-10-02 15:15:22.167756,SW1,Gi0/10,35.65,53.8,47.96,10.92,0.25,1.77,3,0,UP
2026-10-02 15:15:22.167756,SW1,Gi0/11,44.88,46.98,35.62,11.71,0.06,1.86,2,0,UP
2026-10-02 15:15:22.167756,SW2,Gi0/2,27.68,52.65,43.54,14.36,0.22,2.37,5,0,UP
2026-10-02 15:15:22.167756,SW2,Gi0/10,39.34,50.0,32.41,14.48,0.19,1.5,4,0,UP
2026-10-02 15:15:22.167756,SW2,Gi0/11,29.1,47.85,52.27,11.12,0.13,1.79,0,0,UP
2026-10-02 15:16:22.167756,R1,Gi0/1,43.58,49.39,42.82,11.46,0.2,2.33,2,0,UP
2026-10-02 15:16:22.167756,R1,Gi0/2,33.19,52.88,48.99,12.41,0.31,2.02,5,0,UP
2026-10-02 15:16:22.167756,SW1,Gi0/1,47.04,52.91,39.02,11.74,0.32,1.25,2,0,UP
2026-10-02 15:16:22.167756,SW1,Gi0/10,38.29,45.67,51.98,12.75,0.13,2.3,2,0,UP
2026-10-02 15:16:22.167756,SW1,Gi0/11,35.55,46.44,48.49,13.88,0.15,2.27,6,0,UP
2026-10-02 15:16:22.167756,SW2,Gi0/2,33.71,51.78,51.65,11.81,0.32,3.1,3,0,UP
2026-10-02 15:16:22.167756,SW2,Gi0/10,38.83,54.88,51.74,6.96,0.2,1.8,3,0,UP
2026-10-02 15:16:22.167756,SW2,Gi0/11,39.03,49.57,38.09,13.47,0.37,1.58,0,0,UP
2026-10-02 15:17:22.167756,R1,Gi0/1,40.1,49.86,54.37,9.54,0.15,0.93,5,0,UP
2026-10-02 15:17:22.167756,R1,Gi0/2,41.25,47.68,34.42,9.54,0.24,1.45,3,0,UP
2026-10-02 15:17:22.167756,SW1,Gi0/1,50.21,48.26,37.31,12.76,0.08,2.86,5,0,UP
2026-10-02 15:17:22.167756,SW1,Gi0/10,39.18,45.51,41.59,11.41,0.24,2.52,0,0,UP
2026-10-02 15:17:22.167756,SW1,Gi0/11,45.05,53.09,40.94,9.83,0.21,1.47,5,0,UP
2026-10-02 15:17:22.167756,SW2,Gi0/2,34.38,52.74,44.36,10.88,0.19,2.54,0,0,UP
2026-10-02 15:17:22.167756,SW2,Gi0/10,37.94,46.24,44.69,10.63,0.02,1.47,6,0,UP
2026-10-02 15:17:22.167756,SW2,Gi0/11,41.23,51.06,42.74,11.9,0.16,2.26,3,0,UP
2026-10-02 15:18:22.167756,R1,Gi0/1,34.14,51.27,25.33,12.83,0.06,1.95,0,0,UP
2026-10-02 15:18:22.167756,R1,Gi0/2,40.01,52.89,57.02,8.92,0.3,2.07,2,0,UP
2026-10-02 15:18:22.167756,SW1,Gi0/1,43.8,48.82,50.74,10.02,0.14,2.47,5,0,UP
2026-10-02 15:18:22.167756,SW1,Gi0/10,39.82,36.06,43.41,12.06,0.18,2.17,2,0,UP
2026-10-02 15:18:22.167756,SW1,Gi0/11,44.19,44.17,54.89,15.1,0.11,1.54,3,0,UP
2026-10-02 15:18:22.167756,SW2,Gi0/2,34.06,47.54,53.82,13.48,0.4,2.09,1,0,UP
2026-10-02 15:18:22.167756,SW2,Gi0/10,40.26,49.25,43.91,11.95,0.11,2.14,0,0,UP
2026-10-02 15:18:22.167756,SW2,Gi0/11,36.42,49.41,26.92,13.54,0.0,2.33,0,0,UP
2026-10-02 15:19:22.167756,R1,Gi0/1,37.98,52.6,62.59,12.23,0.0,2.48,2,0,UP
2026-10-02 15:19:22.167756,R1,Gi0/2,40.35,52.79,27.2,12.01,0.16,2.61,4,0,UP
2026-10-02 15:19:22.167756,SW1,Gi0/1,31.86,56.31,48.6,8.91,0.21,2.52,0,0,UP
2026-10-02 15:19:22.167756,SW1,Gi0/10,46.89,42.44,38.67,10.11,0.34,1.75,0,0,UP
2026-10-02 15:19:22.167756,SW1,Gi0/11,42.23,53.31,50.34,11.46,0.23,1.67,6,0,UP
2026-10-02 15:19:22.167756,SW2,Gi0/2,45.72,55.41,51.35,13.04,0.08,2.32,3,0,UP
2026-10-02 15:19:22.167756,SW2,Gi0/10,46.32,54.04,49.4,8.63,0.19,1.72,3,0,UP
2026-10-02 15:19:22.167756,SW2,Gi0/11,37.92,48.62,48.67,11.14,0.21,1.24,1,0,UP
2026-10-02 15:20:22.167756,R1,Gi0/1,43.28,43.85,54.97,13.95,0.17,3.5,5,0,UP
2026-10-02 15:20:22.167756,R1,Gi0/2,35.25,53.73,45.53,10.45,0.09,2.5,1,0,UP
2026-10-02 15:20:22.167756,SW1,Gi0/1,39.49,45.39,39.01,11.75,0.24,0.71,3,0,UP
2026-10-02 15:20:22.167756,SW1,Gi0/10,36.27,57.01,68.54,11.28,0.03,2.06,2,0,UP
2026-10-02 15:20:22.167756,SW1,Gi0/11,49.86,58.33,51.92,10.83,0.27,2.13,3,0,UP
2026-10-02 15:20:22.167756,SW2,Gi0/2,32.21,55.31,45.86,11.8,0.14,1.6,3,0,UP
2026-10-02 15:20:22.167756,SW2,Gi0/10,31.25,53.95,36.57,7.88,0.38,1.57,1,0,UP
2026-10-02 15:20:22.167756,SW2,Gi0/11,45.67,59.27,32.74,10.09,0.11,2.47,6,0,UP
2026-10-02 15:21:22.167756,R1,Gi0/1,34.6,57.07,39.33,12.67,0.07,1.94,2,0,UP
2026-10-02 15:21:22.167756,R1,Gi0/2,38.42,51.92,36.94,10.23,0.24,2.67,2,0,UP
2026-10-02 15:21:22.167756,SW1,Gi0/1,42.52,53.79,51.64,10.09,0.12,1.65,6,0,UP
2026-10-02 15:21:22.167756,SW1,Gi0/10,42.54,52.32,47.93,9.36,0.39,2.24,4,0,UP
2026-10-02 15:21:22.167756,SW1,Gi0/11,31.17,53.9,42.15,9.35,0.1,1.37,0,0,UP
2026-10-02 15:21:22.167756,SW2,Gi0/2,40.3,48.07,47.67,15.35,0.19,0.88,2,0,UP
2026-10-02 15:21:22.167756,SW2,Gi0/10,45.97,49.57,57.23,12.91,0.02,2.05,3,0,UP
2026-10-02 15:21:22.167756,SW2,Gi0/11,45.4,59.1,52.26,12.88,0.27,1.92,0,0,UP
2026-10-02 15:22:22.167756,R1,Gi0/1,40.21,51.83,35.37,14.65,0.3,1.31,5,0,UP
2026-10-02 15:22:22.167756,R1,Gi0/2,38.46,46.11,53.63,11.9,0.39,1.57,0,0,UP
2026-10-02 15:22:22.167756,SW1,Gi0/1,38.6,53.95,37.58,9.34,0.22,1.27,3,0,UP
2026-10-02 15:22:22.167756,SW1,Gi0/10,38.3,52.47,33.93,14.6,0.18,2.38,4,0,UP
2026-10-02 15:22:22.167756,SW1,Gi0/11,34.21,54.41,33.6,9.26,0.4,2.56,7,0,UP
2026-10-02 15:22:22.167756,SW2,Gi0/2,38.15,50.51,49.22,11.98,0.13,1.55,3,0,UP
2026-10-02 15:22:22.167756,SW2,Gi0/10,34.67,44.53,48.15,11.81,0.29,1.79,1,0,UP
2026-10-02 15:22:22.167756,SW2,Gi0/11,42.12,45.94,39.73,10.76,0.18,2.89,0,0,UP
2026-10-02 15:23:22.167756,R1,Gi0/1,46.48,53.69,57.54,18.27,0.34,2.46,0,0,UP
2026-10-02 15:23:22.167756,R1,Gi0/2,34.07,51.8,31.42,13.23,0.0,2.58,2,0,UP
2026-10-02 15:23:22.167756,SW1,Gi0/1,40.63,46.26,29.81,14.47,0.33,1.82,4,0,UP
2026-10-02 15:23:22.167756,SW1,Gi0/10,38.05,51.44,51.07,13.11,0.33,2.26,3,0,UP
2026-10-02 15:23:22.167756,SW1,Gi0/11,36.19,47.61,51.48,9.0,0.31,1.86,1,0,UP
2026-10-02 15:23:22.167756,SW2,Gi0/2,34.51,53.37,44.88,15.18,0.07,1.71,2,0,UP
2026-10-02 15:23:22.167756,SW2,Gi0/10,36.24,50.03,47.56,12.97,0.35,1.35,3,0,UP
2026-10-02 15:23:22.167756,SW2,Gi0/11,36.77,52.15,48.45,10.03,0.11,2.26,3,0,UP
2026-10-02 15:24:22.167756,R1,Gi0/1,38.9,53.29,50.85,10.94,0.11,1.37,3,0,UP
2026-10-02 15:24:22.167756,R1,Gi0/2,32.88,50.5,54.73,11.29,0.15,3.0,6,0,UP
2026-10-02 15:24:22.167756,SW1,Gi0/1,36.18,50.7,47.63,12.41,0.38,2.04,3,0,UP
2026-10-02 15:24:22.167756,SW1,Gi0/10,43.44,55.95,52.5,13.08,0.04,1.76,4,0,UP
2026-10-02 15:24:22.167756,SW1,Gi0/11,41.25,54.13,60.1,9.65,0.31,1.83,4,0,UP
2026-10-02 15:24:22.167756,SW2,Gi0/2,39.79,60.64,46.04,10.72,0.24,2.16,5,0,UP
2026-10-02 15:24:22.167756,SW2,Gi0/10,42.24,62.38,44.11,11.8,0.14,2.04,3,0,UP
2026-10-02 15:24:22.167756,SW2,Gi0/11,41.41,50.34,40.12,10.24,0.16,2.57,5,0,UP
2026-10-02 15:25:22.167756,R1,Gi0/1,39.62,45.29,44.35,16.18,0.3,2.28,4,0,UP
2026-10-02 15:25:22.167756,R1,Gi0/2,47.7,44.24,41.86,10.94,0.26,2.08,4,0,UP
2026-10-02 15:25:22.167756,SW1,Gi0/1,37.47,56.86,44.45,13.39,0.32,2.56,3,0,UP
2026-10-02 15:25:22.167756,SW1,Gi0/10,44.1,58.71,49.11,10.54,0.26,1.98,0,0,UP
2026-10-02 15:25:22.167756,SW1,Gi0/11,42.31,50.58,54.25,10.5,0.05,2.08,3,0,UP
2026-10-02 15:25:22.167756,SW2,Gi0/2,40.47,50.1,36.45,11.72,0.17,2.54,3,0,UP
2026-10-02 15:25:22.167756,SW2,Gi0/10,38.61,58.62,42.85,13.12,0.18,2.82,3,0,UP
2026-10-02 15:25:22.167756,SW2,Gi0/11,40.58,49.3,46.57,14.4,0.28,2.01,6,0,UP
2026-10-02 15:26:22.167756,R1,Gi0/1,44.36,47.81,33.96,11.17,0.24,2.3,5,0,UP
2026-10-02 15:26:22.167756,R1,Gi0/2,34.53,47.8,35.58,9.32,0.14,2.18,4,0,UP
2026-10-02 15:26:22.167756,SW1,Gi0/1,35.26,45.95,30.76,12.43,0.13,2.83,3,0,UP
2026-10-02 15:26:22.167756,SW1,Gi0/10,39.14,46.79,33.04,9.26,0.14,1.65,1,0,UP
2026-10-02 15:26:22.167756,SW1,Gi0/11,41.89,52.57,41.33,15.87,0.03,2.03,2,0,UP
2026-10-02 15:26:22.167756,SW2,Gi0/2,37.25,46.51,44.94,11.55,0.16,1.35,0,0,UP
2026-10-02 15:26:22.167756,SW2,Gi0/10,38.56,47.99,43.42,11.78,0.15,1.89,1,0,UP
2026-10-02 15:26:22.167756,SW2,Gi0/11,47.62,46.0,42.03,10.55,0.13,2.01,2,0,UP
2026-10-02 15:27:22.167756,R1,Gi0/1,37.7,48.58,39.24,12.8,0.41,1.56,3,0,UP
2026-10-02 15:27:22.167756,R1,Gi0/2,40.22,53.34,50.57,12.41,0.2,1.78,1,0,UP
2026-10-02 15:27:22.167756,SW1,Gi0/1,39.52,43.58,40.25,14.21,0.21,2.45,5,0,UP
2026-10-02 15:27:22.167756,SW1,Gi0/10,39.11,51.04,42.59,10.37,0.1,2.42,3,0,UP
2026-10-02 15:27:22.167756,SW1,Gi0/11,49.23,54.86,39.15,13.68,0.17,2.61,2,0,UP
2026-10-02 15:27:22.167756,SW2,Gi0/2,34.74,46.02,39.04,10.32,0.14,2.43,6,0,UP
2026-10-02 15:27:22.167756,SW2,Gi0/10,33.35,56.32,41.18,12.7,0.03,2.26,0,0,UP
2026-10-02 15:27:22.167756,SW2,Gi0/11,41.57,51.29,46.53,10.53,0.25,2.2,2,0,UP
2026-10-02 15:28:22.167756,R1,Gi0/1,43.36,49.52,49.23,11.75,0.22,2.29,2,0,UP
2026-10-02 15:28:22.167756,R1,Gi0/2,33.83,51.38,54.52,12.6,0.23,1.98,4,0,UP
2026-10-02 15:28:22.167756,SW1,Gi0/1,39.07,47.73,53.84,10.94,0.29,2.55,4,0,UP
2026-10-02 15:28:22.167756,SW1,Gi0/10,33.75,50.14,43.38,11.01,0.21,2.38,2,0,UP
2026-10-02 15:28:22.167756,SW1,Gi0/11,39.14,48.79,54.31,11.49,0.08,1.21,3,0,UP
2026-10-02 15:28:22.167756,SW2,Gi0/2,36.2,53.34,34.35,10.92,0.07,2.22,4,0,UP
2026-10-02 15:28:22.167756,SW2,Gi0/10,41.69,44.57,39.03,12.47,0.03,1.88,6,0,UP
2026-10-02 15:28:22.167756,SW2,Gi0/11,39.1,42.56,40.14,10.74,0.41,2.83,4,0,UP
2026-10-02 15:29:22.167756,R1,Gi0/1,38.28,56.0,35.93,14.15,0.29,1.92,5,0,UP
2026-10-02 15:29:22.167756,R1,Gi0/2,37.76,43.67,52.82,11.83,0.26,2.91,1,0,UP
2026-10-02 15:29:22.167756,SW1,Gi0/1,39.28,57.85,50.35,10.6,0.1,1.74,1,0,UP
2026-10-02 15:29:22.167756,SW1,Gi0/10,41.19,50.39,47.23,10.32,0.19,0.97,3,0,UP
2026-10-02 15:29:22.167756,SW1,Gi0/11,45.88,42.88,48.87,10.78,0.28,2.08,3,0,UP
2026-10-02 15:29:22.167756,SW2,Gi0/2,40.32,56.64,47.78,10.59,0.21,1.82,3,0,UP
2026-10-02 15:29:22.167756,SW2,Gi0/10,37.9,46.62,46.59,12.11,0.31,1.79,0,0,UP
2026-10-02 15:29:22.167756,SW2,Gi0/11,38.18,41.87,48.33,8.65,0.1,1.82,6,0,UP
2026-10-02 15:30:22.167756,R1,Gi0/1,34.64,50.06,49.64,14.97,0.28,2.55,4,0,UP
2026-10-02 15:30:22.167756,R1,Gi0/2,33.95,51.8,51.79,10.09,0.14,1.6,4,0,UP
2026-10-02 15:30:22.167756,SW1,Gi0/1,39.65,48.4,34.75,11.87,0.14,2.12,0,0,UP
2026-10-02 15:30:22.167756,SW1,Gi0/10,40.89,47.81,35.01,9.35,0.08,1.9,3,0,UP
2026-10-02 15:30:22.167756,SW1,Gi0/11,41.35,51.54,38.93,14.12,0.16,2.23,2,0,UP
2026-10-02 15:30:22.167756,SW2,Gi0/2,41.88,48.93,48.15,11.99,0.28,1.59,0,0,UP
2026-10-02 15:30:22.167756,SW2,Gi0/10,35.13,55.34,43.76,12.18,0.09,2.03,0,0,UP
2026-10-02 15:30:22.167756,SW2,Gi0/11,35.62,47.99,48.56,13.1,0.26,1.21,2,0,UP
2026-10-02 15:31:22.167756,R1,Gi0/1,39.02,42.34,45.13,11.5,0.25,2.04,1,0,UP
2026-10-02 15:31:22.167756,R1,Gi0/2,44.63,38.89,44.49,8.47,0.11,2.26,0,0,UP
2026-10-02 15:31:22.167756,SW1,Gi0/1,32.88,61.91,34.13,15.3,0.18,1.74,4,0,UP
2026-10-02 15:31:22.167756,SW1,Gi0/10,46.68,44.27,40.92,13.69,0.23,2.55,4,0,UP
2026-10-02 15:31:22.167756,SW1,Gi0/11,49.04,50.89,46.77,12.64,0.19,2.42,3,0,UP
2026-10-02 15:31:22.167756,SW2,Gi0/2,43.94,54.72,48.43,13.0,0.1,1.72,4,0,UP
2026-10-02 15:31:22.167756,SW2,Gi0/10,47.12,40.3,40.46,12.05,0.11,1.59,3,0,UP
2026-10-02 15:31:22.167756,SW2,Gi0/11,47.91,39.84,43.64,12.93,0.28,2.16,6,0,UP
2026-10-02 15:32:22.167756,R1,Gi0/1,40.14,56.56,39.83,12.12,0.08,2.45,2,0,UP
2026-10-02 15:32:22.167756,R1,Gi0/2,41.79,48.43,49.69,12.79,0.1,1.53,2,0,UP
2026-10-02 15:32:22.167756,SW1,Gi0/1,43.3,59.31,47.42,14.02,0.04,3.01,4,0,UP
2026-10-02 15:32:22.167756,SW1,Gi0/10,39.75,49.18,36.14,10.36,0.39,1.51,0,0,UP
2026-10-02 15:32:22.167756,SW1,Gi0/11,36.49,44.01,45.12,14.18,0.14,1.31,3,0,UP
2026-10-02 15:32:22.167756,SW2,Gi0/2,39.72,55.01,41.36,11.48,0.19,2.04,2,0,UP
2026-10-02 15:32:22.167756,SW2,Gi0/10,37.23,40.75,40.48,13.43,0.29,1.76,5,0,UP
2026-10-02 15:32:22.167756,SW2,Gi0/11,39.86,43.31,31.78,14.44,0.16,1.39,0,0,UP
2026-10-02 15:33:22.167756,R1,Gi0/1,38.02,52.02,39.42,9.89,0.15,2.62,0,0,UP
2026-10-02 15:33:22.167756,R1,Gi0/2,36.79,56.05,48.95,12.36,0.14,2.02,1,0,UP
2026-10-02 15:33:22.167756,SW1,Gi0/1,35.7,44.6,51.27,11.88,0.23,2.08,3,0,UP
2026-10-02 15:33:22.167756,SW1,Gi0/10,38.73,47.59,38.48,9.17,0.09,1.82,0,0,UP
2026-10-02 15:33:22.167756,SW1,Gi0/11,33.09,55.21,46.79,11.1,0.43,1.18,4,0,UP
2026-10-02 15:33:22.167756,SW2,Gi0/2,39.44,53.93,45.87,8.26,0.21,2.17,0,0,UP
2026-10-02 15:33:22.167756,SW2,Gi0/10,49.72,51.56,50.38,9.67,0.27,2.54,3,0,UP
2026-10-02 15:33:22.167756,SW2,Gi0/11,39.95,45.53,43.27,10.98,0.26,1.58,4,0,UP
2026-10-02 15:34:22.167756,R1,Gi0/1,35.81,48.69,49.93,10.59,0.27,2.28,2,0,UP
2026-10-02 15:34:22.167756,R1,Gi0/2,45.81,50.39,53.82,15.59,0.18,2.32,1,0,UP
2026-10-02 15:34:22.167756,SW1,Gi0/1,34.84,49.02,34.1,10.12,0.26,1.74,4,0,UP
2026-10-02 15:34:22.167756,SW1,Gi0/10,41.5,59.26,49.19,14.23,0.24,2.16,5,0,UP
2026-10-02 15:34:22.167756,SW1,Gi0/11,43.34,51.05,46.65,13.08,0.13,1.64,5,0,UP
2026-10-02 15:34:22.167756,SW2,Gi0/2,49.32,45.36,39.65,14.29,0.25,2.34,4,0,UP
2026-10-02 15:34:22.167756,SW2,Gi0/10,38.8,51.65,47.02,10.28,0.23,2.62,2,0,UP
2026-10-02 15:34:22.167756,SW2,Gi0/11,40.76,51.03,42.72,13.35,0.13,2.67,4,0,UP
2026-10-02 15:35:22.167756,R1,Gi0/1,35.32,58.49,46.34,10.55,0.31,2.25,0,0,UP
2026-10-02 15:35:22.167756,R1,Gi0/2,37.37,51.4,27.72,12.17,0.22,1.41,3,0,UP
2026-10-02 15:35:22.167756,SW1,Gi0/1,40.04,44.04,52.36,13.68,0.17,1.9,4,0,UP
2026-10-02 15:35:22.167756,SW1,Gi0/10,39.0,40.35,48.9,10.37,0.16,2.73,2,0,UP
2026-10-02 15:35:22.167756,SW1,Gi0/11,40.01,52.55,49.04,10.16,0.19,2.02,3,0,UP
2026-10-02 15:35:22.167756,SW2,Gi0/2,41.45,62.94,35.59,13.96,0.32,2.25,1,0,UP
2026-10-02 15:35:22.167756,SW2,Gi0/10,48.32,39.04,39.53,14.34,0.16,2.8,0,0,UP
2026-10-02 15:35:22.167756,SW2,Gi0/11,34.44,47.34,48.34,11.56,0.15,2.71,6,0,UP
2026-10-02 15:36:22.167756,R1,Gi0/1,37.93,41.45,27.74,12.48,0.27,2.03,2,0,UP
2026-10-02 15:36:22.167756,R1,Gi0/2,35.98,53.27,58.43,7.57,0.19,1.51,0,0,UP
2026-10-02 15:36:22.167756,SW1,Gi0/1,34.35,51.9,48.24,14.92,0.2,1.12,2,0,UP
2026-10-02 15:36:22.167756,SW1,Gi0/10,33.07,43.97,49.64,12.39,0.26,1.82,4,0,UP
2026-10-02 15:36:22.167756,SW1,Gi0/11,37.93,55.58,47.76,11.59,0.22,1.99,6,0,UP
2026-10-02 15:36:22.167756,SW2,Gi0/2,41.23,49.99,43.09,13.69,0.27,1.86,0,0,UP
2026-10-02 15:36:22.167756,SW2,Gi0/10,35.49,49.08,55.79,11.5,0.14,1.12,6,0,UP
2026-10-02 15:36:22.167756,SW2,Gi0/11,42.85,53.98,52.69,11.67,0.21,2.74,3,0,UP
2026-10-02 15:37:22.167756,R1,Gi0/1,42.94,54.35,50.14,11.74,0.2,2.39,4,0,UP
2026-10-02 15:37:22.167756,R1,Gi0/2,45.84,52.76,49.77,11.11,0.14,2.39,1,0,UP
2026-10-02 15:37:22.167756,SW1,Gi0/1,39.9,56.9,54.76,12.6,0.17,1.94,4,0,UP
2026-10-02 15:37:22.167756,SW1,Gi0/10,39.82,47.21,54.73,12.36,0.14,2.24,4,0,UP
2026-10-02 15:37:22.167756,SW1,Gi0/11,34.96,49.0,43.03,12.9,0.26,1.72,0,0,UP
2026-10-02 15:37:22.167756,SW2,Gi0/2,45.16,44.4,47.17,11.74,0.22,2.83,9,0,UP
2026-10-02 15:37:22.167756,SW2,Gi0/10,31.83,54.92,43.75,14.1,0.3,2.7,3,0,UP
2026-10-02 15:37:22.167756,SW2,Gi0/11,35.55,54.64,45.94,11.53,0.15,2.5,6,0,UP
2026-10-02 15:38:22.167756,R1,Gi0/1,34.02,53.11,42.02,9.07,0.21,1.58,0,0,UP
2026-10-02 15:38:22.167756,R1,Gi0/2,36.09,44.86,39.83,9.35,0.16,1.64,3,0,UP
2026-10-02 15:38:22.167756,SW1,Gi0/1,42.97,51.3,43.12,11.48,0.12,1.59,4,0,UP
2026-10-02 15:38:22.167756,SW1,Gi0/10,31.2,49.6,42.41,13.2,0.06,2.01,3,0,UP
2026-10-02 15:38:22.167756,SW1,Gi0/11,30.48,44.63,44.27,13.03,0.22,2.28,0,0,UP
2026-10-02 15:38:22.167756,SW2,Gi0/2,32.06,50.42,35.17,10.27,0.29,2.09,1,0,UP
2026-10-02 15:38:22.167756,SW2,Gi0/10,36.51,53.1,46.7,9.57,0.01,2.94,0,0,UP
2026-10-02 15:38:22.167756,SW2,Gi0/11,42.64,57.55,46.18,10.8,0.06,1.28,3,0,UP
2026-10-02 15:39:22.167756,R1,Gi0/1,47.25,48.02,40.55,13.39,0.13,2.14,3,0,UP
2026-10-02 15:39:22.167756,R1,Gi0/2,37.95,49.92,59.11,13.21,0.31,1.54,5,0,UP
2026-10-02 15:39:22.167756,SW1,Gi0/1,43.2,42.5,49.32,10.97,0.05,2.06,4,0,UP
2026-10-02 15:39:22.167756,SW1,Gi0/10,40.76,49.45,42.36,16.93,0.08,2.44,3,0,UP
2026-10-02 15:39:22.167756,SW1,Gi0/11,35.73,49.76,33.86,10.81,0.2,1.22,4,0,UP
2026-10-02 15:39:22.167756,SW2,Gi0/2,35.18,42.74,36.36,16.35,0.0,2.22,1,0,UP
2026-10-02 15:39:22.167756,SW2,Gi0/10,38.25,53.02,49.44,10.64,0.06,2.31,4,0,UP
2026-10-02 15:39:22.167756,SW2,Gi0/11,38.58,52.21,41.43,10.35,0.2,2.26,3,0,UP
2026-10-02 15:40:22.167756,R1,Gi0/1,42.55,46.2,57.66,11.32,0.19,1.34,2,0,UP
2026-10-02 15:40:22.167756,R1,Gi0/2,42.66,53.81,57.5,13.04,0.23,1.78,1,0,UP
2026-10-02 15:40:22.167756,SW1,Gi0/1,44.85,54.76,36.38,13.45,0.27,1.44,4,0,UP
2026-10-02 15:40:22.167756,SW1,Gi0/10,34.75,37.85,43.72,12.52,0.19,3.43,3,0,UP
2026-10-02 15:40:22.167756,SW1,Gi0/11,40.74,52.15,41.47,13.86,0.24,2.16,1,0,UP
2026-10-02 15:40:22.167756,SW2,Gi0/2,32.18,47.49,47.26,11.11,0.23,1.88,3,0,UP
2026-10-02 15:40:22.167756,SW2,Gi0/10,35.12,50.96,39.87,8.92,0.18,2.77,0,0,UP
2026-10-02 15:40:22.167756,SW2,Gi0/11,40.6,53.99,63.4,11.01,0.14,1.42,5,0,UP
2026-10-02 15:41:22.167756,R1,Gi0/1,35.66,48.15,30.21,13.77,0.32,2.42,0,0,UP
2026-10-02 15:41:22.167756,R1,Gi0/2,43.04,41.64,45.46,12.41,0.23,2.27,2,0,UP
2026-10-02 15:41:22.167756,SW1,Gi0/1,30.19,52.68,45.78,10.19,0.04,2.77,5,0,UP
2026-10-02 15:41:22.167756,SW1,Gi0/10,43.53,46.62,24.86,13.53,0.24,1.81,5,0,UP
2026-10-02 15:41:22.167756,SW1,Gi0/11,44.24,50.88,45.28,12.1,0.27,1.57,3,0,UP
2026-10-02 15:41:22.167756,SW2,Gi0/2,35.4,56.68,49.26,10.62,0.21,1.57,6,0,UP
2026-10-02 15:41:22.167756,SW2,Gi0/10,48.11,53.48,57.45,12.3,0.28,2.61,2,0,UP
2026-10-02 15:41:22.167756,SW2,Gi0/11,40.36,54.67,50.17,10.49,0.0,1.91,0,0,UP
2026-10-02 15:42:22.167756,R1,Gi0/1,35.04,45.63,40.45,13.64,0.3,2.25,4,0,UP
2026-10-02 15:42:22.167756,R1,Gi0/2,43.28,37.52,45.08,8.41,0.25,0.95,2,0,UP
2026-10-02 15:42:22.167756,SW1,Gi0/1,42.74,44.41,52.69,13.01,0.24,2.35,2,0,UP
2026-10-02 15:42:22.167756,SW1,Gi0/10,40.76,50.05,44.9,10.66,0.08,1.83,2,0,UP
2026-10-02 15:42:22.167756,SW1,Gi0/11,36.32,54.26,35.62,11.66,0.32,2.45,5,0,UP
2026-10-02 15:42:22.167756,SW2,Gi0/2,37.05,53.92,36.5,11.45,0.18,1.71,2,0,UP
2026-10-02 15:42:22.167756,SW2,Gi0/10,37.53,45.09,51.85,11.64,0.22,2.08,3,0,UP
2026-10-02 15:42:22.167756,SW2,Gi0/11,40.46,48.47,56.35,13.52,0.2,1.78,2,0,UP
2026-10-02 15:43:22.167756,R1,Gi0/1,42.09,57.5,34.02,13.32,0.31,1.26,2,0,UP
2026-10-02 15:43:22.167756,R1,Gi0/2,34.68,52.15,42.13,11.74,0.16,2.36,3,0,UP
2026-10-02 15:43:22.167756,SW1,Gi0/1,41.15,50.8,49.58,11.48,0.37,1.38,0,0,UP
2026-10-02 15:43:22.167756,SW1,Gi0/10,30.96,39.6,50.39,13.1,0.32,1.47,4,0,UP
2026-10-02 15:43:22.167756,SW1,Gi0/11,40.28,50.83,50.0,10.49,0.46,2.67,1,0,UP
2026-10-02 15:43:22.167756,SW2,Gi0/2,34.55,49.56,46.46,14.13,0.08,2.14,0,0,UP
2026-10-02 15:43:22.167756,SW2,Gi0/10,42.18,49.46,60.49,8.91,0.34,1.15,0,0,UP
2026-10-02 15:43:22.167756,SW2,Gi0/11,31.61,51.25,35.61,9.3,0.22,2.23,3,0,UP
2026-10-02 15:44:22.167756,R1,Gi0/1,39.19,59.14,46.17,13.61,0.21,1.45,4,0,UP
2026-10-02 15:44:22.167756,R1,Gi0/2,36.72,49.55,47.44,8.12,0.04,2.45,1,0,UP
2026-10-02 15:44:22.167756,SW1,Gi0/1,36.92,50.83,41.91,12.84,0.19,2.1,1,0,UP
2026-10-02 15:44:22.167756,SW1,Gi0/10,40.97,55.53,40.46,13.83,0.19,2.37,3,0,UP
2026-10-02 15:44:22.167756,SW1,Gi0/11,39.83,51.75,54.71,12.47,0.25,1.82,6,0,UP
2026-10-02 15:44:22.167756,SW2,Gi0/2,43.2,50.39,44.02,13.96,0.14,1.11,3,0,UP
2026-10-02 15:44:22.167756,SW2,Gi0/10,45.95,57.96,44.14,12.09,0.25,1.87,4,0,UP
2026-10-02 15:44:22.167756,SW2,Gi0/11,39.57,55.06,50.78,13.62,0.18,2.96,3,0,UP
2026-10-02 15:45:22.167756,R1,Gi0/1,41.24,46.2,44.22,12.23,0.12,1.85,2,0,UP
2026-10-02 15:45:22.167756,R1,Gi0/2,40.28,41.19,43.92,11.25,0.2,2.52,7,0,UP
2026-10-02 15:45:22.167756,SW1,Gi0/1,43.39,43.83,42.24,13.19,0.25,2.49,2,0,UP
2026-10-02 15:45:22.167756,SW1,Gi0/10,38.18,58.76,45.47,9.97,0.35,1.25,0,0,UP
2026-10-02 15:45:22.167756,SW1,Gi0/11,43.85,54.55,48.31,9.4,0.19,1.86,1,0,UP
2026-10-02 15:45:22.167756,SW2,Gi0/2,47.06,44.77,47.53,14.39,0.24,2.62,4,0,UP
2026-10-02 15:45:22.167756,SW2,Gi0/10,42.15,51.83,49.91,11.23,0.07,2.48,5,0,UP
2026-10-02 15:45:22.167756,SW2,Gi0/11,41.26,47.26,32.54,12.17,0.07,1.26,2,0,UP
2026-10-02 15:46:22.167756,R1,Gi0/1,36.18,51.73,43.73,10.79,0.03,1.57,1,0,UP
2026-10-02 15:46:22.167756,R1,Gi0/2,33.87,48.35,35.82,11.67,0.22,1.59,3,0,UP
2026-10-02 15:46:22.167756,SW1,Gi0/1,33.19,44.44,44.09,13.37,0.29,2.81,2,0,UP
2026-10-02 15:46:22.167756,SW1,Gi0/10,39.36,44.84,34.97,12.46,0.12,2.62,0,0,UP
2026-10-02 15:46:22.167756,SW1,Gi0/11,42.43,44.97,38.44,13.08,0.13,1.74,1,0,UP
2026-10-02 15:46:22.167756,SW2,Gi0/2,48.93,46.91,45.41,11.6,0.22,1.69,2,0,UP
2026-10-02 15:46:22.167756,SW2,Gi0/10,41.97,45.68,53.71,14.37,0.26,2.03,0,0,UP
2026-10-02 15:46:22.167756,SW2,Gi0/11,42.12,48.04,43.03,8.21,0.25,1.28,3,0,UP
2026-10-02 15:47:22.167756,R1,Gi0/1,44.52,47.65,54.73,10.51,0.26,1.35,5,0,UP
2026-10-02 15:47:22.167756,R1,Gi0/2,44.38,52.34,41.85,9.2,0.16,2.56,3,0,UP
2026-10-02 15:47:22.167756,SW1,Gi0/1,32.23,44.38,55.03,12.98,0.08,1.12,1,0,UP
2026-10-02 15:47:22.167756,SW1,Gi0/10,30.74,49.22,64.61,8.81,0.18,2.66,4,0,UP
2026-10-02 15:47:22.167756,SW1,Gi0/11,39.26,49.27,35.75,11.46,0.22,2.55,1,0,UP
2026-10-02 15:47:22.167756,SW2,Gi0/2,39.05,45.25,46.8,13.57,0.26,1.41,3,0,UP
2026-10-02 15:47:22.167756,SW2,Gi0/10,36.61,55.06,43.71,8.96,0.18,2.23,3,0,UP
2026-10-02 15:47:22.167756,SW2,Gi0/11,37.44,47.07,37.1,11.21,0.11,2.49,1,0,UP
2026-10-02 15:48:22.167756,R1,Gi0/1,40.61,50.27,52.57,14.18,0.27,2.18,0,0,UP
2026-10-02 15:48:22.167756,R1,Gi0/2,34.66,45.77,51.02,12.15,0.29,2.5,1,0,UP
2026-10-02 15:48:22.167756,SW1,Gi0/1,40.16,49.94,42.38,10.93,0.32,2.03,3,0,UP
2026-10-02 15:48:22.167756,SW1,Gi0/10,35.99,53.38,36.96,12.91,0.25,1.79,3,0,UP
2026-10-02 15:48:22.167756,SW1,Gi0/11,40.93,49.8,45.1,12.12,0.21,2.03,0,0,UP
2026-10-02 15:48:22.167756,SW2,Gi0/2,39.24,51.32,45.78,13.91,0.26,1.56,2,0,UP
2026-10-02 15:48:22.167756,SW2,Gi0/10,38.44,49.98,44.98,13.22,0.22,2.62,3,0,UP
2026-10-02 15:48:22.167756,SW2,Gi0/11,35.85,47.66,49.83,8.77,0.07,2.01,4,0,UP
2026-10-02 15:49:22.167756,R1,Gi0/1,46.54,48.91,53.49,12.14,0.05,2.0,1,0,UP
2026-10-02 15:49:22.167756,R1,Gi0/2,44.59,49.87,34.78,9.0,0.2,0.79,1,0,UP
2026-10-02 15:49:22.167756,SW1,Gi0/1,41.16,44.71,52.95,14.38,0.1,1.85,4,0,UP
2026-10-02 15:49:22.167756,SW1,Gi0/10,39.99,43.03,43.85,10.29,0.31,2.3,2,0,UP
2026-10-02 15:49:22.167756,SW1,Gi0/11,40.71,43.46,38.97,15.11,0.21,2.47,3,0,UP
2026-10-02 15:49:22.167756,SW2,Gi0/2,46.57,40.01,43.49,15.29,0.3,2.66,2,0,UP
2026-10-02 15:49:22.167756,SW2,Gi0/10,37.31,44.86,36.22,13.61,0.25,1.97,4,0,UP
2026-10-02 15:49:22.167756,SW2,Gi0/11,40.71,54.81,52.62,9.87,0.23,1.17,3,0,UP
2026-10-02 15:50:22.167756,R1,Gi0/1,43.02,43.43,41.67,12.02,0.22,1.86,0,0,UP
2026-10-02 15:50:22.167756,R1,Gi0/2,39.73,41.74,43.14,11.12,0.19,1.72,0,0,UP
2026-10-02 15:50:22.167756,SW1,Gi0/1,38.17,54.65,55.09,16.88,0.37,1.4,2,0,UP
2026-10-02 15:50:22.167756,SW1,Gi0/10,39.89,49.57,45.56,16.82,0.09,1.64,6,0,UP
2026-10-02 15:50:22.167756,SW1,Gi0/11,36.92,51.97,53.28,12.97,0.22,2.47,1,0,UP
2026-10-02 15:50:22.167756,SW2,Gi0/2,37.52,52.68,28.44,14.83,0.23,2.08,0,0,UP
2026-10-02 15:50:22.167756,SW2,Gi0/10,33.57,48.01,51.46,7.85,0.28,1.82,2,0,UP
2026-10-02 15:50:22.167756,SW2,Gi0/11,41.27,51.35,39.3,13.25,0.0,1.77,3,0,UP
2026-10-02 15:51:22.167756,R1,Gi0/1,38.28,40.87,51.06,9.5,0.19,2.08,3,0,UP
2026-10-02 15:51:22.167756,R1,Gi0/2,45.85,49.73,48.42,11.89,0.26,2.7,3,0,UP
2026-10-02 15:51:22.167756,SW1,Gi0/1,43.91,57.28,55.86,11.23,0.3,2.12,5,0,UP
2026-10-02 15:51:22.167756,SW1,Gi0/10,42.84,51.38,48.47,12.51,0.23,1.92,2,0,UP
2026-10-02 15:51:22.167756,SW1,Gi0/11,48.82,52.39,40.41,11.45,0.31,1.63,0,0,UP
2026-10-02 15:51:22.167756,SW2,Gi0/2,32.96,41.36,34.61,9.64,0.34,1.98,2,0,UP
2026-10-02 15:51:22.167756,SW2,Gi0/10,32.78,49.28,31.1,11.26,0.41,2.33,2,0,UP
2026-10-02 15:51:22.167756,SW2,Gi0/11,43.49,47.39,38.59,15.41,0.09,1.82,3,0,UP
2026-10-02 15:52:22.167756,R1,Gi0/1,35.32,53.25,42.55,13.33,0.26,1.88,6,0,UP
2026-10-02 15:52:22.167756,R1,Gi0/2,36.67,56.74,54.4,15.54,0.22,1.61,7,0,UP
2026-10-02 15:52:22.167756,SW1,Gi0/1,38.33,45.93,43.48,10.04,0.25,1.7,2,0,UP
2026-10-02 15:52:22.167756,SW1,Gi0/10,44.84,53.12,45.12,12.34,0.2,1.78,2,0,UP
2026-10-02 15:52:22.167756,SW1,Gi0/11,42.45,49.37,48.36,10.33,0.14,1.63,1,0,UP
2026-10-02 15:52:22.167756,SW2,Gi0/2,46.44,53.63,36.38,12.87,0.16,1.66,0,0,UP
2026-10-02 15:52:22.167756,SW2,Gi0/10,44.86,43.18,44.58,10.11,0.28,1.83,2,0,UP
2026-10-02 15:52:22.167756,SW2,Gi0/11,39.5,51.51,45.1,11.91,0.15,1.21,0,0,UP
2026-10-02 15:53:22.167756,R1,Gi0/1,43.59,48.47,39.69,9.19,0.03,1.65,4,0,UP
2026-10-02 15:53:22.167756,R1,Gi0/2,37.21,52.0,40.18,13.28,0.16,1.38,2,0,UP
2026-10-02 15:53:22.167756,SW1,Gi0/1,49.17,58.95,48.89,11.73,0.23,2.16,2,0,UP
2026-10-02 15:53:22.167756,SW1,Gi0/10,42.2,51.04,42.47,9.61,0.15,2.4,2,0,UP
2026-10-02 15:53:22.167756,SW1,Gi0/11,41.5,48.58,36.52,11.52,0.1,1.46,5,0,UP
2026-10-02 15:53:22.167756,SW2,Gi0/2,37.9,46.29,57.94,13.63,0.16,2.21,2,0,UP
2026-10-02 15:53:22.167756,SW2,Gi0/10,36.54,52.37,42.41,12.15,0.3,2.46,1,0,UP
2026-10-02 15:53:22.167756,SW2,Gi0/11,42.43,44.36,48.6,12.3,0.24,1.85,7,0,UP
2026-10-02 15:54:22.167756,R1,Gi0/1,35.49,54.86,36.75,13.01,0.26,2.03,2,0,UP
2026-10-02 15:54:22.167756,R1,Gi0/2,40.71,51.34,59.32,10.26,0.14,2.14,2,0,UP
2026-10-02 15:54:22.167756,SW1,Gi0/1,39.5,55.35,22.44,10.8,0.03,1.4,7,0,UP
2026-10-02 15:54:22.167756,SW1,Gi0/10,42.99,54.76,44.36,13.52,0.02,2.52,1,0,UP
2026-10-02 15:54:22.167756,SW1,Gi0/11,37.34,52.53,47.53,12.17,0.06,2.05,4,0,UP
2026-10-02 15:54:22.167756,SW2,Gi0/2,37.34,56.57,38.02,12.01,0.35,1.66,5,0,UP
2026-10-02 15:54:22.167756,SW2,Gi0/10,49.87,50.86,40.78,10.45,0.33,2.64,5,0,UP
2026-10-02 15:54:22.167756,SW2,Gi0/11,39.84,55.19,44.61,10.23,0.31,2.82,0,0,UP
2026-10-02 15:55:22.167756,R1,Gi0/1,34.8,50.2,52.65,9.73,0.22,1.7,4,0,UP
2026-10-02 15:55:22.167756,R1,Gi0/2,36.01,53.86,43.73,10.13,0.21,1.03,1,0,UP
2026-10-02 15:55:22.167756,SW1,Gi0/1,41.69,41.14,24.43,7.32,0.33,1.96,1,0,UP
2026-10-02 15:55:22.167756,SW1,Gi0/10,44.73,47.98,47.15,12.05,0.15,2.15,4,0,UP
2026-10-02 15:55:22.167756,SW1,Gi0/11,39.08,47.7,42.26,7.4,0.23,1.4,4,0,UP
2026-10-02 15:55:22.167756,SW2,Gi0/2,39.55,50.53,50.6,10.15,0.24,2.13,2,0,UP
2026-10-02 15:55:22.167756,SW2,Gi0/10,35.36,52.98,50.63,12.23,0.09,1.74,2,0,UP
2026-10-02 15:55:22.167756,SW2,Gi0/11,43.44,42.08,40.49,11.19,0.19,1.35,2,0,UP
2026-10-02 15:56:22.167756,R1,Gi0/1,38.45,44.81,44.06,10.92,0.25,1.56,3,0,UP
2026-10-02 15:56:22.167756,R1,Gi0/2,35.96,47.0,47.38,12.47,0.16,1.87,0,0,UP
2026-10-02 15:56:22.167756,SW1,Gi0/1,47.01,53.44,50.21,8.81,0.14,1.83,0,0,UP
2026-10-02 15:56:22.167756,SW1,Gi0/10,44.45,57.27,61.5,9.91,0.21,2.66,2,0,UP
2026-10-02 15:56:22.167756,SW1,Gi0/11,37.17,40.67,54.06,11.96,0.13,2.14,3,0,UP
2026-10-02 15:56:22.167756,SW2,Gi0/2,40.84,48.91,57.98,11.73,0.36,2.28,3,0,UP
2026-10-02 15:56:22.167756,SW2,Gi0/10,39.43,54.87,45.9,10.14,0.1,2.21,1,0,UP
2026-10-02 15:56:22.167756,SW2,Gi0/11,39.69,55.29,47.43,10.56,0.34,2.27,5,0,UP
2026-10-02 15:57:22.167756,R1,Gi0/1,28.66,51.65,51.74,15.4,0.05,2.6,6,0,UP
2026-10-02 15:57:22.167756,R1,Gi0/2,29.91,52.39,49.94,11.35,0.15,2.33,1,0,UP
2026-10-02 15:57:22.167756,SW1,Gi0/1,38.91,54.06,59.03,13.08,0.21,1.74,0,0,UP
2026-10-02 15:57:22.167756,SW1,Gi0/10,45.55,49.23,54.21,11.34,0.14,2.21,2,0,UP
2026-10-02 15:57:22.167756,SW1,Gi0/11,33.97,59.09,39.98,13.86,0.28,1.37,0,0,UP
2026-10-02 15:57:22.167756,SW2,Gi0/2,38.49,45.67,58.81,11.6,0.29,2.26,3,0,UP
2026-10-02 15:57:22.167756,SW2,Gi0/10,40.2,56.19,38.4,15.45,0.07,2.39,0,0,UP
2026-10-02 15:57:22.167756,SW2,Gi0/11,38.42,50.47,41.11,11.64,0.06,1.51,3,0,UP
2026-10-02 15:58:22.167756,R1,Gi0/1,40.15,46.55,55.59,9.56,0.16,1.75,4,0,UP
2026-10-02 15:58:22.167756,R1,Gi0/2,40.24,49.46,30.25,13.73,0.18,2.06,1,0,UP
2026-10-02 15:58:22.167756,SW1,Gi0/1,35.47,57.5,30.81,9.89,0.35,2.32,2,0,UP
2026-10-02 15:58:22.167756,SW1,Gi0/10,46.23,52.23,46.86,12.45,0.25,2.25,7,0,UP
2026-10-02 15:58:22.167756,SW1,Gi0/11,39.03,49.18,35.1,11.9,0.39,2.49,1,0,UP
2026-10-02 15:58:22.167756,SW2,Gi0/2,40.15,43.52,37.25,12.3,0.15,1.48,3,0,UP
2026-10-02 15:58:22.167756,SW2,Gi0/10,39.59,42.16,28.4,10.86,0.04,1.07,5,0,UP
2026-10-02 15:58:22.167756,SW2,Gi0/11,39.51,48.67,43.49,9.72,0.24,1.93,1,0,UP
2026-10-02 15:59:22.167756,R1,Gi0/1,36.96,43.86,41.75,11.52,0.16,2.03,2,0,UP
2026-10-02 15:59:22.167756,R1,Gi0/2,41.15,54.72,49.74,13.91,0.12,1.75,4,0,UP
2026-10-02 15:59:22.167756,SW1,Gi0/1,43.36,46.61,49.89,10.11,0.25,1.99,0,0,UP
2026-10-02 15:59:22.167756,SW1,Gi0/10,37.83,60.91,46.62,16.6,0.06,2.38,0,0,UP
2026-10-02 15:59:22.167756,SW1,Gi0/11,40.0,53.16,51.7,10.4,0.3,1.73,2,0,UP
2026-10-02 15:59:22.167756,SW2,Gi0/2,37.83,44.32,57.56,12.1,0.31,2.52,1,0,UP
2026-10-02 15:59:22.167756,SW2,Gi0/10,46.08,52.52,36.67,12.9,0.1,2.8,4,0,UP
2026-10-02 15:59:22.167756,SW2,Gi0/11,39.64,56.32,32.34,10.5,0.17,3.12,0,0,UP
2026-10-02 16:00:22.167756,R1,Gi0/1,31.46,42.78,52.25,10.81,0.18,2.38,2,0,UP
2026-10-02 16:00:22.167756,R1,Gi0/2,41.02,52.68,41.55,11.67,0.22,2.43,1,0,UP
2026-10-02 16:00:22.167756,SW1,Gi0/1,24.9,53.4,52.42,12.4,0.23,1.72,4,0,UP
2026-10-02 16:00:22.167756,SW1,Gi0/10,44.27,50.28,64.93,8.87,0.22,1.41,4,0,UP
2026-10-02 16:00:22.167756,SW1,Gi0/11,32.09,43.33,39.93,12.53,0.14,1.71,2,0,UP
2026-10-02 16:00:22.167756,SW2,Gi0/2,38.79,57.44,50.49,11.35,0.41,2.25,1,0,UP
2026-10-02 16:00:22.167756,SW2,Gi0/10,41.28,52.68,39.5,9.89,0.21,1.82,5,0,UP
2026-10-02 16:00:22.167756,SW2,Gi0/11,43.71,46.8,48.41,14.53,0.06,1.49,2,0,UP
2026-10-02 16:01:22.167756,R1,Gi0/1,40.18,49.74,42.51,11.35,0.24,2.57,2,0,UP
2026-10-02 16:01:22.167756,R1,Gi0/2,52.19,59.8,55.63,13.24,0.4,1.85,1,0,UP
2026-10-02 16:01:22.167756,SW1,Gi0/1,37.37,44.99,45.97,12.6,0.22,1.99,3,0,UP
2026-10-02 16:01:22.167756,SW1,Gi0/10,48.68,53.1,52.38,12.38,0.04,1.09,7,0,UP
2026-10-02 16:01:22.167756,SW1,Gi0/11,37.34,46.92,46.97,13.1,0.27,2.89,6,0,UP
2026-10-02 16:01:22.167756,SW2,Gi0/2,35.95,54.84,41.93,11.72,0.09,1.15,2,0,UP
2026-10-02 16:01:22.167756,SW2,Gi0/10,35.22,54.64,42.75,12.62,0.34,1.26,1,0,UP
2026-10-02 16:01:22.167756,SW2,Gi0/11,40.9,51.56,53.83,13.73,0.21,2.15,3,0,UP
2026-10-02 16:02:22.167756,R1,Gi0/1,32.65,49.22,46.99,12.92,0.11,1.37,2,0,UP
2026-10-02 16:02:22.167756,R1,Gi0/2,49.84,45.9,54.39,15.17,0.2,1.66,4,0,UP
2026-10-02 16:02:22.167756,SW1,Gi0/1,40.97,45.7,39.73,12.91,0.29,1.84,2,0,UP
2026-10-02 16:02:22.167756,SW1,Gi0/10,43.34,49.14,42.61,10.49,0.12,3.33,2,0,UP
2026-10-02 16:02:22.167756,SW1,Gi0/11,46.83,58.42,43.53,12.74,0.21,1.19,0,0,UP
2026-10-02 16:02:22.167756,SW2,Gi0/2,40.24,47.88,60.13,11.53,0.4,1.76,6,0,UP
2026-10-02 16:02:22.167756,SW2,Gi0/10,42.53,52.82,40.91,13.15,0.37,1.93,2,0,UP
2026-10-02 16:02:22.167756,SW2,Gi0/11,38.77,58.1,51.84,14.9,0.23,2.02,3,0,UP
2026-10-02 16:03:22.167756,R1,Gi0/1,45.35,48.76,55.95,12.73,0.0,2.44,0,0,UP
2026-10-02 16:03:22.167756,R1,Gi0/2,44.3,54.51,47.64,13.09,0.31,1.75,4,0,UP
2026-10-02 16:03:22.167756,SW1,Gi0/1,45.82,58.8,36.15,12.82,0.1,1.5,3,0,UP
2026-10-02 16:03:22.167756,SW1,Gi0/10,40.39,55.73,42.23,11.73,0.22,1.57,1,0,UP
2026-10-02 16:03:22.167756,SW1,Gi0/11,45.58,47.26,54.46,13.21,0.05,2.27,4,0,UP
2026-10-02 16:03:22.167756,SW2,Gi0/2,42.11,49.29,37.48,14.69,0.19,1.56,3,0,UP
2026-10-02 16:03:22.167756,SW2,Gi0/10,36.29,45.25,42.0,10.67,0.11,2.4,2,0,UP
2026-10-02 16:03:22.167756,SW2,Gi0/11,46.26,45.73,31.18,12.3,0.39,2.27,9,0,UP
2026-10-02 16:04:22.167756,R1,Gi0/1,41.66,51.18,27.76,12.86,0.22,1.8,2,0,UP
2026-10-02 16:04:22.167756,R1,Gi0/2,39.66,49.1,61.72,11.26,0.22,1.8,4,0,UP
2026-10-02 16:04:22.167756,SW1,Gi0/1,40.88,48.6,29.59,12.49,0.17,1.97,0,0,UP
2026-10-02 16:04:22.167756,SW1,Gi0/10,47.17,54.28,56.45,14.29,0.26,1.43,6,0,UP
2026-10-02 16:04:22.167756,SW1,Gi0/11,35.36,48.66,50.66,13.51,0.26,1.8,1,0,UP
2026-10-02 16:04:22.167756,SW2,Gi0/2,52.67,49.8,43.71,10.57,0.22,2.1,2,0,UP
2026-10-02 16:04:22.167756,SW2,Gi0/10,41.91,58.82,40.24,12.09,0.14,2.15,1,0,UP
2026-10-02 16:04:22.167756,SW2,Gi0/11,37.37,42.7,45.78,12.86,0.39,2.23,2,0,UP
2026-10-02 16:05:22.167756,R1,Gi0/1,33.2,43.89,34.63,15.76,0.23,1.71,1,0,UP
2026-10-02 16:05:22.167756,R1,Gi0/2,35.72,46.95,55.53,11.94,0.06,3.16,0,0,UP
2026-10-02 16:05:22.167756,SW1,Gi0/1,37.05,56.55,48.32,11.06,0.08,1.52,1,0,UP
2026-10-02 16:05:22.167756,SW1,Gi0/10,40.04,50.96,43.81,11.92,0.09,2.15,5,0,UP
2026-10-02 16:05:22.167756,SW1,Gi0/11,39.19,49.09,45.66,14.24,0.11,2.73,3,0,UP
2026-10-02 16:05:22.167756,SW2,Gi0/2,40.14,56.07,35.54,13.04,0.24,1.53,3,0,UP
2026-10-02 16:05:22.167756,SW2,Gi0/10,41.42,49.11,51.9,10.86,0.23,1.93,1,0,UP
2026-10-02 16:05:22.167756,SW2,Gi0/11,42.51,48.96,33.22,8.4,0.28,1.39,3,0,UP
2026-10-02 16:06:22.167756,R1,Gi0/1,40.27,48.16,60.65,12.36,0.28,2.14,2,0,UP
2026-10-02 16:06:22.167756,R1,Gi0/2,39.9,57.29,53.7,15.9,0.22,1.56,2,0,UP
2026-10-02 16:06:22.167756,SW1,Gi0/1,34.06,53.84,40.31,5.89,0.45,1.71,1,0,UP
2026-10-02 16:06:22.167756,SW1,Gi0/10,48.36,43.96,54.09,10.83,0.07,2.85,4,0,UP
2026-10-02 16:06:22.167756,SW1,Gi0/11,44.6,51.84,49.79,9.54,0.21,1.54,0,0,UP
2026-10-02 16:06:22.167756,SW2,Gi0/2,42.05,55.79,41.93,11.58,0.09,2.0,4,0,UP
2026-10-02 16:06:22.167756,SW2,Gi0/10,43.96,52.73,40.05,10.7,0.28,2.41,2,0,UP
2026-10-02 16:06:22.167756,SW2,Gi0/11,37.87,55.84,42.12,13.49,0.19,1.48,6,0,UP
2026-10-02 16:07:22.167756,R1,Gi0/1,40.6,46.45,33.87,9.42,0.16,2.96,1,0,UP
2026-10-02 16:07:22.167756,R1,Gi0/2,47.24,49.35,35.55,11.05,0.07,1.57,1,0,UP
2026-10-02 16:07:22.167756,SW1,Gi0/1,30.48,57.56,46.69,10.63,0.22,1.58,0,0,UP
2026-10-02 16:07:22.167756,SW1,Gi0/10,54.78,50.95,40.29,8.13,0.05,2.83,6,0,UP
2026-10-02 16:07:22.167756,SW1,Gi0/11,43.77,44.42,57.08,12.9,0.27,2.22,0,0,UP
2026-10-02 16:07:22.167756,SW2,Gi0/2,34.01,47.45,50.15,9.24,0.18,1.91,4,0,UP
2026-10-02 16:07:22.167756,SW2,Gi0/10,43.37,44.95,56.57,9.67,0.31,1.72,3,0,UP
2026-10-02 16:07:22.167756,SW2,Gi0/11,41.13,50.99,50.4,12.78,0.28,2.23,0,0,UP
2026-10-02 16:08:22.167756,R1,Gi0/1,41.35,47.18,36.13,11.42,0.22,2.12,5,0,UP
2026-10-02 16:08:22.167756,R1,Gi0/2,46.54,51.68,49.14,12.19,0.28,2.24,2,0,UP
2026-10-02 16:08:22.167756,SW1,Gi0/1,50.76,47.27,56.64,9.29,0.28,2.72,0,0,UP
2026-10-02 16:08:22.167756,SW1,Gi0/10,40.69,53.58,47.02,12.76,0.21,1.45,7,0,UP
2026-10-02 16:08:22.167756,SW1,Gi0/11,37.48,52.17,39.83,7.45,0.11,1.28,5,0,UP
2026-10-02 16:08:22.167756,SW2,Gi0/2,36.97,47.43,36.49,12.19,0.13,2.5,3,0,UP
2026-10-02 16:08:22.167756,SW2,Gi0/10,37.14,54.25,45.06,12.04,0.05,1.96,3,0,UP
2026-10-02 16:08:22.167756,SW2,Gi0/11,46.67,46.24,63.22,13.11,0.05,1.58,5,0,UP
2026-10-02 16:09:22.167756,R1,Gi0/1,46.22,50.09,46.2,9.67,0.33,1.51,4,0,UP
2026-10-02 16:09:22.167756,R1,Gi0/2,46.76,50.24,52.74,15.7,0.23,1.91,2,0,UP
2026-10-02 16:09:22.167756,SW1,Gi0/1,36.29,46.17,48.54,11.67,0.23,1.26,2,0,UP
2026-10-02 16:09:22.167756,SW1,Gi0/10,45.15,44.41,45.13,8.29,0.07,2.4,2,0,UP
2026-10-02 16:09:22.167756,SW1,Gi0/11,49.11,52.16,49.24,9.85,0.16,1.63,0,0,UP
2026-10-02 16:09:22.167756,SW2,Gi0/2,43.32,54.32,48.19,10.34,0.23,1.04,5,0,UP
2026-10-02 16:09:22.167756,SW2,Gi0/10,33.51,44.4,45.92,12.41,0.19,1.44,5,0,UP
2026-10-02 16:09:22.167756,SW2,Gi0/11,31.57,42.58,44.14,9.47,0.32,1.41,6,0,UP
2026-10-02 16:10:22.167756,R1,Gi0/1,45.18,56.18,60.1,12.16,0.1,1.95,1,0,UP
2026-10-02 16:10:22.167756,R1,Gi0/2,36.45,50.75,42.51,10.5,0.18,2.27,4,0,UP
2026-10-02 16:10:22.167756,SW1,Gi0/1,31.99,48.48,43.87,9.63,0.19,2.07,4,0,UP
2026-10-02 16:10:22.167756,SW1,Gi0/10,40.39,45.6,61.1,13.66,0.26,2.5,3,0,UP
2026-10-02 16:10:22.167756,SW1,Gi0/11,46.43,50.28,45.01,13.27,0.36,2.76,4,0,UP
2026-10-02 16:10:22.167756,SW2,Gi0/2,42.58,53.48,52.88,14.6,0.18,2.66,3,0,UP
2026-10-02 16:10:22.167756,SW2,Gi0/10,43.25,56.91,50.98,13.83,0.16,2.75,4,0,UP
2026-10-02 16:10:22.167756,SW2,Gi0/11,40.63,55.51,65.7,9.66,0.12,3.34,3,0,UP
2026-10-02 16:11:22.167756,R1,Gi0/1,40.95,49.42,54.67,17.22,0.13,1.95,2,0,UP
2026-10-02 16:11:22.167756,R1,Gi0/2,43.66,56.11,57.97,13.53,0.45,1.71,1,0,UP
2026-10-02 16:11:22.167756,SW1,Gi0/1,47.35,50.61,33.99,11.37,0.23,1.68,0,0,UP
2026-10-02 16:11:22.167756,SW1,Gi0/10,38.96,44.68,50.08,8.11,0.21,2.26,2,0,UP
2026-10-02 16:11:22.167756,SW1,Gi0/11,45.47,43.15,39.39,11.34,0.27,2.11,7,0,UP
2026-10-02 16:11:22.167756,SW2,Gi0/2,35.97,43.03,59.31,9.14,0.27,1.51,0,0,UP
2026-10-02 16:11:22.167756,SW2,Gi0/10,38.13,54.5,35.23,13.15,0.28,1.36,2,0,UP
2026-10-02 16:11:22.167756,SW2,Gi0/11,47.89,53.25,42.91,12.83,0.13,2.56,5,0,UP
2026-10-02 16:12:22.167756,R1,Gi0/1,40.6,51.15,37.01,9.3,0.16,1.96,5,0,UP
2026-10-02 16:12:22.167756,R1,Gi0/2,44.61,50.92,54.52,10.11,0.31,1.6,5,0,UP
2026-10-02 16:12:22.167756,SW1,Gi0/1,39.93,40.01,50.84,13.62,0.15,1.81,2,0,UP
2026-10-02 16:12:22.167756,SW1,Gi0/10,30.37,38.18,55.41,10.35,0.39,2.69,6,0,UP
2026-10-02 16:12:22.167756,SW1,Gi0/11,36.75,41.96,36.3,11.11,0.0,1.76,2,0,UP
2026-10-02 16:12:22.167756,SW2,Gi0/2,33.53,44.8,43.24,12.71,0.11,2.15,3,0,UP
2026-10-02 16:12:22.167756,SW2,Gi0/10,40.23,46.74,34.33,15.39,0.26,2.5,2,0,UP
2026-10-02 16:12:22.167756,SW2,Gi0/11,39.18,52.45,30.32,9.77,0.12,1.77,1,0,UP
2026-10-02 16:13:22.167756,R1,Gi0/1,41.66,50.41,56.14,16.95,0.07,2.07,3,0,UP
2026-10-02 16:13:22.167756,R1,Gi0/2,39.93,44.58,37.66,12.48,0.11,2.08,2,0,UP
2026-10-02 16:13:22.167756,SW1,Gi0/1,40.71,45.23,46.26,10.24,0.22,2.67,3,0,UP
2026-10-02 16:13:22.167756,SW1,Gi0/10,41.61,54.09,33.77,15.44,0.09,2.44,4,0,UP
2026-10-02 16:13:22.167756,SW1,Gi0/11,35.49,55.04,48.98,15.78,0.22,1.95,1,0,UP
2026-10-02 16:13:22.167756,SW2,Gi0/2,31.28,48.41,42.79,12.52,0.06,1.88,4,0,UP
2026-10-02 16:13:22.167756,SW2,Gi0/10,43.38,40.7,50.65,11.51,0.18,0.82,5,0,UP
2026-10-02 16:13:22.167756,SW2,Gi0/11,40.88,42.34,48.0,12.69,0.32,1.85,3,0,UP
2026-10-02 16:14:22.167756,R1,Gi0/1,36.79,52.99,38.73,10.21,0.19,1.39,6,0,UP
2026-10-02 16:14:22.167756,R1,Gi0/2,49.64,47.73,33.91,12.67,0.15,2.59,1,0,UP
2026-10-02 16:14:22.167756,SW1,Gi0/1,42.72,50.57,39.59,12.48,0.29,2.04,3,0,UP
2026-10-02 16:14:22.167756,SW1,Gi0/10,35.64,55.72,53.36,11.18,0.19,2.71,0,0,UP
2026-10-02 16:14:22.167756,SW1,Gi0/11,43.02,47.21,59.22,12.13,0.33,1.62,0,0,UP
2026-10-02 16:14:22.167756,SW2,Gi0/2,38.83,51.31,40.91,13.52,0.18,0.96,4,0,UP
2026-10-02 16:14:22.167756,SW2,Gi0/10,35.59,48.19,57.43,15.55,0.14,2.29,1,0,UP
2026-10-02 16:14:22.167756,SW2,Gi0/11,38.57,46.97,31.21,12.19,0.23,1.66,5,0,UP
2026-10-02 16:15:22.167756,R1,Gi0/1,37.82,46.81,49.21,8.91,0.29,1.8,4,0,UP
2026-10-02 16:15:22.167756,R1,Gi0/2,46.44,53.2,38.5,9.5,0.06,2.55,2,0,UP
2026-10-02 16:15:22.167756,SW1,Gi0/1,37.0,49.34,53.64,13.56,0.24,2.32,3,0,UP
2026-10-02 16:15:22.167756,SW1,Gi0/10,41.51,51.11,45.0,13.51,0.24,1.56,4,0,UP
2026-10-02 16:15:22.167756,SW1,Gi0/11,41.24,53.06,44.17,13.62,0.19,2.36,2,0,UP
2026-10-02 16:15:22.167756,SW2,Gi0/2,38.06,53.01,42.35,16.41,0.26,2.01,4,0,UP
2026-10-02 16:15:22.167756,SW2,Gi0/10,37.6,54.62,52.16,14.51,0.16,1.39,1,0,UP
2026-10-02 16:15:22.167756,SW2,Gi0/11,38.59,58.34,62.56,12.69,0.2,1.83,4,0,UP
2026-10-02 16:16:22.167756,R1,Gi0/1,50.94,58.93,54.1,14.25,0.28,1.98,1,0,UP
2026-10-02 16:16:22.167756,R1,Gi0/2,39.9,52.11,33.37,11.69,0.12,2.51,1,0,UP
2026-10-02 16:16:22.167756,SW1,Gi0/1,41.64,46.5,57.78,8.6,0.25,1.36,1,0,UP
2026-10-02 16:16:22.167756,SW1,Gi0/10,41.03,51.28,46.83,12.3,0.14,1.92,3,0,UP
2026-10-02 16:16:22.167756,SW1,Gi0/11,40.98,49.67,50.84,12.19,0.22,1.81,0,0,UP
2026-10-02 16:16:22.167756,SW2,Gi0/2,40.77,56.04,48.55,10.37,0.28,1.83,4,0,UP
2026-10-02 16:16:22.167756,SW2,Gi0/10,38.16,51.77,40.85,11.01,0.04,2.26,3,0,UP
2026-10-02 16:16:22.167756,SW2,Gi0/11,42.13,51.38,38.9,13.93,0.3,1.61,4,0,UP
2026-10-02 16:17:22.167756,R1,Gi0/1,44.37,47.65,42.63,13.07,0.05,1.46,1,0,UP
2026-10-02 16:17:22.167756,R1,Gi0/2,31.02,55.42,29.09,12.69,0.28,1.85,1,0,UP
2026-10-02 16:17:22.167756,SW1,Gi0/1,41.16,50.01,53.03,6.74,0.11,2.28,3,0,UP
2026-10-02 16:17:22.167756,SW1,Gi0/10,43.76,51.31,43.92,11.4,0.43,2.77,3,0,UP
2026-10-02 16:17:22.167756,SW1,Gi0/11,40.39,52.69,51.61,12.84,0.12,2.89,3,0,UP
2026-10-02 16:17:22.167756,SW2,Gi0/2,50.07,50.94,43.03,14.77,0.23,2.07,0,0,UP
2026-10-02 16:17:22.167756,SW2,Gi0/10,43.3,47.53,41.42,11.02,0.24,1.23,2,0,UP
2026-10-02 16:17:22.167756,SW2,Gi0/11,44.9,43.77,46.38,10.74,0.16,2.83,0,0,UP
2026-10-02 16:18:22.167756,R1,Gi0/1,43.83,47.61,40.78,9.78,0.28,1.9,2,0,UP
2026-10-02 16:18:22.167756,R1,Gi0/2,40.55,49.15,28.99,11.02,0.29,1.25,0,0,UP
2026-10-02 16:18:22.167756,SW1,Gi0/1,37.87,46.37,44.78,9.81,0.16,1.98,4,0,UP
2026-10-02 16:18:22.167756,SW1,Gi0/10,46.22,48.69,60.1,11.63,0.28,2.97,3,0,UP
2026-10-02 16:18:22.167756,SW1,Gi0/11,33.13,50.45,40.11,11.45,0.4,1.39,3,0,UP
2026-10-02 16:18:22.167756,SW2,Gi0/2,35.61,48.46,50.96,12.64,0.18,1.68,3,0,UP
2026-10-02 16:18:22.167756,SW2,Gi0/10,48.54,45.49,60.29,14.4,0.34,2.15,5,0,UP
2026-10-02 16:18:22.167756,SW2,Gi0/11,34.96,46.66,51.13,12.59,0.19,0.75,2,0,UP
2026-10-02 16:19:22.167756,R1,Gi0/1,34.13,52.47,43.47,10.74,0.46,2.52,5,0,UP
2026-10-02 16:19:22.167756,R1,Gi0/2,51.01,54.01,38.83,10.22,0.3,0.97,2,0,UP
2026-10-02 16:19:22.167756,SW1,Gi0/1,29.14,50.49,51.83,12.56,0.29,2.98,2,0,UP
2026-10-02 16:19:22.167756,SW1,Gi0/10,54.04,51.06,52.59,10.78,0.36,2.52,5,0,UP
2026-10-02 16:19:22.167756,SW1,Gi0/11,40.27,43.72,48.68,8.61,0.17,2.1,7,0,UP
2026-10-02 16:19:22.167756,SW2,Gi0/2,41.59,50.7,44.5,9.32,0.21,2.05,1,0,UP
2026-10-02 16:19:22.167756,SW2,Gi0/10,34.07,47.59,45.52,11.08,0.09,2.14,4,0,UP
2026-10-02 16:19:22.167756,SW2,Gi0/11,40.61,47.19,49.76,11.62,0.08,2.52,3,0,UP
2026-10-02 16:20:22.167756,R1,Gi0/1,39.4,42.14,39.04,16.04,0.05,1.87,2,0,UP
2026-10-02 16:20:22.167756,R1,Gi0/2,41.6,42.51,46.39,8.63,0.21,1.67,1,0,UP
2026-10-02 16:20:22.167756,SW1,Gi0/1,44.17,48.82,48.79,13.01,0.33,1.4,4,0,UP
2026-10-02 16:20:22.167756,SW1,Gi0/10,40.08,48.11,35.81,13.21,0.11,2.26,6,0,UP
2026-10-02 16:20:22.167756,SW1,Gi0/11,44.9,56.96,39.25,13.53,0.09,1.88,6,0,UP
2026-10-02 16:20:22.167756,SW2,Gi0/2,36.96,55.56,53.13,14.15,0.07,2.26,2,0,UP
2026-10-02 16:20:22.167756,SW2,Gi0/10,45.44,41.72,47.94,12.45,0.0,1.56,0,0,UP
2026-10-02 16:20:22.167756,SW2,Gi0/11,36.37,52.75,46.56,12.34,0.1,2.56,2,0,UP
2026-10-02 16:21:22.167756,R1,Gi0/1,40.17,54.7,37.07,12.46,0.24,1.73,4,0,UP
2026-10-02 16:21:22.167756,R1,Gi0/2,42.39,49.49,43.94,13.05,0.28,2.03,5,0,UP
2026-10-02 16:21:22.167756,SW1,Gi0/1,43.29,41.06,33.76,14.36,0.18,2.08,5,0,UP
2026-10-02 16:21:22.167756,SW1,Gi0/10,39.97,50.19,38.05,12.74,0.26,1.71,1,0,UP
2026-10-02 16:21:22.167756,SW1,Gi0/11,53.13,49.54,39.53,13.41,0.19,1.46,3,0,UP
2026-10-02 16:21:22.167756,SW2,Gi0/2,35.73,57.88,48.96,11.45,0.21,2.45,3,0,UP
2026-10-02 16:21:22.167756,SW2,Gi0/10,50.61,55.68,48.9,10.13,0.19,2.24,1,0,UP
2026-10-02 16:21:22.167756,SW2,Gi0/11,46.47,45.13,39.9,10.88,0.27,1.6,0,0,UP
2026-10-02 16:22:22.167756,R1,Gi0/1,45.44,47.78,36.45,10.49,0.37,1.67,2,0,UP
2026-10-02 16:22:22.167756,R1,Gi0/2,37.77,43.84,39.06,9.4,0.3,2.05,7,0,UP
2026-10-02 16:22:22.167756,SW1,Gi0/1,36.46,45.71,57.27,14.12,0.24,1.44,6,0,UP
2026-10-02 16:22:22.167756,SW1,Gi0/10,39.64,47.85,54.14,11.96,0.08,2.02,1,0,UP
2026-10-02 16:22:22.167756,SW1,Gi0/11,24.95,45.59,40.78,9.69,0.26,1.61,3,0,UP
2026-10-02 16:22:22.167756,SW2,Gi0/2,33.83,54.55,34.79,7.32,0.32,1.57,6,0,UP
2026-10-02 16:22:22.167756,SW2,Gi0/10,42.82,53.95,53.36,12.23,0.21,2.64,3,0,UP
2026-10-02 16:22:22.167756,SW2,Gi0/11,36.36,52.93,28.09,14.64,0.33,2.6,5,0,UP
2026-10-02 16:23:22.167756,R1,Gi0/1,39.58,49.47,35.16,15.5,0.15,2.17,3,0,UP
2026-10-02 16:23:22.167756,R1,Gi0/2,33.3,41.28,45.04,11.09,0.19,2.53,3,0,UP
2026-10-02 16:23:22.167756,SW1,Gi0/1,43.79,52.23,42.47,10.0,0.23,2.04,4,0,UP
2026-10-02 16:23:22.167756,SW1,Gi0/10,39.25,48.51,43.16,10.16,0.34,2.57,0,0,UP
2026-10-02 16:23:22.167756,SW1,Gi0/11,44.02,40.77,52.88,10.61,0.24,1.04,0,0,UP
2026-10-02 16:23:22.167756,SW2,Gi0/2,42.34,46.5,38.28,14.79,0.42,2.47,0,0,UP
2026-10-02 16:23:22.167756,SW2,Gi0/10,48.82,42.19,42.56,12.11,0.39,2.46,2,0,UP
2026-10-02 16:23:22.167756,SW2,Gi0/11,35.28,55.01,40.73,12.43,0.06,2.28,3,0,UP
2026-10-02 16:24:22.167756,R1,Gi0/1,33.79,55.16,49.44,13.48,0.16,2.09,3,0,UP
2026-10-02 16:24:22.167756,R1,Gi0/2,39.26,50.85,55.05,14.15,0.08,2.49,5,0,UP
2026-10-02 16:24:22.167756,SW1,Gi0/1,39.24,52.54,48.95,10.3,0.16,2.38,2,0,UP
2026-10-02 16:24:22.167756,SW1,Gi0/10,44.88,56.52,54.15,15.96,0.19,2.09,3,0,UP
2026-10-02 16:24:22.167756,SW1,Gi0/11,39.7,52.71,31.31,12.41,0.06,1.52,4,0,UP
2026-10-02 16:24:22.167756,SW2,Gi0/2,39.0,53.49,43.23,14.21,0.18,1.02,3,0,UP
2026-10-02 16:24:22.167756,SW2,Gi0/10,29.16,42.74,37.94,9.98,0.15,1.48,0,0,UP
2026-10-02 16:24:22.167756,SW2,Gi0/11,47.71,46.61,27.15,11.28,0.09,1.56,4,0,UP
2026-10-02 16:25:22.167756,R1,Gi0/1,37.76,44.24,48.57,14.3,0.25,0.77,0,0,UP
2026-10-02 16:25:22.167756,R1,Gi0/2,40.24,48.78,42.38,10.03,0.06,3.0,3,0,UP
2026-10-02 16:25:22.167756,SW1,Gi0/1,43.21,50.03,45.37,11.88,0.09,1.24,3,0,UP
2026-10-02 16:25:22.167756,SW1,Gi0/10,40.94,54.69,50.88,10.38,0.31,2.38,4,0,UP
2026-10-02 16:25:22.167756,SW1,Gi0/11,51.25,60.22,50.52,13.13,0.31,1.71,1,0,UP
2026-10-02 16:25:22.167756,SW2,Gi0/2,43.37,45.72,49.74,12.31,0.11,2.01,5,0,UP
2026-10-02 16:25:22.167756,SW2,Gi0/10,40.41,50.43,47.63,12.92,0.17,2.18,0,0,UP
2026-10-02 16:25:22.167756,SW2,Gi0/11,36.0,46.64,48.76,12.32,0.19,2.35,3,0,UP
2026-10-02 16:26:22.167756,R1,Gi0/1,38.55,44.82,38.44,9.07,0.21,1.57,2,0,UP
2026-10-02 16:26:22.167756,R1,Gi0/2,39.36,55.22,52.43,11.89,0.33,0.99,6,0,UP
2026-10-02 16:26:22.167756,SW1,Gi0/1,43.46,50.51,37.87,11.12,0.26,2.32,4,0,UP
2026-10-02 16:26:22.167756,SW1,Gi0/10,36.36,45.35,46.56,13.54,0.2,2.74,3,0,UP
2026-10-02 16:26:22.167756,SW1,Gi0/11,40.0,53.35,54.75,9.3,0.09,1.84,9,0,UP
2026-10-02 16:26:22.167756,SW2,Gi0/2,38.69,49.39,49.95,13.95,0.22,2.58,0,0,UP
2026-10-02 16:26:22.167756,SW2,Gi0/10,36.17,55.81,45.09,9.48,0.07,1.59,3,0,UP
2026-10-02 16:26:22.167756,SW2,Gi0/11,42.34,48.35,48.08,11.13,0.32,3.28,2,0,UP
2026-10-02 16:27:22.167756,R1,Gi0/1,42.4,51.99,46.11,13.31,0.25,1.76,5,0,UP
2026-10-02 16:27:22.167756,R1,Gi0/2,41.01,48.08,64.55,11.77,0.23,2.09,2,0,UP
2026-10-02 16:27:22.167756,SW1,Gi0/1,42.24,45.78,49.77,8.48,0.07,2.91,0,0,UP
2026-10-02 16:27:22.167756,SW1,Gi0/10,30.2,43.84,58.92,8.42,0.1,1.27,2,0,UP
2026-10-02 16:27:22.167756,SW1,Gi0/11,37.82,47.6,59.85,9.6,0.19,2.17,1,0,UP
2026-10-02 16:27:22.167756,SW2,Gi0/2,42.43,48.0,47.99,11.78,0.0,2.65,7,0,UP
2026-10-02 16:27:22.167756,SW2,Gi0/10,39.12,45.51,57.05,15.78,0.18,1.89,2,0,UP
2026-10-02 16:27:22.167756,SW2,Gi0/11,31.63,48.54,58.72,11.66,0.1,2.25,1,0,UP
2026-10-02 16:28:22.167756,R1,Gi0/1,39.67,43.66,36.71,13.48,0.21,1.61,3,0,UP
2026-10-02 16:28:22.167756,R1,Gi0/2,36.96,46.08,54.31,13.57,0.2,2.07,2,0,UP
2026-10-02 16:28:22.167756,SW1,Gi0/1,42.44,46.0,51.9,12.71,0.17,1.76,4,0,UP
2026-10-02 16:28:22.167756,SW1,Gi0/10,39.25,46.51,41.92,13.54,0.04,1.82,5,0,UP
2026-10-02 16:28:22.167756,SW1,Gi0/11,39.16,51.36,53.69,13.78,0.16,1.93,4,0,UP
2026-10-02 16:28:22.167756,SW2,Gi0/2,44.7,49.56,44.57,12.54,0.34,2.53,4,0,UP
2026-10-02 16:28:22.167756,SW2,Gi0/10,34.61,48.63,43.22,14.84,0.18,2.63,1,0,UP
2026-10-02 16:28:22.167756,SW2,Gi0/11,37.55,52.41,57.55,11.58,0.0,1.22,3,0,UP
2026-10-02 16:29:22.167756,R1,Gi0/1,32.63,45.67,45.1,7.1,0.16,1.42,0,0,UP
2026-10-02 16:29:22.167756,R1,Gi0/2,35.99,44.65,48.76,14.39,0.16,1.7,2,0,UP
2026-10-02 16:29:22.167756,SW1,Gi0/1,34.46,43.56,31.84,9.34,0.36,1.65,0,0,UP
2026-10-02 16:29:22.167756,SW1,Gi0/10,37.06,42.05,45.48,11.9,0.21,1.98,2,0,UP
2026-10-02 16:29:22.167756,SW1,Gi0/11,32.72,49.63,53.15,15.63,0.18,1.94,4,0,UP
2026-10-02 16:29:22.167756,SW2,Gi0/2,47.47,47.57,50.54,10.35,0.23,2.49,0,0,UP
2026-10-02 16:29:22.167756,SW2,Gi0/10,37.37,54.77,49.93,14.07,0.28,1.83,7,0,UP
2026-10-02 16:29:22.167756,SW2,Gi0/11,40.68,34.72,42.74,11.06,0.28,1.77,5,0,UP
2026-10-02 16:30:22.167756,R1,Gi0/1,42.79,45.0,43.88,10.45,0.22,1.61,3,0,UP
2026-10-02 16:30:22.167756,R1,Gi0/2,38.64,49.24,61.41,11.28,0.01,2.51,5,0,UP
2026-10-02 16:30:22.167756,SW1,Gi0/1,30.11,46.5,48.49,13.05,0.2,2.01,1,0,UP
2026-10-02 16:30:22.167756,SW1,Gi0/10,28.0,60.25,37.25,12.35,0.18,2.45,3,0,UP
2026-10-02 16:30:22.167756,SW1,Gi0/11,40.77,36.83,38.33,13.49,0.27,1.52,0,0,UP
2026-10-02 16:30:22.167756,SW2,Gi0/2,40.63,35.47,35.81,15.52,0.34,2.24,3,0,UP
2026-10-02 16:30:22.167756,SW2,Gi0/10,30.25,46.3,42.64,10.56,0.16,2.65,1,0,UP
2026-10-02 16:30:22.167756,SW2,Gi0/11,38.3,53.7,33.64,10.32,0.13,2.03,2,0,UP
2026-10-02 16:31:22.167756,R1,Gi0/1,38.43,46.68,36.43,13.22,0.17,2.31,0,0,UP
2026-10-02 16:31:22.167756,R1,Gi0/2,36.67,48.89,43.98,13.51,0.16,2.37,3,0,UP
2026-10-02 16:31:22.167756,SW1,Gi0/1,39.47,45.24,51.06,10.15,0.2,1.97,2,0,UP
2026-10-02 16:31:22.167756,SW1,Gi0/10,38.05,45.89,32.06,14.81,0.15,1.94,2,0,UP
2026-10-02 16:31:22.167756,SW1,Gi0/11,45.48,59.67,46.28,11.69,0.09,1.28,0,0,UP
2026-10-02 16:31:22.167756,SW2,Gi0/2,36.02,39.55,53.63,12.85,0.17,2.55,0,0,UP
2026-10-02 16:31:22.167756,SW2,Gi0/10,35.9,40.33,51.19,10.38,0.2,2.5,5,0,UP
2026-10-02 16:31:22.167756,SW2,Gi0/11,39.85,51.92,37.77,15.37,0.18,2.04,2,0,UP
2026-10-02 16:32:22.167756,R1,Gi0/1,46.0,51.0,51.09,12.71,0.18,2.46,3,0,UP
2026-10-02 16:32:22.167756,R1,Gi0/2,35.2,45.05,46.19,13.81,0.36,1.11,3,0,UP
2026-10-02 16:32:22.167756,SW1,Gi0/1,42.45,51.48,53.07,13.31,0.1,1.49,3,0,UP
2026-10-02 16:32:22.167756,SW1,Gi0/10,44.95,50.72,32.38,9.91,0.27,1.83,3,0,UP
2026-10-02 16:32:22.167756,SW1,Gi0/11,45.33,43.99,41.69,10.95,0.24,2.39,0,0,UP
2026-10-02 16:32:22.167756,SW2,Gi0/2,39.97,54.35,30.16,11.87,0.08,1.68,0,0,UP
2026-10-02 16:32:22.167756,SW2,Gi0/10,46.96,48.22,38.54,12.66,0.1,1.43,6,0,UP
2026-10-02 16:32:22.167756,SW2,Gi0/11,49.04,47.04,53.54,12.71,0.06,1.54,6,0,UP
2026-10-02 16:33:22.167756,R1,Gi0/1,32.87,61.4,40.43,15.16,0.17,2.4,5,0,UP
2026-10-02 16:33:22.167756,R1,Gi0/2,46.95,47.08,38.14,11.84,0.07,2.12,1,0,UP
2026-10-02 16:33:22.167756,SW1,Gi0/1,45.41,47.15,31.06,14.8,0.22,2.01,5,0,UP
2026-10-02 16:33:22.167756,SW1,Gi0/10,44.36,46.19,41.4,9.77,0.05,2.29,3,0,UP
2026-10-02 16:33:22.167756,SW1,Gi0/11,43.8,56.41,51.2,13.73,0.0,1.85,4,0,UP
2026-10-02 16:33:22.167756,SW2,Gi0/2,34.16,50.46,49.16,12.89,0.24,2.3,3,0,UP
2026-10-02 16:33:22.167756,SW2,Gi0/10,32.69,52.53,47.28,9.1,0.34,2.27,0,0,UP
2026-10-02 16:33:22.167756,SW2,Gi0/11,35.91,47.18,40.48,12.59,0.1,2.56,5,0,UP
2026-10-02 16:34:22.167756,R1,Gi0/1,43.1,50.22,52.5,11.45,0.13,2.6,3,0,UP
2026-10-02 16:34:22.167756,R1,Gi0/2,36.58,47.91,39.11,16.04,0.2,2.08,4,0,UP
2026-10-02 16:34:22.167756,SW1,Gi0/1,33.92,55.48,40.14,15.66,0.17,2.52,0,0,UP
2026-10-02 16:34:22.167756,SW1,Gi0/10,34.12,48.53,28.75,13.2,0.23,1.5,2,0,UP
2026-10-02 16:34:22.167756,SW1,Gi0/11,44.03,39.48,34.81,11.33,0.2,1.97,4,0,UP
2026-10-02 16:34:22.167756,SW2,Gi0/2,42.39,53.48,33.88,12.29,0.17,2.73,3,0,UP
2026-10-02 16:34:22.167756,SW2,Gi0/10,36.65,54.26,49.51,10.36,0.17,1.83,5,0,UP
2026-10-02 16:34:22.167756,SW2,Gi0/11,41.02,53.63,41.05,12.67,0.33,1.82,3,0,UP
2026-10-02 16:35:22.167756,R1,Gi0/1,33.18,46.17,42.32,9.88,0.33,1.58,4,0,UP
2026-10-02 16:35:22.167756,R1,Gi0/2,40.93,50.15,56.89,7.48,0.18,1.46,0,0,UP
2026-10-02 16:35:22.167756,SW1,Gi0/1,34.03,50.09,39.2,13.79,0.18,1.84,2,0,UP
2026-10-02 16:35:22.167756,SW1,Gi0/10,39.51,47.91,38.19,13.98,0.14,1.81,3,0,UP
2026-10-02 16:35:22.167756,SW1,Gi0/11,41.59,45.53,51.04,13.08,0.22,1.78,2,0,UP
2026-10-02 16:35:22.167756,SW2,Gi0/2,38.99,43.84,44.69,13.78,0.29,1.81,5,0,UP
2026-10-02 16:35:22.167756,SW2,Gi0/10,49.53,48.42,50.53,7.47,0.07,2.05,0,0,UP
2026-10-02 16:35:22.167756,SW2,Gi0/11,50.2,52.99,52.73,11.94,0.1,1.74,3,0,UP
2026-10-02 16:36:22.167756,R1,Gi0/1,36.81,53.36,50.69,12.01,0.02,2.86,2,0,UP
2026-10-02 16:36:22.167756,R1,Gi0/2,53.55,53.26,43.32,12.9,0.0,2.51,8,0,UP
2026-10-02 16:36:22.167756,SW1,Gi0/1,29.55,48.56,44.16,13.75,0.41,2.19,7,0,UP
2026-10-02 16:36:22.167756,SW1,Gi0/10,40.85,52.26,47.63,14.44,0.16,2.41,0,0,UP
2026-10-02 16:36:22.167756,SW1,Gi0/11,38.58,46.82,45.7,11.37,0.31,1.56,0,0,UP
2026-10-02 16:36:22.167756,SW2,Gi0/2,33.21,54.97,37.24,12.8,0.17,2.41,2,0,UP
2026-10-02 16:36:22.167756,SW2,Gi0/10,53.82,59.49,42.48,11.1,0.51,1.46,2,0,UP
2026-10-02 16:36:22.167756,SW2,Gi0/11,40.11,49.99,31.09,12.99,0.1,2.72,0,0,UP
2026-10-02 16:37:22.167756,R1,Gi0/1,40.3,38.92,27.76,10.32,0.13,2.73,2,0,UP
2026-10-02 16:37:22.167756,R1,Gi0/2,46.46,48.1,49.85,10.55,0.12,1.09,3,0,UP
2026-10-02 16:37:22.167756,SW1,Gi0/1,41.31,53.89,46.72,16.05,0.22,2.5,2,0,UP
2026-10-02 16:37:22.167756,SW1,Gi0/10,35.46,53.59,44.29,13.66,0.24,1.6,5,0,UP
2026-10-02 16:37:22.167756,SW1,Gi0/11,35.64,53.13,55.25,11.23,0.32,2.2,4,0,UP
2026-10-02 16:37:22.167756,SW2,Gi0/2,35.82,51.07,33.74,15.42,0.0,1.82,1,0,UP
2026-10-02 16:37:22.167756,SW2,Gi0/10,43.37,59.62,50.24,17.92,0.06,1.35,1,0,UP
2026-10-02 16:37:22.167756,SW2,Gi0/11,40.61,44.87,38.99,13.24,0.08,1.43,2,0,UP
2026-10-02 16:38:22.167756,R1,Gi0/1,38.48,55.05,37.79,10.56,0.26,2.4,5,0,UP
2026-10-02 16:38:22.167756,R1,Gi0/2,42.35,50.65,49.6,11.47,0.17,1.11,4,0,UP
2026-10-02 16:38:22.167756,SW1,Gi0/1,41.06,53.89,22.47,11.91,0.11,2.75,4,0,UP
2026-10-02 16:38:22.167756,SW1,Gi0/10,41.17,47.84,48.18,10.14,0.19,1.71,7,0,UP
2026-10-02 16:38:22.167756,SW1,Gi0/11,47.35,55.32,33.08,13.73,0.22,2.61,3,0,UP
2026-10-02 16:38:22.167756,SW2,Gi0/2,39.97,51.17,30.55,10.47,0.24,2.57,1,0,UP
2026-10-02 16:38:22.167756,SW2,Gi0/10,39.8,42.0,56.67,14.23,0.27,2.2,6,0,UP
2026-10-02 16:38:22.167756,SW2,Gi0/11,35.97,45.43,53.49,13.99,0.08,1.73,6,0,UP
2026-10-02 16:39:22.167756,R1,Gi0/1,42.06,53.94,35.73,13.31,0.06,1.01,4,0,UP
2026-10-02 16:39:22.167756,R1,Gi0/2,47.17,48.73,40.63,15.42,0.18,1.97,6,0,UP
2026-10-02 16:39:22.167756,SW1,Gi0/1,38.23,46.73,51.52,10.58,0.19,1.34,3,0,UP
2026-10-02 16:39:22.167756,SW1,Gi0/10,40.34,54.84,51.86,13.1,0.24,1.96,4,0,UP
2026-10-02 16:39:22.167756,SW1,Gi0/11,34.44,38.26,54.3,13.35,0.19,2.54,1,0,UP
2026-10-02 16:39:22.167756,SW2,Gi0/2,36.47,45.78,49.54,8.83,0.12,2.14,0,0,UP
2026-10-02 16:39:22.167756,SW2,Gi0/10,36.7,38.94,49.85,10.62,0.09,1.35,2,0,UP
2026-10-02 16:39:22.167756,SW2,Gi0/11,32.1,59.71,25.92,11.1,0.21,1.61,3,0,UP
2026-10-02 16:40:22.167756,R1,Gi0/1,36.0,57.65,36.05,7.3,0.07,2.19,2,0,UP
2026-10-02 16:40:22.167756,R1,Gi0/2,43.76,52.51,39.91,11.02,0.16,2.94,4,0,UP
2026-10-02 16:40:22.167756,SW1,Gi0/1,49.46,54.2,44.49,9.96,0.22,1.97,2,0,UP
2026-10-02 16:40:22.167756,SW1,Gi0/10,38.95,39.74,55.09,11.9,0.06,2.24,1,0,UP
2026-10-02 16:40:22.167756,SW1,Gi0/11,42.81,54.41,53.16,11.68,0.16,1.69,1,0,UP
2026-10-02 16:40:22.167756,SW2,Gi0/2,39.91,48.95,38.4,9.71,0.19,1.78,0,0,UP
2026-10-02 16:40:22.167756,SW2,Gi0/10,44.15,58.86,52.7,10.56,0.19,2.77,0,0,UP
2026-10-02 16:40:22.167756,SW2,Gi0/11,43.91,42.76,58.47,11.14,0.42,2.86,2,0,UP
2026-10-02 16:41:22.167756,R1,Gi0/1,36.4,50.97,43.56,11.2,0.03,1.74,0,0,UP
2026-10-02 16:41:22.167756,R1,Gi0/2,42.76,54.96,50.93,12.68,0.11,2.1,4,0,UP
2026-10-02 16:41:22.167756,SW1,Gi0/1,37.07,50.59,43.84,15.32,0.29,2.3,0,0,UP
2026-10-02 16:41:22.167756,SW1,Gi0/10,40.86,49.22,43.69,8.87,0.09,1.97,5,0,UP
2026-10-02 16:41:22.167756,SW1,Gi0/11,37.05,48.0,59.25,11.41,0.19,1.94,0,0,UP
2026-10-02 16:41:22.167756,SW2,Gi0/2,42.86,46.74,44.76,12.89,0.39,1.34,4,0,UP
2026-10-02 16:41:22.167756,SW2,Gi0/10,44.34,46.81,49.8,15.29,0.12,2.12,3,0,UP
2026-10-02 16:41:22.167756,SW2,Gi0/11,42.67,53.85,46.33,13.03,0.11,2.08,2,0,UP
2026-10-02 16:42:22.167756,R1,Gi0/1,33.85,47.45,47.16,12.87,0.07,1.53,4,0,UP
2026-10-02 16:42:22.167756,R1,Gi0/2,42.54,54.44,55.94,13.08,0.16,2.06,6,0,UP
2026-10-02 16:42:22.167756,SW1,Gi0/1,53.82,52.32,49.28,13.45,0.2,2.58,5,0,UP
2026-10-02 16:42:22.167756,SW1,Gi0/10,41.77,48.41,32.83,13.46,0.22,1.63,0,0,UP
2026-10-02 16:42:22.167756,SW1,Gi0/11,43.31,41.99,47.4,13.69,0.25,1.8,0,0,UP
2026-10-02 16:42:22.167756,SW2,Gi0/2,42.94,56.0,40.42,13.01,0.36,2.17,2,0,UP
2026-10-02 16:42:22.167756,SW2,Gi0/10,45.2,46.31,34.61,13.62,0.16,1.84,1,0,UP
2026-10-02 16:42:22.167756,SW2,Gi0/11,37.64,57.02,58.3,15.59,0.31,2.23,0,0,UP
2026-10-02 16:43:22.167756,R1,Gi0/1,39.06,60.78,41.52,15.03,0.21,0.66,4,0,UP
2026-10-02 16:43:22.167756,R1,Gi0/2,46.33,49.76,54.86,8.66,0.06,2.1,3,0,UP
2026-10-02 16:43:22.167756,SW1,Gi0/1,46.78,53.19,35.45,12.43,0.26,1.06,2,0,UP
2026-10-02 16:43:22.167756,SW1,Gi0/10,38.32,46.73,48.99,9.7,0.24,2.28,5,0,UP
2026-10-02 16:43:22.167756,SW1,Gi0/11,34.38,42.47,47.23,11.43,0.49,2.23,3,0,UP
2026-10-02 16:43:22.167756,SW2,Gi0/2,39.14,43.91,49.51,11.84,0.19,2.05,3,0,UP
2026-10-02 16:43:22.167756,SW2,Gi0/10,31.3,54.19,38.23,11.72,0.33,2.89,0,0,UP
2026-10-02 16:43:22.167756,SW2,Gi0/11,40.15,51.36,32.94,13.61,0.21,2.1,1,0,UP
2026-10-02 16:44:22.167756,R1,Gi0/1,42.06,54.19,46.02,10.97,0.16,2.11,3,0,UP
2026-10-02 16:44:22.167756,R1,Gi0/2,44.52,47.6,35.25,12.72,0.15,2.39,3,0,UP
2026-10-02 16:44:22.167756,SW1,Gi0/1,43.27,44.93,46.15,10.6,0.08,1.57,1,0,UP
2026-10-02 16:44:22.167756,SW1,Gi0/10,46.22,47.15,34.83,12.26,0.2,1.75,2,0,UP
2026-10-02 16:44:22.167756,SW1,Gi0/11,44.88,53.35,49.67,9.63,0.49,2.53,4,0,UP
2026-10-02 16:44:22.167756,SW2,Gi0/2,34.18,54.74,40.99,11.61,0.03,1.38,3,0,UP
2026-10-02 16:44:22.167756,SW2,Gi0/10,45.03,53.42,50.21,11.87,0.16,2.14,4,0,UP
2026-10-02 16:44:22.167756,SW2,Gi0/11,40.02,56.05,43.28,10.04,0.2,2.05,2,0,UP
2026-10-02 16:45:22.167756,R1,Gi0/1,46.4,54.03,33.55,15.07,0.0,3.08,2,0,UP
2026-10-02 16:45:22.167756,R1,Gi0/2,39.05,49.7,48.08,12.0,0.19,2.65,4,0,UP
2026-10-02 16:45:22.167756,SW1,Gi0/1,35.21,53.7,49.19,10.91,0.28,1.92,2,0,UP
2026-10-02 16:45:22.167756,SW1,Gi0/10,38.76,37.86,40.79,13.43,0.2,1.36,4,0,UP
2026-10-02 16:45:22.167756,SW1,Gi0/11,38.51,43.89,62.65,9.89,0.29,1.62,3,0,UP
2026-10-02 16:45:22.167756,SW2,Gi0/2,35.49,43.8,49.18,12.81,0.31,1.98,7,0,UP
2026-10-02 16:45:22.167756,SW2,Gi0/10,41.34,52.83,34.13,10.77,0.25,1.96,3,0,UP
2026-10-02 16:45:22.167756,SW2,Gi0/11,35.92,50.61,45.95,9.64,0.26,1.15,3,0,UP
2026-10-02 16:46:22.167756,R1,Gi0/1,48.83,53.4,50.39,10.21,0.38,2.69,1,0,UP
2026-10-02 16:46:22.167756,R1,Gi0/2,37.63,56.27,59.37,9.47,0.1,1.93,0,0,UP
2026-10-02 16:46:22.167756,SW1,Gi0/1,40.1,55.93,33.49,12.25,0.14,2.82,1,0,UP
2026-10-02 16:46:22.167756,SW1,Gi0/10,47.59,47.01,51.17,12.5,0.19,1.6,3,0,UP
2026-10-02 16:46:22.167756,SW1,Gi0/11,37.8,46.55,56.78,13.1,0.26,1.8,2,0,UP
2026-10-02 16:46:22.167756,SW2,Gi0/2,38.76,51.69,50.13,11.94,0.12,2.38,3,0,UP
2026-10-02 16:46:22.167756,SW2,Gi0/10,32.8,39.32,47.38,10.34,0.24,1.61,3,0,UP
2026-10-02 16:46:22.167756,SW2,Gi0/11,38.11,58.76,52.6,14.69,0.2,2.41,3,0,UP
2026-10-02 16:47:22.167756,R1,Gi0/1,47.35,49.64,33.82,8.0,0.37,2.24,4,0,UP
2026-10-02 16:47:22.167756,R1,Gi0/2,47.45,41.74,42.13,11.53,0.27,1.65,0,0,UP
2026-10-02 16:47:22.167756,SW1,Gi0/1,33.95,55.75,39.06,10.9,0.26,1.65,0,0,UP
2026-10-02 16:47:22.167756,SW1,Gi0/10,32.09,49.72,48.98,11.6,0.24,1.19,0,0,UP
2026-10-02 16:47:22.167756,SW1,Gi0/11,51.27,56.16,51.15,10.68,0.18,2.0,5,0,UP
2026-10-02 16:47:22.167756,SW2,Gi0/2,42.01,52.63,43.66,13.59,0.23,2.02,1,0,UP
2026-10-02 16:47:22.167756,SW2,Gi0/10,39.43,44.6,44.68,12.18,0.0,1.88,0,0,UP
2026-10-02 16:47:22.167756,SW2,Gi0/11,42.49,53.19,41.59,13.1,0.26,1.89,6,0,UP
2026-10-02 16:48:22.167756,R1,Gi0/1,36.37,57.36,43.2,10.31,0.16,1.45,4,0,UP
2026-10-02 16:48:22.167756,R1,Gi0/2,31.99,56.95,37.51,13.67,0.2,2.14,1,0,UP
2026-10-02 16:48:22.167756,SW1,Gi0/1,41.76,50.67,33.34,10.07,0.15,1.62,5,0,UP
2026-10-02 16:48:22.167756,SW1,Gi0/10,40.04,46.11,41.07,10.99,0.17,1.46,1,0,UP
2026-10-02 16:48:22.167756,SW1,Gi0/11,43.83,50.93,43.78,12.01,0.2,1.9,4,0,UP
2026-10-02 16:48:22.167756,SW2,Gi0/2,42.22,42.14,43.95,8.99,0.26,2.38,1,0,UP
2026-10-02 16:48:22.167756,SW2,Gi0/10,39.42,39.44,52.78,13.42,0.32,2.74,0,0,UP
2026-10-02 16:48:22.167756,SW2,Gi0/11,44.44,57.4,33.04,11.66,0.16,2.43,0,0,UP
2026-10-02 16:49:22.167756,R1,Gi0/1,49.08,49.44,52.33,11.88,0.25,0.84,2,0,UP
2026-10-02 16:49:22.167756,R1,Gi0/2,44.24,51.44,31.91,12.12,0.12,1.55,0,0,UP
2026-10-02 16:49:22.167756,SW1,Gi0/1,43.09,55.57,61.96,9.05,0.28,2.42,1,0,UP
2026-10-02 16:49:22.167756,SW1,Gi0/10,35.41,44.57,40.78,12.41,0.34,2.55,0,0,UP
2026-10-02 16:49:22.167756,SW1,Gi0/11,36.06,56.5,39.15,11.89,0.03,2.58,0,0,UP
2026-10-02 16:49:22.167756,SW2,Gi0/2,31.79,55.25,60.36,11.42,0.2,2.45,3,0,UP
2026-10-02 16:49:22.167756,SW2,Gi0/10,38.13,47.57,32.47,12.47,0.19,1.78,0,0,UP
2026-10-02 16:49:22.167756,SW2,Gi0/11,35.5,53.09,52.05,11.35,0.16,1.57,4,0,UP
2026-10-02 16:50:22.167756,R1,Gi0/1,40.15,51.84,47.87,11.38,0.08,1.5,5,0,UP
2026-10-02 16:50:22.167756,R1,Gi0/2,36.37,47.95,35.92,9.57,0.12,2.84,4,0,UP
2026-10-02 16:50:22.167756,SW1,Gi0/1,37.37,55.41,43.78,14.71,0.42,2.51,3,0,UP
2026-10-02 16:50:22.167756,SW1,Gi0/10,43.5,50.08,30.31,10.69,0.1,1.66,6,0,UP
2026-10-02 16:50:22.167756,SW1,Gi0/11,45.61,52.2,51.5,8.22,0.27,2.47,0,0,UP
2026-10-02 16:50:22.167756,SW2,Gi0/2,43.83,42.88,29.24,14.65,0.1,1.64,4,0,UP
2026-10-02 16:50:22.167756,SW2,Gi0/10,38.47,49.1,43.38,12.7,0.18,2.06,1,0,UP
2026-10-02 16:50:22.167756,SW2,Gi0/11,41.76,51.57,60.18,11.24,0.18,2.12,4,0,UP
2026-10-02 16:51:22.167756,R1,Gi0/1,34.54,50.52,24.94,11.46,0.31,1.64,3,0,UP
2026-10-02 16:51:22.167756,R1,Gi0/2,37.36,45.7,52.77,9.91,0.23,2.15,1,0,UP
2026-10-02 16:51:22.167756,SW1,Gi0/1,40.78,45.33,49.17,9.37,0.17,1.87,5,0,UP
2026-10-02 16:51:22.167756,SW1,Gi0/10,40.7,54.78,49.44,13.1,0.17,2.51,2,0,UP
2026-10-02 16:51:22.167756,SW1,Gi0/11,31.35,48.93,48.63,8.79,0.11,1.38,4,0,UP
2026-10-02 16:51:22.167756,SW2,Gi0/2,48.36,48.95,49.25,13.01,0.36,1.67,2,0,UP
2026-10-02 16:51:22.167756,SW2,Gi0/10,38.3,50.38,65.03,12.06,0.11,1.42,5,0,UP
2026-10-02 16:51:22.167756,SW2,Gi0/11,35.7,53.32,39.56,9.47,0.26,1.68,3,0,UP
2026-10-02 16:52:22.167756,R1,Gi0/1,42.5,52.73,42.85,13.37,0.11,0.77,4,0,UP
2026-10-02 16:52:22.167756,R1,Gi0/2,40.83,46.95,33.23,7.93,0.21,2.82,2,0,UP
2026-10-02 16:52:22.167756,SW1,Gi0/1,38.19,49.88,62.43,13.5,0.11,2.01,3,0,UP
2026-10-02 16:52:22.167756,SW1,Gi0/10,34.72,53.8,38.46,8.98,0.21,1.96,2,0,UP
2026-10-02 16:52:22.167756,SW1,Gi0/11,36.18,46.87,54.03,12.88,0.1,1.02,1,0,UP
2026-10-02 16:52:22.167756,SW2,Gi0/2,40.79,46.84,39.32,10.82,0.19,2.39,2,0,UP
2026-10-02 16:52:22.167756,SW2,Gi0/10,40.31,48.88,41.01,13.79,0.27,3.02,4,0,UP
2026-10-02 16:52:22.167756,SW2,Gi0/11,37.51,45.48,52.62,10.37,0.28,1.62,3,0,UP
2026-10-02 16:53:22.167756,R1,Gi0/1,34.7,53.9,35.13,12.55,0.18,2.05,2,0,UP
2026-10-02 16:53:22.167756,R1,Gi0/2,37.9,50.77,36.98,9.98,0.16,1.8,0,0,UP
2026-10-02 16:53:22.167756,SW1,Gi0/1,44.62,48.33,43.19,9.34,0.41,3.21,1,0,UP
2026-10-02 16:53:22.167756,SW1,Gi0/10,46.13,49.54,57.83,12.67,0.21,0.75,1,0,UP
2026-10-02 16:53:22.167756,SW1,Gi0/11,40.1,50.99,35.28,10.54,0.26,1.31,3,0,UP
2026-10-02 16:53:22.167756,SW2,Gi0/2,46.19,51.93,47.68,7.96,0.12,3.03,1,0,UP
2026-10-02 16:53:22.167756,SW2,Gi0/10,46.32,46.95,42.78,13.03,0.21,2.19,1,0,UP
2026-10-02 16:53:22.167756,SW2,Gi0/11,34.32,45.57,40.74,11.54,0.3,2.04,3,0,UP
2026-10-02 16:54:22.167756,R1,Gi0/1,40.71,44.42,45.14,12.26,0.28,1.47,0,0,UP
2026-10-02 16:54:22.167756,R1,Gi0/2,40.88,51.77,43.56,12.06,0.29,1.77,2,0,UP
2026-10-02 16:54:22.167756,SW1,Gi0/1,40.4,43.9,43.78,11.87,0.36,1.85,3,0,UP
2026-10-02 16:54:22.167756,SW1,Gi0/10,44.59,45.81,56.01,15.53,0.2,1.73,6,0,UP
2026-10-02 16:54:22.167756,SW1,Gi0/11,43.98,50.41,56.41,14.64,0.17,2.12,4,0,UP
2026-10-02 16:54:22.167756,SW2,Gi0/2,40.14,43.05,37.49,9.28,0.25,1.41,3,0,UP
2026-10-02 16:54:22.167756,SW2,Gi0/10,49.16,57.14,30.3,9.44,0.12,1.42,0,0,UP
2026-10-02 16:54:22.167756,SW2,Gi0/11,39.95,53.53,52.63,11.05,0.17,2.18,2,0,UP
2026-10-02 16:55:22.167756,R1,Gi0/1,44.05,52.15,41.99,8.29,0.35,1.66,3,0,UP
2026-10-02 16:55:22.167756,R1,Gi0/2,30.42,49.94,45.8,12.3,0.5,1.68,4,0,UP
2026-10-02 16:55:22.167756,SW1,Gi0/1,42.62,46.61,51.45,11.67,0.29,2.98,3,0,UP
2026-10-02 16:55:22.167756,SW1,Gi0/10,38.59,55.26,56.17,10.23,0.15,2.34,2,0,UP
2026-10-02 16:55:22.167756,SW1,Gi0/11,35.23,52.7,50.37,11.33,0.21,1.71,0,0,UP
2026-10-02 16:55:22.167756,SW2,Gi0/2,37.51,50.37,33.2,11.15,0.21,2.6,2,0,UP
2026-10-02 16:55:22.167756,SW2,Gi0/10,33.77,48.95,40.47,13.1,0.17,0.64,10,0,UP
2026-10-02 16:55:22.167756,SW2,Gi0/11,40.71,50.45,32.67,9.07,0.19,2.17,4,0,UP
2026-10-02 16:56:22.167756,R1,Gi0/1,41.19,44.07,24.96,11.8,0.15,1.37,4,0,UP
2026-10-02 16:56:22.167756,R1,Gi0/2,32.12,53.08,33.72,12.27,0.29,1.83,6,0,UP
2026-10-02 16:56:22.167756,SW1,Gi0/1,49.59,51.19,49.33,14.12,0.25,2.22,1,0,UP
2026-10-02 16:56:22.167756,SW1,Gi0/10,31.56,43.05,64.06,12.64,0.18,2.63,1,0,UP
2026-10-02 16:56:22.167756,SW1,Gi0/11,42.92,50.39,48.68,11.33,0.1,1.59,1,0,UP
2026-10-02 16:56:22.167756,SW2,Gi0/2,39.99,42.22,35.02,12.27,0.19,2.1,2,0,UP
2026-10-02 16:56:22.167756,SW2,Gi0/10,52.59,50.63,41.97,12.2,0.3,1.98,4,0,UP
2026-10-02 16:56:22.167756,SW2,Gi0/11,41.98,48.55,45.89,15.2,0.22,1.51,2,0,UP
2026-10-02 16:57:22.167756,R1,Gi0/1,29.43,50.69,55.5,9.32,0.21,2.49,5,0,UP
2026-10-02 16:57:22.167756,R1,Gi0/2,46.4,40.66,49.04,8.99,0.1,2.41,3,0,UP
2026-10-02 16:57:22.167756,SW1,Gi0/1,43.63,45.35,56.79,13.38,0.29,1.46,5,0,UP
2026-10-02 16:57:22.167756,SW1,Gi0/10,38.42,46.94,50.0,13.17,0.12,3.03,6,0,UP
2026-10-02 16:57:22.167756,SW1,Gi0/11,43.03,52.15,47.64,8.9,0.21,2.05,1,0,UP
2026-10-02 16:57:22.167756,SW2,Gi0/2,38.45,38.09,36.22,13.84,0.37,1.53,3,0,UP
2026-10-02 16:57:22.167756,SW2,Gi0/10,45.49,47.4,50.41,11.93,0.32,1.36,0,0,UP
2026-10-02 16:57:22.167756,SW2,Gi0/11,41.4,50.48,44.55,13.15,0.11,1.32,1,0,UP
2026-10-02 16:58:22.167756,R1,Gi0/1,38.06,48.58,55.15,13.54,0.25,2.11,2,0,UP
2026-10-02 16:58:22.167756,R1,Gi0/2,35.73,44.01,39.44,11.91,0.08,2.08,2,0,UP
2026-10-02 16:58:22.167756,SW1,Gi0/1,38.01,55.81,25.32,11.23,0.0,2.12,4,0,UP
2026-10-02 16:58:22.167756,SW1,Gi0/10,33.24,43.88,31.41,12.13,0.17,1.86,2,0,UP
2026-10-02 16:58:22.167756,SW1,Gi0/11,35.13,55.66,47.18,9.63,0.13,1.56,5,0,UP
2026-10-02 16:58:22.167756,SW2,Gi0/2,43.56,49.37,58.66,14.9,0.18,1.79,2,0,UP
2026-10-02 16:58:22.167756,SW2,Gi0/10,35.24,58.67,36.95,13.74,0.27,1.85,6,0,UP
2026-10-02 16:58:22.167756,SW2,Gi0/11,32.2,49.6,41.09,13.92,0.24,1.14,5,0,UP
2026-10-02 16:59:22.167756,R1,Gi0/1,42.43,44.82,42.2,9.4,0.18,2.08,2,0,UP
2026-10-02 16:59:22.167756,R1,Gi0/2,37.75,41.94,47.7,8.15,0.2,1.1,3,0,UP
2026-10-02 16:59:22.167756,SW1,Gi0/1,39.97,52.02,51.9,14.1,0.04,1.97,7,0,UP
2026-10-02 16:59:22.167756,SW1,Gi0/10,40.6,45.84,44.36,11.23,0.08,2.43,4,0,UP
2026-10-02 16:59:22.167756,SW1,Gi0/11,33.33,49.53,40.47,8.8,0.06,1.37,2,0,UP
2026-10-02 16:59:22.167756,SW2,Gi0/2,37.71,45.2,41.86,13.5,0.24,2.5,2,0,UP
2026-10-02 16:59:22.167756,SW2,Gi0/10,48.01,51.74,41.09,12.19,0.08,1.85,3,0,UP
2026-10-02 16:59:22.167756,SW2,Gi0/11,43.06,47.95,66.87,11.66,0.03,2.61,4,0,UP
2026-10-02 17:00:22.167756,R1,Gi0/1,41.16,47.68,48.15,15.24,0.22,1.26,0,0,UP
2026-10-02 17:00:22.167756,R1,Gi0/2,41.92,45.07,44.2,10.38,0.11,1.62,1,0,UP
2026-10-02 17:00:22.167756,SW1,Gi0/1,43.88,52.87,35.34,9.86,0.24,2.53,5,0,UP
2026-10-02 17:00:22.167756,SW1,Gi0/10,34.99,54.95,30.79,11.59,0.25,0.96,7,0,UP
2026-10-02 17:00:22.167756,SW1,Gi0/11,46.63,53.24,37.28,11.86,0.28,1.44,2,0,UP
2026-10-02 17:00:22.167756,SW2,Gi0/2,44.55,42.53,47.66,8.49,0.11,1.75,4,0,UP
2026-10-02 17:00:22.167756,SW2,Gi0/10,36.5,50.63,39.5,10.94,0.33,1.42,4,0,UP
2026-10-02 17:00:22.167756,SW2,Gi0/11,39.99,47.12,35.26,9.71,0.13,1.92,4,0,UP
2026-10-02 17:01:22.167756,R1,Gi0/1,38.5,48.83,44.33,12.95,0.26,1.31,2,0,UP
2026-10-02 17:01:22.167756,R1,Gi0/2,46.14,43.42,45.59,11.66,0.14,2.8,3,0,UP
2026-10-02 17:01:22.167756,SW1,Gi0/1,47.56,50.03,48.68,10.85,0.14,2.2,3,0,UP
2026-10-02 17:01:22.167756,SW1,Gi0/10,42.99,51.88,34.31,10.39,0.28,1.02,3,0,UP
2026-10-02 17:01:22.167756,SW1,Gi0/11,39.44,54.25,48.33,10.67,0.13,1.74,4,0,UP
2026-10-02 17:01:22.167756,SW2,Gi0/2,28.49,50.79,37.94,12.38,0.23,1.17,2,0,UP
2026-10-02 17:01:22.167756,SW2,Gi0/10,40.78,50.44,44.02,9.56,0.09,1.31,4,0,UP
2026-10-02 17:01:22.167756,SW2,Gi0/11,39.42,49.74,31.36,11.93,0.26,1.08,1,0,UP
2026-10-02 17:02:22.167756,R1,Gi0/1,32.15,47.9,37.79,12.76,0.22,2.65,2,0,UP
2026-10-02 17:02:22.167756,R1,Gi0/2,41.69,47.21,36.18,13.67,0.32,2.35,3,0,UP
2026-10-02 17:02:22.167756,SW1,Gi0/1,35.13,55.71,49.64,16.05,0.08,2.43,4,0,UP
2026-10-02 17:02:22.167756,SW1,Gi0/10,38.29,56.82,48.22,10.13,0.19,1.53,2,0,UP
2026-10-02 17:02:22.167756,SW1,Gi0/11,43.52,54.95,46.77,10.5,0.24,2.36,0,0,UP
2026-10-02 17:02:22.167756,SW2,Gi0/2,40.58,49.05,52.63,12.77,0.25,1.76,3,0,UP
2026-10-02 17:02:22.167756,SW2,Gi0/10,44.72,49.68,46.4,8.93,0.19,0.99,1,0,UP
2026-10-02 17:02:22.167756,SW2,Gi0/11,40.32,53.84,37.01,12.75,0.35,1.68,0,0,UP
2026-10-02 17:03:22.167756,R1,Gi0/1,41.45,44.04,38.45,13.85,0.39,1.5,1,0,UP
2026-10-02 17:03:22.167756,R1,Gi0/2,37.8,47.26,60.47,10.94,0.16,2.81,4,0,UP
2026-10-02 17:03:22.167756,SW1,Gi0/1,44.93,45.47,40.76,9.92,0.28,2.61,1,0,UP
2026-10-02 17:03:22.167756,SW1,Gi0/10,38.18,48.4,32.62,10.65,0.28,1.56,3,0,UP
2026-10-02 17:03:22.167756,SW1,Gi0/11,33.46,49.28,40.49,9.56,0.28,2.42,1,0,UP
2026-10-02 17:03:22.167756,SW2,Gi0/2,38.92,50.22,30.48,9.21,0.33,1.47,5,0,UP
2026-10-02 17:03:22.167756,SW2,Gi0/10,33.27,53.29,42.51,11.66,0.39,1.37,4,0,UP
2026-10-02 17:03:22.167756,SW2,Gi0/11,42.77,66.77,36.38,10.75,0.28,1.9,2,0,UP
2026-10-02 17:04:22.167756,R1,Gi0/1,44.79,48.67,37.87,13.45,0.24,1.84,2,0,UP
2026-10-02 17:04:22.167756,R1,Gi0/2,35.43,53.63,42.12,10.46,0.07,2.2,1,0,UP
2026-10-02 17:04:22.167756,SW1,Gi0/1,29.94,43.98,43.13,11.59,0.18,1.81,0,0,UP
2026-10-02 17:04:22.167756,SW1,Gi0/10,35.63,55.92,53.29,13.16,0.25,2.45,0,0,UP
2026-10-02 17:04:22.167756,SW1,Gi0/11,40.16,44.4,36.18,12.74,0.29,1.9,6,0,UP
2026-10-02 17:04:22.167756,SW2,Gi0/2,41.06,46.12,36.31,14.04,0.21,2.34,0,0,UP
2026-10-02 17:04:22.167756,SW2,Gi0/10,41.22,47.44,33.85,11.87,0.31,3.13,3,0,UP
2026-10-02 17:04:22.167756,SW2,Gi0/11,36.45,46.15,52.71,10.01,0.26,2.15,3,0,UP
2026-10-02 17:05:22.167756,R1,Gi0/1,32.16,48.22,33.33,10.82,0.29,2.62,3,0,UP
2026-10-02 17:05:22.167756,R1,Gi0/2,37.15,57.94,40.33,9.73,0.27,2.23,1,0,UP
2026-10-02 17:05:22.167756,SW1,Gi0/1,40.5,52.21,46.63,12.92,0.15,2.26,3,0,UP
2026-10-02 17:05:22.167756,SW1,Gi0/10,37.64,48.77,44.22,9.11,0.14,2.03,0,0,UP
2026-10-02 17:05:22.167756,SW1,Gi0/11,36.9,61.92,35.97,11.23,0.12,1.94,1,0,UP
2026-10-02 17:05:22.167756,SW2,Gi0/2,38.78,46.41,53.44,12.16,0.1,2.42,1,0,UP
2026-10-02 17:05:22.167756,SW2,Gi0/10,32.18,49.98,60.26,8.34,0.07,2.38,1,0,UP
2026-10-02 17:05:22.167756,SW2,Gi0/11,43.06,45.81,46.14,15.49,0.08,2.51,4,0,UP
2026-10-02 17:06:22.167756,R1,Gi0/1,32.55,52.79,45.58,12.18,0.23,1.82,3,0,UP
2026-10-02 17:06:22.167756,R1,Gi0/2,41.21,53.73,32.78,14.58,0.08,2.38,3,0,UP
2026-10-02 17:06:22.167756,SW1,Gi0/1,33.59,52.64,37.44,14.14,0.13,1.25,6,0,UP
2026-10-02 17:06:22.167756,SW1,Gi0/10,40.91,54.34,38.19,8.22,0.37,2.0,3,0,UP
2026-10-02 17:06:22.167756,SW1,Gi0/11,43.28,48.32,46.81,15.19,0.2,2.47,0,0,UP
2026-10-02 17:06:22.167756,SW2,Gi0/2,45.62,42.39,53.08,12.78,0.19,1.95,2,0,UP
2026-10-02 17:06:22.167756,SW2,Gi0/10,35.9,48.97,62.66,14.6,0.11,2.13,3,0,UP
2026-10-02 17:06:22.167756,SW2,Gi0/11,39.29,44.99,48.57,13.69,0.12,2.98,6,0,UP
2026-10-02 17:07:22.167756,R1,Gi0/1,42.74,43.84,48.21,12.56,0.25,2.8,2,0,UP
2026-10-02 17:07:22.167756,R1,Gi0/2,50.24,52.03,42.68,16.8,0.28,1.77,3,0,UP
2026-10-02 17:07:22.167756,SW1,Gi0/1,43.18,49.25,46.07,10.37,0.03,2.05,3,0,UP
2026-10-02 17:07:22.167756,SW1,Gi0/10,42.64,47.12,34.28,10.07,0.31,1.67,2,0,UP
2026-10-02 17:07:22.167756,SW1,Gi0/11,38.44,46.9,39.45,10.26,0.34,2.34,5,0,UP
2026-10-02 17:07:22.167756,SW2,Gi0/2,47.25,38.25,47.75,10.83,0.31,1.63,0,0,UP
2026-10-02 17:07:22.167756,SW2,Gi0/10,32.83,48.49,52.32,12.51,0.08,3.08,4,0,UP
2026-10-02 17:07:22.167756,SW2,Gi0/11,43.89,56.43,31.88,10.18,0.28,1.59,2,0,UP
2026-10-02 17:08:22.167756,R1,Gi0/1,39.61,43.61,42.11,13.83,0.27,2.56,5,0,UP
2026-10-02 17:08:22.167756,R1,Gi0/2,42.03,51.63,47.03,10.75,0.1,1.66,2,0,UP
2026-10-02 17:08:22.167756,SW1,Gi0/1,36.72,52.07,46.62,12.62,0.24,2.6,2,0,UP
2026-10-02 17:08:22.167756,SW1,Gi0/10,45.04,52.58,54.04,15.23,0.26,2.05,3,0,UP
2026-10-02 17:08:22.167756,SW1,Gi0/11,37.65,47.48,52.22,10.07,0.36,1.92,8,0,UP
2026-10-02 17:08:22.167756,SW2,Gi0/2,36.53,51.25,42.19,10.41,0.31,1.45,1,0,UP
2026-10-02 17:08:22.167756,SW2,Gi0/10,42.93,53.72,33.86,13.16,0.21,1.54,1,0,UP
2026-10-02 17:08:22.167756,SW2,Gi0/11,29.83,58.59,53.12,9.42,0.28,1.71,4,0,UP
2026-10-02 17:09:22.167756,R1,Gi0/1,37.52,48.18,42.69,10.69,0.34,2.45,3,0,UP
2026-10-02 17:09:22.167756,R1,Gi0/2,45.12,41.86,35.17,12.95,0.27,2.14,0,0,UP
2026-10-02 17:09:22.167756,SW1,Gi0/1,34.69,52.08,64.41,14.44,0.36,2.17,3,0,UP
2026-10-02 17:09:22.167756,SW1,Gi0/10,34.83,54.76,44.41,13.39,0.2,2.14,2,0,UP
2026-10-02 17:09:22.167756,SW1,Gi0/11,41.12,55.0,34.87,9.01,0.24,2.72,6,0,UP
2026-10-02 17:09:22.167756,SW2,Gi0/2,33.88,47.99,33.17,10.9,0.31,1.99,2,0,UP
2026-10-02 17:09:22.167756,SW2,Gi0/10,42.73,46.02,57.74,12.01,0.16,2.29,4,0,UP
2026-10-02 17:09:22.167756,SW2,Gi0/11,47.98,48.95,53.69,12.2,0.14,1.61,0,0,UP
2026-10-02 17:10:22.167756,R1,Gi0/1,36.29,55.58,50.65,9.52,0.03,1.44,1,0,UP
2026-10-02 17:10:22.167756,R1,Gi0/2,38.48,55.86,40.62,15.36,0.03,1.83,4,0,UP
2026-10-02 17:10:22.167756,SW1,Gi0/1,44.24,48.32,53.01,13.62,0.13,2.16,4,0,UP
2026-10-02 17:10:22.167756,SW1,Gi0/10,36.95,58.47,38.32,12.29,0.08,2.05,0,0,UP
2026-10-02 17:10:22.167756,SW1,Gi0/11,38.53,42.07,51.4,12.71,0.31,1.83,5,0,UP
2026-10-02 17:10:22.167756,SW2,Gi0/2,40.2,50.57,61.91,11.03,0.32,2.24,1,0,UP
2026-10-02 17:10:22.167756,SW2,Gi0/10,33.42,44.83,54.05,15.47,0.21,2.07,4,0,UP
2026-10-02 17:10:22.167756,SW2,Gi0/11,40.37,55.5,47.33,12.27,0.13,1.53,0,0,UP
2026-10-02 17:11:22.167756,R1,Gi0/1,46.17,49.27,41.8,8.1,0.14,1.61,1,0,UP
2026-10-02 17:11:22.167756,R1,Gi0/2,41.66,50.61,34.11,9.4,0.07,2.91,5,0,UP
2026-10-02 17:11:22.167756,SW1,Gi0/1,35.74,40.12,46.02,12.09,0.23,2.37,3,0,UP
2026-10-02 17:11:22.167756,SW1,Gi0/10,34.42,51.47,51.83,10.55,0.23,1.72,6,0,UP
2026-10-02 17:11:22.167756,SW1,Gi0/11,33.37,55.78,31.63,15.59,0.09,2.09,0,0,UP
2026-10-02 17:11:22.167756,SW2,Gi0/2,33.25,54.49,53.23,12.48,0.27,2.52,1,0,UP
2026-10-02 17:11:22.167756,SW2,Gi0/10,33.01,49.93,40.38,12.78,0.25,1.66,4,0,UP
2026-10-02 17:11:22.167756,SW2,Gi0/11,43.27,53.62,41.74,13.56,0.25,2.32,6,0,UP
2026-10-02 17:12:22.167756,R1,Gi0/1,41.64,46.97,36.12,14.26,0.24,2.84,0,0,UP
2026-10-02 17:12:22.167756,R1,Gi0/2,44.55,48.69,42.17,10.47,0.29,2.31,0,0,UP
2026-10-02 17:12:22.167756,SW1,Gi0/1,40.82,53.53,46.42,14.22,0.17,0.87,3,0,UP
2026-10-02 17:12:22.167756,SW1,Gi0/10,40.9,51.56,53.86,8.1,0.18,1.54,0,0,UP
2026-10-02 17:12:22.167756,SW1,Gi0/11,39.64,53.51,47.41,10.62,0.19,2.46,4,0,UP
2026-10-02 17:12:22.167756,SW2,Gi0/2,37.24,46.91,31.27,11.14,0.03,3.03,1,0,UP
2026-10-02 17:12:22.167756,SW2,Gi0/10,45.54,59.09,46.73,11.8,0.07,1.75,6,0,UP
2026-10-02 17:12:22.167756,SW2,Gi0/11,41.76,50.14,55.5,13.39,0.19,2.11,1,0,UP
2026-10-02 17:13:22.167756,R1,Gi0/1,37.19,48.97,49.46,9.51,0.21,1.81,1,0,UP
2026-10-02 17:13:22.167756,R1,Gi0/2,38.08,38.39,38.94,9.8,0.17,0.86,3,0,UP
2026-10-02 17:13:22.167756,SW1,Gi0/1,44.55,49.41,48.99,10.97,0.04,2.0,4,0,UP
2026-10-02 17:13:22.167756,SW1,Gi0/10,33.38,47.67,43.02,17.7,0.22,1.05,0,0,UP
2026-10-02 17:13:22.167756,SW1,Gi0/11,43.65,62.43,42.75,11.32,0.24,1.6,0,0,UP
2026-10-02 17:13:22.167756,SW2,Gi0/2,45.19,46.93,53.4,10.48,0.21,2.43,5,0,UP
2026-10-02 17:13:22.167756,SW2,Gi0/10,41.16,50.92,49.96,12.93,0.07,1.36,0,0,UP
2026-10-02 17:13:22.167756,SW2,Gi0/11,43.83,48.02,51.56,12.81,0.1,1.94,2,0,UP
2026-10-02 17:14:22.167756,R1,Gi0/1,36.95,54.58,65.09,14.23,0.2,2.63,6,0,UP
2026-10-02 17:14:22.167756,R1,Gi0/2,33.04,56.12,51.16,14.38,0.28,1.89,7,0,UP
2026-10-02 17:14:22.167756,SW1,Gi0/1,41.7,47.83,49.05,13.94,0.21,2.2,3,0,UP
2026-10-02 17:14:22.167756,SW1,Gi0/10,36.7,45.89,33.78,15.04,0.18,0.29,3,0,UP
2026-10-02 17:14:22.167756,SW1,Gi0/11,41.88,40.67,38.34,10.25,0.13,2.61,2,0,UP
2026-10-02 17:14:22.167756,SW2,Gi0/2,37.86,55.61,48.96,8.52,0.14,2.16,1,0,UP
2026-10-02 17:14:22.167756,SW2,Gi0/10,50.15,50.56,38.97,9.75,0.29,1.68,3,0,UP
2026-10-02 17:14:22.167756,SW2,Gi0/11,34.24,50.35,39.91,11.37,0.12,2.51,2,0,UP
2026-10-02 17:15:22.167756,R1,Gi0/1,39.28,49.52,57.9,13.78,0.28,1.21,1,0,UP
2026-10-02 17:15:22.167756,R1,Gi0/2,45.94,44.15,45.67,9.87,0.1,2.84,4,0,UP
2026-10-02 17:15:22.167756,SW1,Gi0/1,44.92,53.92,43.89,10.62,0.16,1.9,6,0,UP
2026-10-02 17:15:22.167756,SW1,Gi0/10,33.32,47.23,37.7,14.11,0.39,2.15,3,0,UP
2026-10-02 17:15:22.167756,SW1,Gi0/11,40.46,52.19,51.19,12.85,0.25,2.39,0,0,UP
2026-10-02 17:15:22.167756,SW2,Gi0/2,40.01,51.53,48.33,11.66,0.22,1.64,0,0,UP
2026-10-02 17:15:22.167756,SW2,Gi0/10,44.92,44.33,43.72,10.5,0.36,1.96,2,0,UP
2026-10-02 17:15:22.167756,SW2,Gi0/11,43.74,60.78,48.25,11.25,0.27,1.21,3,0,UP
2026-10-02 17:16:22.167756,R1,Gi0/1,49.97,50.79,45.86,12.04,0.16,2.16,4,0,UP
2026-10-02 17:16:22.167756,R1,Gi0/2,38.34,37.55,48.72,16.27,0.16,1.26,4,0,UP
2026-10-02 17:16:22.167756,SW1,Gi0/1,48.72,52.65,58.8,13.59,0.27,1.74,3,0,UP
2026-10-02 17:16:22.167756,SW1,Gi0/10,39.85,49.68,42.97,12.45,0.07,2.41,1,0,UP
2026-10-02 17:16:22.167756,SW1,Gi0/11,38.75,51.65,37.58,8.07,0.16,1.28,4,0,UP
2026-10-02 17:16:22.167756,SW2,Gi0/2,34.23,57.43,44.95,12.12,0.0,2.07,2,0,UP
2026-10-02 17:16:22.167756,SW2,Gi0/10,33.5,50.44,41.82,11.57,0.2,1.76,3,0,UP
2026-10-02 17:16:22.167756,SW2,Gi0/11,39.57,52.36,40.77,9.87,0.13,2.72,4,0,UP
2026-10-02 17:17:22.167756,R1,Gi0/1,46.07,56.41,41.27,12.59,0.21,2.33,2,0,UP
2026-10-02 17:17:22.167756,R1,Gi0/2,40.46,50.36,49.26,13.31,0.21,2.06,3,0,UP
2026-10-02 17:17:22.167756,SW1,Gi0/1,48.23,41.35,37.24,13.35,0.23,2.13,4,0,UP
2026-10-02 17:17:22.167756,SW1,Gi0/10,41.07,47.2,50.03,12.04,0.16,2.35,4,0,UP
2026-10-02 17:17:22.167756,SW1,Gi0/11,41.07,58.59,55.61,14.0,0.46,1.93,2,0,UP
2026-10-02 17:17:22.167756,SW2,Gi0/2,44.3,48.74,45.1,10.03,0.26,1.26,2,0,UP
2026-10-02 17:17:22.167756,SW2,Gi0/10,39.92,47.82,30.94,8.47,0.13,2.27,3,0,UP
2026-10-02 17:17:22.167756,SW2,Gi0/11,39.92,45.58,47.73,8.4,0.0,1.88,1,0,UP
2026-10-02 17:18:22.167756,R1,Gi0/1,45.07,50.79,58.21,10.9,0.25,1.87,5,0,UP
2026-10-02 17:18:22.167756,R1,Gi0/2,38.98,54.27,36.38,11.17,0.19,2.63,0,0,UP
2026-10-02 17:18:22.167756,SW1,Gi0/1,38.34,48.17,28.38,11.07,0.05,0.83,2,0,UP
2026-10-02 17:18:22.167756,SW1,Gi0/10,38.52,48.78,47.02,10.24,0.38,1.98,5,0,UP
2026-10-02 17:18:22.167756,SW1,Gi0/11,31.6,45.83,50.49,11.55,0.09,1.08,4,0,UP
2026-10-02 17:18:22.167756,SW2,Gi0/2,43.26,51.22,41.03,9.77,0.19,1.34,1,0,UP
2026-10-02 17:18:22.167756,SW2,Gi0/10,46.31,40.75,50.42,14.99,0.28,2.2,2,0,UP
2026-10-02 17:18:22.167756,SW2,Gi0/11,36.77,38.76,45.3,11.2,0.13,1.99,3,0,UP
2026-10-02 17:19:22.167756,R1,Gi0/1,36.82,58.07,50.84,13.79,0.19,2.26,1,0,UP
2026-10-02 17:19:22.167756,R1,Gi0/2,43.33,48.98,36.82,11.95,0.17,3.16,3,0,UP
2026-10-02 17:19:22.167756,SW1,Gi0/1,47.9,55.66,45.3,11.11,0.03,1.56,4,0,UP
2026-10-02 17:19:22.167756,SW1,Gi0/10,38.49,51.88,28.76,12.91,0.31,1.11,3,0,UP
2026-10-02 17:19:22.167756,SW1,Gi0/11,46.72,58.4,40.97,13.56,0.34,2.2,5,0,UP
2026-10-02 17:19:22.167756,SW2,Gi0/2,39.82,51.97,40.03,11.67,0.24,1.65,2,0,UP
2026-10-02 17:19:22.167756,SW2,Gi0/10,43.8,60.26,28.6,15.95,0.17,2.48,5,0,UP
2026-10-02 17:19:22.167756,SW2,Gi0/11,47.82,46.36,43.2,11.89,0.16,2.66,2,0,UP
2026-10-02 17:20:22.167756,R1,Gi0/1,31.91,46.83,32.37,11.54,0.27,1.67,2,0,UP
2026-10-02 17:20:22.167756,R1,Gi0/2,38.63,50.7,49.13,13.61,0.43,2.06,4,0,UP
2026-10-02 17:20:22.167756,SW1,Gi0/1,32.06,48.1,42.84,9.97,0.15,1.95,1,0,UP
2026-10-02 17:20:22.167756,SW1,Gi0/10,53.01,52.56,61.01,14.99,0.14,2.02,2,0,UP
2026-10-02 17:20:22.167756,SW1,Gi0/11,39.19,45.12,41.47,12.72,0.23,2.13,2,0,UP
2026-10-02 17:20:22.167756,SW2,Gi0/2,44.3,48.71,56.13,8.3,0.27,2.24,1,0,UP
2026-10-02 17:20:22.167756,SW2,Gi0/10,38.22,52.32,52.33,8.5,0.26,1.77,5,0,UP
2026-10-02 17:20:22.167756,SW2,Gi0/11,30.8,62.23,37.91,14.86,0.19,1.59,3,0,UP
2026-10-02 17:21:22.167756,R1,Gi0/1,45.15,42.24,50.61,11.98,0.26,2.01,1,0,UP
2026-10-02 17:21:22.167756,R1,Gi0/2,34.43,53.36,50.34,13.32,0.24,2.47,5,0,UP
2026-10-02 17:21:22.167756,SW1,Gi0/1,30.62,38.29,58.74,9.32,0.09,1.86,0,0,UP
2026-10-02 17:21:22.167756,SW1,Gi0/10,38.09,45.26,43.13,12.56,0.17,1.8,3,0,UP
2026-10-02 17:21:22.167756,SW1,Gi0/11,45.22,58.01,43.25,15.65,0.29,1.38,0,0,UP
2026-10-02 17:21:22.167756,SW2,Gi0/2,37.11,57.22,40.99,8.22,0.18,1.01,0,0,UP
2026-10-02 17:21:22.167756,SW2,Gi0/10,37.06,50.75,53.19,13.39,0.08,1.81,3,0,UP
2026-10-02 17:21:22.167756,SW2,Gi0/11,38.69,48.65,31.22,9.69,0.16,0.45,4,0,UP
2026-10-02 17:22:22.167756,R1,Gi0/1,33.14,53.43,49.79,10.91,0.3,2.37,2,0,UP
2026-10-02 17:22:22.167756,R1,Gi0/2,37.89,55.49,46.86,14.09,0.0,2.05,0,0,UP
2026-10-02 17:22:22.167756,SW1,Gi0/1,39.87,53.57,58.91,10.12,0.15,1.95,1,0,UP
2026-10-02 17:22:22.167756,SW1,Gi0/10,44.89,49.65,45.98,13.24,0.19,1.59,2,0,UP
2026-10-02 17:22:22.167756,SW1,Gi0/11,35.72,50.54,52.98,9.65,0.05,2.02,1,0,UP
2026-10-02 17:22:22.167756,SW2,Gi0/2,40.16,51.6,27.85,13.38,0.08,1.99,1,0,UP
2026-10-02 17:22:22.167756,SW2,Gi0/10,37.24,58.47,47.55,13.81,0.22,2.31,3,0,UP
2026-10-02 17:22:22.167756,SW2,Gi0/11,41.27,55.54,46.25,16.57,0.3,1.43,2,0,UP
2026-10-02 17:23:22.167756,R1,Gi0/1,41.99,50.22,50.49,13.59,0.06,2.64,2,0,UP
2026-10-02 17:23:22.167756,R1,Gi0/2,37.02,47.0,51.47,11.47,0.13,1.79,0,0,UP
2026-10-02 17:23:22.167756,SW1,Gi0/1,35.79,43.8,42.85,13.33,0.26,2.63,5,0,UP
2026-10-02 17:23:22.167756,SW1,Gi0/10,37.36,50.1,44.74,7.7,0.08,1.92,2,0,UP
2026-10-02 17:23:22.167756,SW1,Gi0/11,42.56,52.32,30.83,13.04,0.22,2.31,5,0,UP
2026-10-02 17:23:22.167756,SW2,Gi0/2,39.29,56.23,37.88,10.11,0.24,1.82,3,0,UP
2026-10-02 17:23:22.167756,SW2,Gi0/10,49.96,51.97,46.7,10.26,0.03,1.96,5,0,UP
2026-10-02 17:23:22.167756,SW2,Gi0/11,38.39,52.01,56.41,14.8,0.24,2.09,0,0,UP
2026-10-02 17:24:22.167756,R1,Gi0/1,36.85,48.6,38.18,12.5,0.39,2.76,3,0,UP
2026-10-02 17:24:22.167756,R1,Gi0/2,43.9,46.36,56.71,8.88,0.29,2.25,1,0,UP
2026-10-02 17:24:22.167756,SW1,Gi0/1,38.96,44.33,36.27,8.82,0.28,2.6,0,0,UP
2026-10-02 17:24:22.167756,SW1,Gi0/10,49.19,49.94,47.32,9.06,0.33,2.1,5,0,UP
2026-10-02 17:24:22.167756,SW1,Gi0/11,46.1,56.67,39.81,11.58,0.14,2.45,3,0,UP
2026-10-02 17:24:22.167756,SW2,Gi0/2,45.35,55.56,31.18,14.7,0.3,1.82,3,0,UP
2026-10-02 17:24:22.167756,SW2,Gi0/10,39.38,53.08,42.03,12.96,0.21,1.78,3,0,UP
2026-10-02 17:24:22.167756,SW2,Gi0/11,53.53,46.57,43.0,10.66,0.14,2.41,4,0,UP
2026-10-02 17:25:22.167756,R1,Gi0/1,39.97,55.13,51.35,11.68,0.05,2.41,3,0,UP
2026-10-02 17:25:22.167756,R1,Gi0/2,40.11,47.67,50.96,12.7,0.18,1.39,5,0,UP
2026-10-02 17:25:22.167756,SW1,Gi0/1,43.02,51.28,23.75,11.92,0.18,1.69,4,0,UP
2026-10-02 17:25:22.167756,SW1,Gi0/10,43.57,52.18,53.3,9.96,0.15,2.04,1,0,UP
2026-10-02 17:25:22.167756,SW1,Gi0/11,43.64,47.39,55.39,10.14,0.41,3.01,2,0,UP
2026-10-02 17:25:22.167756,SW2,Gi0/2,45.73,48.0,53.11,11.65,0.07,0.23,2,0,UP
2026-10-02 17:25:22.167756,SW2,Gi0/10,41.4,56.65,45.29,14.01,0.15,1.83,5,0,UP
2026-10-02 17:25:22.167756,SW2,Gi0/11,27.68,50.06,41.8,14.72,0.15,2.26,4,0,UP
2026-10-02 17:26:22.167756,R1,Gi0/1,32.54,49.3,41.55,13.89,0.27,1.88,0,0,UP
2026-10-02 17:26:22.167756,R1,Gi0/2,45.19,49.66,32.05,8.94,0.24,1.36,6,0,UP
2026-10-02 17:26:22.167756,SW1,Gi0/1,35.31,50.0,46.27,10.54,0.0,2.1,1,0,UP
2026-10-02 17:26:22.167756,SW1,Gi0/10,40.58,49.39,47.11,15.12,0.15,1.77,0,0,UP
2026-10-02 17:26:22.167756,SW1,Gi0/11,39.02,52.05,41.13,12.83,0.18,1.35,3,0,UP
2026-10-02 17:26:22.167756,SW2,Gi0/2,38.97,50.61,40.46,10.69,0.22,1.88,6,0,UP
2026-10-02 17:26:22.167756,SW2,Gi0/10,43.99,52.73,43.58,7.95,0.12,1.68,2,0,UP
2026-10-02 17:26:22.167756,SW2,Gi0/11,39.83,53.28,47.19,14.32,0.17,2.13,3,0,UP
2026-10-02 17:27:22.167756,R1,Gi0/1,41.23,56.41,51.43,9.36,0.19,1.99,7,0,UP
2026-10-02 17:27:22.167756,R1,Gi0/2,38.35,45.09,48.51,12.99,0.19,1.89,4,0,UP
2026-10-02 17:27:22.167756,SW1,Gi0/1,35.73,48.3,40.82,14.19,0.23,1.47,1,0,UP
2026-10-02 17:27:22.167756,SW1,Gi0/10,49.37,55.42,51.73,12.02,0.35,1.45,4,0,UP
2026-10-02 17:27:22.167756,SW1,Gi0/11,37.78,48.76,50.81,11.71,0.16,1.75,0,0,UP
2026-10-02 17:27:22.167756,SW2,Gi0/2,43.82,44.97,59.87,11.42,0.33,1.1,4,0,UP
2026-10-02 17:27:22.167756,SW2,Gi0/10,44.94,56.52,32.78,10.59,0.26,2.07,3,0,UP
2026-10-02 17:27:22.167756,SW2,Gi0/11,38.2,57.75,65.87,12.21,0.25,2.03,5,0,UP
2026-10-02 17:28:22.167756,R1,Gi0/1,44.15,44.67,40.1,9.98,0.47,2.32,1,0,UP
2026-10-02 17:28:22.167756,R1,Gi0/2,36.62,54.03,52.24,13.6,0.16,2.15,3,0,UP
2026-10-02 17:28:22.167756,SW1,Gi0/1,35.32,45.37,48.3,12.39,0.26,2.4,5,0,UP
2026-10-02 17:28:22.167756,SW1,Gi0/10,36.12,53.15,50.99,11.38,0.21,1.86,7,0,UP
2026-10-02 17:28:22.167756,SW1,Gi0/11,40.52,52.26,42.89,11.04,0.07,2.55,4,0,UP
2026-10-02 17:28:22.167756,SW2,Gi0/2,38.49,45.5,46.44,11.0,0.18,1.37,3,0,UP
2026-10-02 17:28:22.167756,SW2,Gi0/10,41.19,55.47,43.79,11.33,0.04,2.55,4,0,UP
2026-10-02 17:28:22.167756,SW2,Gi0/11,40.14,43.35,35.28,10.91,0.3,2.15,0,0,UP
2026-10-02 17:29:22.167756,R1,Gi0/1,42.02,45.8,40.82,13.94,0.28,2.55,2,0,UP
2026-10-02 17:29:22.167756,R1,Gi0/2,44.42,47.07,42.94,11.35,0.2,1.36,2,0,UP
2026-10-02 17:29:22.167756,SW1,Gi0/1,47.26,44.54,34.37,9.5,0.47,2.23,2,0,UP
2026-10-02 17:29:22.167756,SW1,Gi0/10,40.34,51.14,39.88,10.97,0.18,1.64,2,0,UP
2026-10-02 17:29:22.167756,SW1,Gi0/11,41.77,45.01,65.88,13.51,0.07,0.76,1,0,UP
2026-10-02 17:29:22.167756,SW2,Gi0/2,43.42,52.45,44.11,10.8,0.11,1.8,0,0,UP
2026-10-02 17:29:22.167756,SW2,Gi0/10,38.01,56.65,38.83,13.22,0.28,1.46,1,0,UP
2026-10-02 17:29:22.167756,SW2,Gi0/11,45.34,45.37,44.54,16.08,0.3,2.04,4,0,UP
2026-10-02 17:30:22.167756,R1,Gi0/1,39.72,55.09,28.63,11.72,0.0,2.08,2,0,UP
2026-10-02 17:30:22.167756,R1,Gi0/2,46.8,53.56,40.79,11.19,0.24,1.71,2,0,UP
2026-10-02 17:30:22.167756,SW1,Gi0/1,46.58,45.85,41.42,11.39,0.52,2.3,5,0,UP
2026-10-02 17:30:22.167756,SW1,Gi0/10,43.84,54.18,48.79,12.73,0.05,2.18,2,0,UP
2026-10-02 17:30:22.167756,SW1,Gi0/11,42.73,49.65,51.11,13.88,0.0,1.78,0,0,UP
2026-10-02 17:30:22.167756,SW2,Gi0/2,41.19,48.5,55.85,12.41,0.15,2.47,2,0,UP
2026-10-02 17:30:22.167756,SW2,Gi0/10,37.51,51.97,57.9,13.71,0.26,3.38,1,0,UP
2026-10-02 17:30:22.167756,SW2,Gi0/11,36.23,50.73,57.12,10.12,0.38,1.28,2,0,UP
2026-10-02 17:31:22.167756,R1,Gi0/1,40.87,45.59,40.03,13.59,0.34,0.94,3,0,UP
2026-10-02 17:31:22.167756,R1,Gi0/2,39.43,50.54,42.47,9.42,0.35,2.58,2,0,UP
2026-10-02 17:31:22.167756,SW1,Gi0/1,37.56,46.95,24.31,12.71,0.28,2.07,2,0,UP
2026-10-02 17:31:22.167756,SW1,Gi0/10,40.67,45.73,41.0,11.67,0.27,2.69,2,0,UP
2026-10-02 17:31:22.167756,SW1,Gi0/11,34.78,50.18,61.09,10.08,0.29,2.67,2,0,UP
2026-10-02 17:31:22.167756,SW2,Gi0/2,36.5,52.87,47.83,13.39,0.41,2.08,0,0,UP
2026-10-02 17:31:22.167756,SW2,Gi0/10,40.33,51.21,55.14,11.61,0.16,1.31,4,0,UP
2026-10-02 17:31:22.167756,SW2,Gi0/11,56.74,48.89,48.62,10.9,0.07,2.22,3,0,UP
2026-10-02 17:32:22.167756,R1,Gi0/1,28.07,58.05,48.33,12.15,0.16,2.2,3,0,UP
2026-10-02 17:32:22.167756,R1,Gi0/2,42.01,55.34,55.36,16.01,0.12,1.71,3,0,UP
2026-10-02 17:32:22.167756,SW1,Gi0/1,36.1,46.91,48.8,13.8,0.33,1.9,3,0,UP
2026-10-02 17:32:22.167756,SW1,Gi0/10,41.21,50.09,38.47,10.11,0.27,1.58,0,0,UP
2026-10-02 17:32:22.167756,SW1,Gi0/11,39.84,57.28,22.64,11.42,0.27,1.09,2,0,UP
2026-10-02 17:32:22.167756,SW2,Gi0/2,34.3,44.96,41.78,9.75,0.08,1.97,7,0,UP
2026-10-02 17:32:22.167756,SW2,Gi0/10,43.79,55.05,51.38,10.6,0.23,2.55,4,0,UP
2026-10-02 17:32:22.167756,SW2,Gi0/11,40.97,52.6,64.7,13.68,0.17,1.96,0,0,UP
2026-10-02 17:33:22.167756,R1,Gi0/1,51.74,58.02,45.67,16.36,0.26,1.78,4,0,UP
2026-10-02 17:33:22.167756,R1,Gi0/2,41.99,54.19,34.05,10.38,0.35,2.85,5,0,UP
2026-10-02 17:33:22.167756,SW1,Gi0/1,51.09,52.89,49.06,10.17,0.14,1.01,2,0,UP
2026-10-02 17:33:22.167756,SW1,Gi0/10,29.71,55.4,48.11,7.95,0.18,2.98,2,0,UP
2026-10-02 17:33:22.167756,SW1,Gi0/11,35.01,41.07,30.95,13.07,0.16,1.82,2,0,UP
2026-10-02 17:33:22.167756,SW2,Gi0/2,39.3,43.86,47.53,9.15,0.12,2.51,3,0,UP
2026-10-02 17:33:22.167756,SW2,Gi0/10,43.43,60.75,44.52,12.04,0.17,1.78,0,0,UP
2026-10-02 17:33:22.167756,SW2,Gi0/11,40.42,51.78,48.29,12.13,0.29,2.01,2,0,UP
2026-10-02 17:34:22.167756,R1,Gi0/1,35.37,42.26,56.68,10.6,0.11,1.79,2,0,UP
2026-10-02 17:34:22.167756,R1,Gi0/2,48.19,48.36,66.07,12.13,0.41,2.45,3,0,UP
2026-10-02 17:34:22.167756,SW1,Gi0/1,47.89,55.61,50.08,16.64,0.15,1.5,1,0,UP
2026-10-02 17:34:22.167756,SW1,Gi0/10,48.76,57.25,40.8,7.29,0.18,1.49,2,0,UP
2026-10-02 17:34:22.167756,SW1,Gi0/11,34.73,41.95,60.07,10.63,0.34,1.89,0,0,UP
2026-10-02 17:34:22.167756,SW2,Gi0/2,42.55,48.04,43.34,12.29,0.12,1.19,2,0,UP
2026-10-02 17:34:22.167756,SW2,Gi0/10,44.82,45.49,46.23,15.01,0.19,2.04,3,0,UP
2026-10-02 17:34:22.167756,SW2,Gi0/11,36.59,45.03,37.09,12.74,0.28,2.4,2,0,UP
2026-10-02 17:35:22.167756,R1,Gi0/1,45.47,51.54,45.57,5.32,0.12,1.24,4,0,UP
2026-10-02 17:35:22.167756,R1,Gi0/2,40.48,44.64,47.43,9.15,0.1,1.64,4,0,UP
2026-10-02 17:35:22.167756,SW1,Gi0/1,47.0,47.07,55.58,12.09,0.22,1.97,2,0,UP
2026-10-02 17:35:22.167756,SW1,Gi0/10,42.2,53.7,37.92,11.62,0.37,2.09,3,0,UP
2026-10-02 17:35:22.167756,SW1,Gi0/11,45.84,47.49,44.73,13.63,0.32,0.82,1,0,UP
2026-10-02 17:35:22.167756,SW2,Gi0/2,35.01,49.38,37.62,13.33,0.22,2.44,4,0,UP
2026-10-02 17:35:22.167756,SW2,Gi0/10,43.4,48.32,45.83,11.08,0.06,2.48,2,0,UP
2026-10-02 17:35:22.167756,SW2,Gi0/11,32.49,52.68,43.21,7.88,0.06,1.65,3,0,UP
2026-10-02 17:36:22.167756,R1,Gi0/1,43.94,53.77,49.82,11.93,0.37,2.35,3,0,UP
2026-10-02 17:36:22.167756,R1,Gi0/2,42.83,48.0,44.54,7.84,0.16,2.88,3,0,UP
2026-10-02 17:36:22.167756,SW1,Gi0/1,40.53,54.99,47.86,10.43,0.2,1.43,3,0,UP
2026-10-02 17:36:22.167756,SW1,Gi0/10,35.81,54.64,40.92,10.35,0.19,2.18,0,0,UP
2026-10-02 17:36:22.167756,SW1,Gi0/11,37.39,50.53,55.71,6.94,0.26,1.81,2,0,UP
2026-10-02 17:36:22.167756,SW2,Gi0/2,36.59,48.18,49.97,10.93,0.37,2.31,3,0,UP
2026-10-02 17:36:22.167756,SW2,Gi0/10,39.17,55.95,55.69,9.68,0.13,2.32,4,0,UP
2026-10-02 17:36:22.167756,SW2,Gi0/11,38.5,46.29,45.63,14.95,0.2,1.37,3,0,UP
2026-10-02 17:37:22.167756,R1,Gi0/1,43.91,49.49,55.07,13.73,0.19,2.02,0,0,UP
2026-10-02 17:37:22.167756,R1,Gi0/2,46.05,48.35,41.8,10.9,0.25,1.44,1,0,UP
2026-10-02 17:37:22.167756,SW1,Gi0/1,39.74,46.87,47.68,10.82,0.36,2.35,4,0,UP
2026-10-02 17:37:22.167756,SW1,Gi0/10,36.98,62.03,41.49,10.57,0.27,2.1,1,0,UP
2026-10-02 17:37:22.167756,SW1,Gi0/11,50.98,54.88,45.03,16.8,0.28,1.99,7,0,UP
2026-10-02 17:37:22.167756,SW2,Gi0/2,43.29,53.08,41.91,12.1,0.16,2.72,0,0,UP
2026-10-02 17:37:22.167756,SW2,Gi0/10,46.83,45.61,44.54,11.41,0.15,2.34,2,0,UP
2026-10-02 17:37:22.167756,SW2,Gi0/11,36.66,50.77,39.43,10.92,0.05,1.77,3,0,UP
2026-10-02 17:38:22.167756,R1,Gi0/1,40.19,59.08,65.9,11.07,0.12,2.56,3,0,UP
2026-10-02 17:38:22.167756,R1,Gi0/2,45.68,51.99,43.45,11.62,0.24,1.89,5,0,UP
2026-10-02 17:38:22.167756,SW1,Gi0/1,33.49,56.07,30.01,12.29,0.17,1.24,0,0,UP
2026-10-02 17:38:22.167756,SW1,Gi0/10,34.51,50.23,40.18,9.92,0.34,1.38,4,0,UP
2026-10-02 17:38:22.167756,SW1,Gi0/11,35.56,44.39,40.17,13.24,0.06,2.14,1,0,UP
2026-10-02 17:38:22.167756,SW2,Gi0/2,36.1,52.0,62.39,10.18,0.27,1.84,2,0,UP
2026-10-02 17:38:22.167756,SW2,Gi0/10,45.36,45.78,35.77,12.92,0.36,2.37,0,0,UP
2026-10-02 17:38:22.167756,SW2,Gi0/11,36.92,54.9,57.65,12.46,0.14,2.82,2,0,UP
2026-10-02 17:39:22.167756,R1,Gi0/1,36.97,46.13,35.44,17.67,0.34,1.67,6,0,UP
2026-10-02 17:39:22.167756,R1,Gi0/2,42.67,52.37,39.26,10.97,0.2,1.02,2,0,UP
2026-10-02 17:39:22.167756,SW1,Gi0/1,40.02,56.55,40.07,13.62,0.0,2.58,1,0,UP
2026-10-02 17:39:22.167756,SW1,Gi0/10,40.65,52.03,46.68,11.79,0.08,1.56,4,0,UP
2026-10-02 17:39:22.167756,SW1,Gi0/11,37.01,49.48,33.06,13.72,0.07,2.46,0,0,UP
2026-10-02 17:39:22.167756,SW2,Gi0/2,45.07,50.05,40.53,15.2,0.19,1.82,4,0,UP
2026-10-02 17:39:22.167756,SW2,Gi0/10,32.6,37.36,54.26,10.33,0.29,2.02,0,0,UP
2026-10-02 17:39:22.167756,SW2,Gi0/11,43.04,47.95,36.38,9.9,0.03,2.2,1,0,UP
2026-10-02 17:40:22.167756,R1,Gi0/1,39.83,49.09,37.47,8.95,0.45,1.98,6,0,UP
2026-10-02 17:40:22.167756,R1,Gi0/2,45.82,48.39,46.45,12.3,0.38,2.41,1,0,UP
2026-10-02 17:40:22.167756,SW1,Gi0/1,41.76,54.02,35.6,12.99,0.33,1.57,1,0,UP
2026-10-02 17:40:22.167756,SW1,Gi0/10,45.8,48.23,37.14,13.76,0.26,2.05,5,0,UP
2026-10-02 17:40:22.167756,SW1,Gi0/11,45.98,49.59,60.79,15.17,0.0,1.48,0,0,UP
2026-10-02 17:40:22.167756,SW2,Gi0/2,38.38,43.94,38.49,14.18,0.02,2.06,3,0,UP
2026-10-02 17:40:22.167756,SW2,Gi0/10,39.59,50.65,27.14,10.38,0.35,1.4,6,0,UP
2026-10-02 17:40:22.167756,SW2,Gi0/11,32.97,42.36,37.39,14.26,0.15,2.17,3,0,UP
2026-10-02 17:41:22.167756,R1,Gi0/1,39.73,56.37,51.17,9.71,0.17,2.87,3,0,UP
2026-10-02 17:41:22.167756,R1,Gi0/2,32.46,42.81,52.12,13.4,0.11,2.37,6,0,UP
2026-10-02 17:41:22.167756,SW1,Gi0/1,47.29,58.02,49.44,11.64,0.16,1.99,1,0,UP
2026-10-02 17:41:22.167756,SW1,Gi0/10,38.2,56.38,32.13,8.92,0.28,1.82,0,0,UP
2026-10-02 17:41:22.167756,SW1,Gi0/11,39.69,48.98,41.55,13.37,0.07,2.01,2,0,UP
2026-10-02 17:41:22.167756,SW2,Gi0/2,40.19,41.34,40.82,12.04,0.25,2.92,4,0,UP
2026-10-02 17:41:22.167756,SW2,Gi0/10,42.31,56.36,42.57,15.11,0.31,1.78,6,0,UP
2026-10-02 17:41:22.167756,SW2,Gi0/11,42.23,60.96,47.43,10.88,0.12,1.82,1,0,UP
2026-10-02 17:42:22.167756,R1,Gi0/1,46.36,49.86,32.09,12.43,0.21,1.77,3,0,UP
2026-10-02 17:42:22.167756,R1,Gi0/2,39.78,53.17,49.6,12.73,0.07,3.06,0,0,UP
2026-10-02 17:42:22.167756,SW1,Gi0/1,39.36,44.53,48.17,12.28,0.18,2.76,5,0,UP
2026-10-02 17:42:22.167756,SW1,Gi0/10,38.36,54.02,57.52,14.2,0.19,1.2,3,0,UP
2026-10-02 17:42:22.167756,SW1,Gi0/11,43.34,46.15,45.18,11.83,0.34,2.93,5,0,UP
2026-10-02 17:42:22.167756,SW2,Gi0/2,39.57,55.74,50.19,11.85,0.41,1.63,4,0,UP
2026-10-02 17:42:22.167756,SW2,Gi0/10,44.2,48.56,49.47,13.89,0.22,2.24,3,0,UP
2026-10-02 17:42:22.167756,SW2,Gi0/11,43.99,48.86,42.51,12.04,0.32,1.13,1,0,UP
2026-10-02 17:43:22.167756,R1,Gi0/1,51.38,51.38,41.74,13.59,0.12,0.95,3,0,UP
2026-10-02 17:43:22.167756,R1,Gi0/2,36.35,50.51,47.64,12.28,0.03,2.01,3,0,UP
2026-10-02 17:43:22.167756,SW1,Gi0/1,33.0,42.4,36.45,13.49,0.0,2.41,3,0,UP
2026-10-02 17:43:22.167756,SW1,Gi0/10,38.71,42.6,38.63,13.56,0.33,1.48,5,0,UP
2026-10-02 17:43:22.167756,SW1,Gi0/11,43.43,49.97,39.1,10.84,0.38,2.09,5,0,UP
2026-10-02 17:43:22.167756,SW2,Gi0/2,41.21,47.74,49.67,16.32,0.14,2.46,3,0,UP
2026-10-02 17:43:22.167756,SW2,Gi0/10,32.75,42.64,41.38,12.69,0.29,1.21,4,0,UP
2026-10-02 17:43:22.167756,SW2,Gi0/11,39.41,50.02,49.71,15.49,0.23,1.32,2,0,UP
2026-10-02 17:44:22.167756,R1,Gi0/1,44.26,54.43,50.33,10.98,0.06,2.29,0,0,UP
2026-10-02 17:44:22.167756,R1,Gi0/2,43.47,53.47,41.26,11.78,0.22,1.69,0,0,UP
2026-10-02 17:44:22.167756,SW1,Gi0/1,39.8,50.33,55.89,10.44,0.31,1.43,0,0,UP
2026-10-02 17:44:22.167756,SW1,Gi0/10,38.5,45.3,34.13,15.89,0.15,3.16,1,0,UP
2026-10-02 17:44:22.167756,SW1,Gi0/11,31.46,56.46,39.19,12.28,0.06,1.98,0,0,UP
2026-10-02 17:44:22.167756,SW2,Gi0/2,39.63,47.63,46.84,13.25,0.22,2.23,2,0,UP
2026-10-02 17:44:22.167756,SW2,Gi0/10,37.82,52.35,44.11,11.85,0.24,1.48,5,0,UP
2026-10-02 17:44:22.167756,SW2,Gi0/11,38.75,50.62,44.64,13.31,0.23,1.98,5,0,UP
2026-10-02 17:45:22.167756,R1,Gi0/1,23.98,56.21,52.36,8.33,0.29,2.53,4,0,UP
2026-10-02 17:45:22.167756,R1,Gi0/2,32.2,53.41,53.06,10.86,0.24,1.82,4,0,UP
2026-10-02 17:45:22.167756,SW1,Gi0/1,38.43,47.1,44.69,9.32,0.19,2.18,4,0,UP
2026-10-02 17:45:22.167756,SW1,Gi0/10,41.24,42.84,55.82,14.87,0.21,1.62,1,0,UP
2026-10-02 17:45:22.167756,SW1,Gi0/11,38.98,51.39,42.56,10.28,0.3,2.13,0,0,UP
2026-10-02 17:45:22.167756,SW2,Gi0/2,41.46,50.81,39.26,14.39,0.21,1.89,2,0,UP
2026-10-02 17:45:22.167756,SW2,Gi0/10,42.22,49.64,44.36,14.13,0.06,1.37,4,0,UP
2026-10-02 17:45:22.167756,SW2,Gi0/11,52.08,54.38,59.91,11.13,0.14,2.23,4,0,UP
2026-10-02 17:46:22.167756,R1,Gi0/1,33.44,48.93,44.78,10.64,0.14,2.42,3,0,UP
2026-10-02 17:46:22.167756,R1,Gi0/2,43.99,51.68,38.01,12.85,0.1,1.84,0,0,UP
2026-10-02 17:46:22.167756,SW1,Gi0/1,36.95,50.45,41.34,10.23,0.31,1.94,1,0,UP
2026-10-02 17:46:22.167756,SW1,Gi0/10,34.59,40.64,43.22,9.24,0.27,2.01,6,0,UP
2026-10-02 17:46:22.167756,SW1,Gi0/11,41.12,46.37,29.96,13.61,0.07,1.8,6,0,UP
2026-10-02 17:46:22.167756,SW2,Gi0/2,43.05,51.95,52.55,13.81,0.36,1.7,2,0,UP
2026-10-02 17:46:22.167756,SW2,Gi0/10,35.39,49.84,43.94,8.49,0.13,2.72,3,0,UP
2026-10-02 17:46:22.167756,SW2,Gi0/11,43.58,49.4,29.9,11.74,0.3,1.41,4,0,UP
2026-10-02 17:47:22.167756,R1,Gi0/1,31.49,50.1,49.36,11.38,0.45,1.75,1,0,UP
2026-10-02 17:47:22.167756,R1,Gi0/2,41.02,46.23,33.47,9.8,0.28,1.85,6,0,UP
2026-10-02 17:47:22.167756,SW1,Gi0/1,37.79,53.55,49.09,11.09,0.11,1.13,4,0,UP
2026-10-02 17:47:22.167756,SW1,Gi0/10,45.99,42.05,42.04,10.67,0.26,1.84,5,0,UP
2026-10-02 17:47:22.167756,SW1,Gi0/11,38.08,43.82,41.25,11.28,0.25,1.81,3,0,UP
2026-10-02 17:47:22.167756,SW2,Gi0/2,36.05,48.53,38.72,10.31,0.33,1.64,2,0,UP
2026-10-02 17:47:22.167756,SW2,Gi0/10,45.22,53.75,58.13,12.97,0.14,3.03,4,0,UP
2026-10-02 17:47:22.167756,SW2,Gi0/11,39.23,50.29,46.43,11.53,0.06,2.81,2,0,UP
2026-10-02 17:48:22.167756,R1,Gi0/1,40.92,60.39,39.53,13.31,0.12,2.16,3,0,UP
2026-10-02 17:48:22.167756,R1,Gi0/2,43.95,56.04,40.36,14.83,0.35,1.88,2,0,UP
2026-10-02 17:48:22.167756,SW1,Gi0/1,37.53,48.47,35.37,13.56,0.0,1.65,2,0,UP
2026-10-02 17:48:22.167756,SW1,Gi0/10,46.5,47.27,48.42,11.84,0.29,2.19,4,0,UP
2026-10-02 17:48:22.167756,SW1,Gi0/11,37.25,44.93,47.94,11.02,0.2,2.16,5,0,UP
2026-10-02 17:48:22.167756,SW2,Gi0/2,43.93,46.59,35.84,15.41,0.04,1.77,4,0,UP
2026-10-02 17:48:22.167756,SW2,Gi0/10,48.19,49.05,45.22,10.25,0.21,1.42,1,0,UP
2026-10-02 17:48:22.167756,SW2,Gi0/11,43.82,47.83,52.34,11.69,0.06,2.58,0,0,UP
2026-10-02 17:49:22.167756,R1,Gi0/1,36.99,49.0,53.05,10.95,0.11,2.08,2,0,UP
2026-10-02 17:49:22.167756,R1,Gi0/2,37.66,51.08,35.37,8.56,0.41,2.05,3,0,UP
2026-10-02 17:49:22.167756,SW1,Gi0/1,36.09,54.49,40.73,6.43,0.14,1.86,2,0,UP
2026-10-02 17:49:22.167756,SW1,Gi0/10,39.0,46.78,39.07,11.4,0.04,1.02,3,0,UP
2026-10-02 17:49:22.167756,SW1,Gi0/11,40.57,54.4,42.96,9.61,0.01,1.55,3,0,UP
2026-10-02 17:49:22.167756,SW2,Gi0/2,47.21,50.27,35.29,10.24,0.12,1.8,5,0,UP
2026-10-02 17:49:22.167756,SW2,Gi0/10,45.99,49.14,46.46,10.4,0.03,2.89,0,0,UP
2026-10-02 17:49:22.167756,SW2,Gi0/11,30.82,58.98,45.13,9.75,0.27,2.39,0,0,UP
2026-10-02 17:50:22.167756,R1,Gi0/1,37.34,54.38,38.46,12.56,0.34,0.8,2,0,UP
2026-10-02 17:50:22.167756,R1,Gi0/2,41.31,41.04,40.76,14.09,0.13,1.26,5,0,UP
2026-10-02 17:50:22.167756,SW1,Gi0/1,42.22,49.66,44.21,14.06,0.23,2.32,1,0,UP
2026-10-02 17:50:22.167756,SW1,Gi0/10,30.41,53.11,53.81,11.55,0.29,1.83,2,0,UP
2026-10-02 17:50:22.167756,SW1,Gi0/11,48.76,48.54,42.2,8.26,0.27,1.65,3,0,UP
2026-10-02 17:50:22.167756,SW2,Gi0/2,38.42,47.77,44.06,11.92,0.32,2.76,4,0,UP
2026-10-02 17:50:22.167756,SW2,Gi0/10,46.36,54.27,48.96,14.91,0.07,1.66,1,0,UP
2026-10-02 17:50:22.167756,SW2,Gi0/11,38.49,53.43,36.08,13.01,0.14,1.83,3,0,UP
2026-10-02 17:51:22.167756,R1,Gi0/1,48.41,46.44,44.36,9.84,0.13,1.46,3,0,UP
2026-10-02 17:51:22.167756,R1,Gi0/2,42.13,53.44,38.97,13.02,0.21,1.97,0,0,UP
2026-10-02 17:51:22.167756,SW1,Gi0/1,40.77,50.92,45.81,12.8,0.27,1.45,2,0,UP
2026-10-02 17:51:22.167756,SW1,Gi0/10,42.58,48.66,52.68,12.18,0.0,2.42,2,0,UP
2026-10-02 17:51:22.167756,SW1,Gi0/11,31.15,48.74,34.85,13.51,0.2,1.54,4,0,UP
2026-10-02 17:51:22.167756,SW2,Gi0/2,42.29,48.82,35.04,10.32,0.11,2.37,0,0,UP
2026-10-02 17:51:22.167756,SW2,Gi0/10,39.76,48.75,53.28,12.47,0.25,1.74,0,0,UP
2026-10-02 17:51:22.167756,SW2,Gi0/11,38.37,53.89,51.2,11.14,0.11,1.47,2,0,UP
2026-10-02 17:52:22.167756,R1,Gi0/1,40.68,57.37,45.99,13.23,0.12,2.02,3,0,UP
2026-10-02 17:52:22.167756,R1,Gi0/2,39.3,49.89,46.01,12.96,0.32,0.87,5,0,UP
2026-10-02 17:52:22.167756,SW1,Gi0/1,31.45,51.54,63.85,11.91,0.22,1.84,4,0,UP
2026-10-02 17:52:22.167756,SW1,Gi0/10,41.81,46.62,44.09,9.76,0.19,1.79,3,0,UP
2026-10-02 17:52:22.167756,SW1,Gi0/11,36.45,48.93,45.07,12.16,0.23,1.91,1,0,UP
2026-10-02 17:52:22.167756,SW2,Gi0/2,40.41,49.11,53.2,14.3,0.06,2.31,4,0,UP
2026-10-02 17:52:22.167756,SW2,Gi0/10,33.27,52.9,52.17,10.1,0.18,2.09,4,0,UP
2026-10-02 17:52:22.167756,SW2,Gi0/11,35.06,55.79,28.77,14.65,0.26,1.69,4,0,UP
2026-10-02 17:53:22.167756,R1,Gi0/1,34.76,50.57,46.91,12.47,0.12,1.75,3,0,UP
2026-10-02 17:53:22.167756,R1,Gi0/2,36.37,51.36,40.09,14.0,0.36,1.85,4,0,UP
2026-10-02 17:53:22.167756,SW1,Gi0/1,38.94,45.32,41.59,12.17,0.02,2.31,3,0,UP
2026-10-02 17:53:22.167756,SW1,Gi0/10,45.0,53.04,45.96,11.29,0.35,3.08,2,0,UP
2026-10-02 17:53:22.167756,SW1,Gi0/11,45.21,46.47,40.3,11.23,0.27,1.46,6,0,UP
2026-10-02 17:53:22.167756,SW2,Gi0/2,44.69,53.31,42.65,13.66,0.0,2.22,3,0,UP
2026-10-02 17:53:22.167756,SW2,Gi0/10,30.57,52.03,49.73,8.29,0.08,3.03,2,0,UP
2026-10-02 17:53:22.167756,SW2,Gi0/11,44.88,55.63,48.15,14.03,0.0,1.88,0,0,UP
2026-10-02 17:54:22.167756,R1,Gi0/1,31.27,47.27,39.68,12.08,0.2,2.07,3,0,UP
2026-10-02 17:54:22.167756,R1,Gi0/2,41.66,45.2,39.2,11.93,0.2,1.46,5,0,UP
2026-10-02 17:54:22.167756,SW1,Gi0/1,43.62,45.7,43.33,16.02,0.22,2.2,1,0,UP
2026-10-02 17:54:22.167756,SW1,Gi0/10,38.43,57.56,45.91,11.86,0.2,3.27,3,0,UP
2026-10-02 17:54:22.167756,SW1,Gi0/11,35.85,46.72,51.25,9.14,0.25,1.64,0,0,UP
2026-10-02 17:54:22.167756,SW2,Gi0/2,35.1,50.14,56.16,13.83,0.17,2.49,2,0,UP
2026-10-02 17:54:22.167756,SW2,Gi0/10,32.67,50.11,32.95,13.58,0.28,1.56,3,0,UP
2026-10-02 17:54:22.167756,SW2,Gi0/11,40.68,54.36,35.04,13.2,0.07,2.39,5,0,UP
2026-10-02 17:55:22.167756,R1,Gi0/1,36.65,56.1,32.41,14.2,0.34,2.17,2,0,UP
2026-10-02 17:55:22.167756,R1,Gi0/2,41.56,46.98,66.0,10.83,0.33,1.63,6,0,UP
2026-10-02 17:55:22.167756,SW1,Gi0/1,50.06,51.93,47.29,10.09,0.09,2.15,5,0,UP
2026-10-02 17:55:22.167756,SW1,Gi0/10,37.26,61.04,40.12,12.46,0.22,1.95,0,0,UP
2026-10-02 17:55:22.167756,SW1,Gi0/11,36.9,51.0,44.23,13.27,0.28,1.88,1,0,UP
2026-10-02 17:55:22.167756,SW2,Gi0/2,47.74,43.22,40.24,10.3,0.27,2.66,2,0,UP
2026-10-02 17:55:22.167756,SW2,Gi0/10,41.15,52.14,59.43,8.45,0.27,2.19,2,0,UP
2026-10-02 17:55:22.167756,SW2,Gi0/11,41.63,53.7,49.67,16.32,0.21,2.01,2,0,UP
2026-10-02 17:56:22.167756,R1,Gi0/1,42.76,49.84,45.11,12.04,0.19,1.7,3,0,UP
2026-10-02 17:56:22.167756,R1,Gi0/2,38.57,53.07,45.89,11.23,0.36,1.95,4,0,UP
2026-10-02 17:56:22.167756,SW1,Gi0/1,36.5,39.87,40.46,7.73,0.18,2.73,1,0,UP
2026-10-02 17:56:22.167756,SW1,Gi0/10,29.47,57.5,41.2,11.97,0.28,2.26,4,0,UP
2026-10-02 17:56:22.167756,SW1,Gi0/11,44.5,41.27,33.69,14.34,0.12,1.66,0,0,UP
2026-10-02 17:56:22.167756,SW2,Gi0/2,37.98,48.25,37.5,9.89,0.23,1.6,1,0,UP
2026-10-02 17:56:22.167756,SW2,Gi0/10,29.07,59.69,52.53,11.01,0.11,2.01,2,0,UP
2026-10-02 17:56:22.167756,SW2,Gi0/11,33.62,37.25,40.79,8.87,0.22,2.09,1,0,UP
2026-10-02 17:57:22.167756,R1,Gi0/1,37.33,58.82,51.2,11.1,0.43,1.4,1,0,UP
2026-10-02 17:57:22.167756,R1,Gi0/2,39.45,42.34,59.32,12.37,0.12,2.22,3,0,UP
2026-10-02 17:57:22.167756,SW1,Gi0/1,38.48,43.96,33.51,16.37,0.06,2.85,1,0,UP
2026-10-02 17:57:22.167756,SW1,Gi0/10,43.95,52.33,50.32,13.46,0.04,1.66,0,0,UP
2026-10-02 17:57:22.167756,SW1,Gi0/11,40.95,43.38,29.15,11.53,0.0,2.13,0,0,UP
2026-10-02 17:57:22.167756,SW2,Gi0/2,35.8,38.6,58.2,9.07,0.16,1.1,1,0,UP
2026-10-02 17:57:22.167756,SW2,Gi0/10,48.76,51.49,39.21,11.93,0.14,1.95,4,0,UP
2026-10-02 17:57:22.167756,SW2,Gi0/11,38.34,51.1,46.89,11.35,0.13,1.74,4,0,UP
2026-10-02 17:58:22.167756,R1,Gi0/1,43.91,44.31,42.91,10.49,0.28,1.76,7,0,UP
2026-10-02 17:58:22.167756,R1,Gi0/2,41.09,55.91,36.88,12.02,0.26,1.48,3,0,UP
2026-10-02 17:58:22.167756,SW1,Gi0/1,45.26,48.36,38.19,15.61,0.08,2.08,1,0,UP
2026-10-02 17:58:22.167756,SW1,Gi0/10,35.32,53.71,43.36,12.81,0.0,2.25,1,0,UP
2026-10-02 17:58:22.167756,SW1,Gi0/11,30.61,59.42,49.81,12.45,0.32,2.12,1,0,UP
2026-10-02 17:58:22.167756,SW2,Gi0/2,39.13,46.61,41.0,9.48,0.1,2.45,3,0,UP
2026-10-02 17:58:22.167756,SW2,Gi0/10,37.48,44.86,41.76,8.63,0.21,2.47,7,0,UP
2026-10-02 17:58:22.167756,SW2,Gi0/11,34.48,54.52,39.34,9.74,0.09,2.07,1,0,UP
2026-10-02 17:59:22.167756,R1,Gi0/1,36.97,47.8,39.08,10.37,0.0,2.04,3,0,UP
2026-10-02 17:59:22.167756,R1,Gi0/2,36.01,51.8,56.18,12.05,0.33,3.12,8,0,UP
2026-10-02 17:59:22.167756,SW1,Gi0/1,34.06,44.08,41.44,12.26,0.36,2.31,0,0,UP
2026-10-02 17:59:22.167756,SW1,Gi0/10,36.94,49.79,33.09,12.03,0.08,1.17,1,0,UP
2026-10-02 17:59:22.167756,SW1,Gi0/11,42.06,52.02,45.77,13.98,0.29,2.1,3,0,UP
2026-10-02 17:59:22.167756,SW2,Gi0/2,40.65,49.26,27.61,14.27,0.24,1.39,5,0,UP
2026-10-02 17:59:22.167756,SW2,Gi0/10,37.05,49.46,53.19,12.44,0.33,1.82,6,0,UP
2026-10-02 17:59:22.167756,SW2,Gi0/11,36.11,56.59,26.88,9.8,0.23,1.8,2,0,UP
2026-10-02 18:00:22.167756,R1,Gi0/1,40.21,44.05,36.07,12.46,0.13,2.67,2,0,UP
2026-10-02 18:00:22.167756,R1,Gi0/2,43.59,52.21,40.19,8.04,0.32,1.51,2,0,UP
2026-10-02 18:00:22.167756,SW1,Gi0/1,39.25,49.74,52.7,12.01,0.19,2.51,4,0,UP
2026-10-02 18:00:22.167756,SW1,Gi0/10,36.32,44.26,38.41,11.9,0.08,2.05,2,0,UP
2026-10-02 18:00:22.167756,SW1,Gi0/11,27.29,42.97,21.91,11.31,0.31,1.05,0,0,UP
2026-10-02 18:00:22.167756,SW2,Gi0/2,39.18,44.68,36.45,13.08,0.15,1.26,0,0,UP
2026-10-02 18:00:22.167756,SW2,Gi0/10,51.04,55.64,41.39,12.18,0.15,2.26,1,0,UP
2026-10-02 18:00:22.167756,SW2,Gi0/11,37.28,52.28,56.63,13.48,0.32,1.84,1,0,UP
2026-10-02 18:01:22.167756,R1,Gi0/1,30.31,50.36,48.03,11.4,0.12,2.62,4,0,UP
2026-10-02 18:01:22.167756,R1,Gi0/2,46.56,45.23,39.33,14.41,0.2,1.72,2,0,UP
2026-10-02 18:01:22.167756,SW1,Gi0/1,39.94,55.01,43.72,13.58,0.25,1.56,1,0,UP
2026-10-02 18:01:22.167756,SW1,Gi0/10,37.75,43.32,40.89,15.03,0.2,1.62,6,0,UP
2026-10-02 18:01:22.167756,SW1,Gi0/11,35.35,45.19,54.84,13.32,0.19,2.42,3,0,UP
2026-10-02 18:01:22.167756,SW2,Gi0/2,34.07,38.01,40.46,14.17,0.16,2.23,3,0,UP
2026-10-02 18:01:22.167756,SW2,Gi0/10,31.53,47.97,47.87,10.43,0.16,2.2,3,0,UP
2026-10-02 18:01:22.167756,SW2,Gi0/11,45.23,51.92,37.35,11.04,0.2,2.67,2,0,UP
2026-10-02 18:02:22.167756,R1,Gi0/1,31.34,52.2,38.96,9.43,0.2,2.49,1,0,UP
2026-10-02 18:02:22.167756,R1,Gi0/2,42.48,53.41,51.33,10.54,0.09,1.51,4,0,UP
2026-10-02 18:02:22.167756,SW1,Gi0/1,43.34,45.21,62.06,9.85,0.3,2.76,3,0,UP
2026-10-02 18:02:22.167756,SW1,Gi0/10,36.15,46.26,42.9,14.16,0.08,1.08,3,0,UP
2026-10-02 18:02:22.167756,SW1,Gi0/11,42.91,59.84,33.94,11.73,0.32,2.06,2,0,UP
2026-10-02 18:02:22.167756,SW2,Gi0/2,43.95,47.0,51.81,9.49,0.05,1.86,0,0,UP
2026-10-02 18:02:22.167756,SW2,Gi0/10,40.42,41.34,47.26,12.37,0.19,2.22,3,0,UP
2026-10-02 18:02:22.167756,SW2,Gi0/11,38.53,59.16,48.15,13.54,0.31,2.33,7,0,UP
2026-10-02 18:03:22.167756,R1,Gi0/1,40.83,49.97,39.8,11.49,0.13,2.34,1,0,UP
2026-10-02 18:03:22.167756,R1,Gi0/2,40.37,52.8,46.2,10.21,0.27,1.96,0,0,UP
2026-10-02 18:03:22.167756,SW1,Gi0/1,35.08,57.01,56.87,13.05,0.28,1.61,2,0,UP
2026-10-02 18:03:22.167756,SW1,Gi0/10,46.18,52.13,45.52,11.63,0.32,2.56,4,0,UP
2026-10-02 18:03:22.167756,SW1,Gi0/11,40.33,48.22,50.54,9.8,0.11,1.27,5,0,UP
2026-10-02 18:03:22.167756,SW2,Gi0/2,36.4,52.02,44.0,17.8,0.24,1.07,5,0,UP
2026-10-02 18:03:22.167756,SW2,Gi0/10,38.06,49.0,39.62,12.39,0.22,1.68,1,0,UP
2026-10-02 18:03:22.167756,SW2,Gi0/11,40.51,38.29,33.47,15.34,0.23,1.74,0,0,UP
2026-10-02 18:04:22.167756,R1,Gi0/1,39.72,54.93,66.11,15.78,0.11,1.75,0,0,UP
2026-10-02 18:04:22.167756,R1,Gi0/2,35.79,48.94,42.06,16.11,0.07,1.98,0,0,UP
2026-10-02 18:04:22.167756,SW1,Gi0/1,41.65,43.29,53.82,11.42,0.06,0.95,1,0,UP
2026-10-02 18:04:22.167756,SW1,Gi0/10,41.2,52.11,41.01,13.85,0.09,0.54,3,0,UP
2026-10-02 18:04:22.167756,SW1,Gi0/11,46.45,56.5,34.6,10.91,0.27,1.69,3,0,UP
2026-10-02 18:04:22.167756,SW2,Gi0/2,36.42,44.55,37.83,13.91,0.2,2.64,4,0,UP
2026-10-02 18:04:22.167756,SW2,Gi0/10,48.03,54.09,51.07,11.76,0.5,2.06,0,0,UP
2026-10-02 18:04:22.167756,SW2,Gi0/11,41.34,45.09,53.14,13.45,0.18,1.56,3,0,UP
2026-10-02 18:05:22.167756,R1,Gi0/1,36.79,53.94,49.45,17.87,0.16,1.85,2,0,UP
2026-10-02 18:05:22.167756,R1,Gi0/2,39.45,55.14,42.79,15.94,0.26,1.76,1,0,UP
2026-10-02 18:05:22.167756,SW1,Gi0/1,45.2,50.14,45.07,10.8,0.19,1.68,5,0,UP
2026-10-02 18:05:22.167756,SW1,Gi0/10,43.59,49.13,43.48,12.18,0.2,1.52,0,0,UP
2026-10-02 18:05:22.167756,SW1,Gi0/11,36.01,49.36,39.1,13.64,0.18,2.94,1,0,UP
2026-10-02 18:05:22.167756,SW2,Gi0/2,40.7,48.56,48.52,14.13,0.26,0.98,3,0,UP
2026-10-02 18:05:22.167756,SW2,Gi0/10,34.95,48.45,50.51,9.76,0.32,1.82,7,0,UP
2026-10-02 18:05:22.167756,SW2,Gi0/11,40.34,58.53,54.58,10.78,0.07,2.06,1,0,UP
2026-10-02 18:06:22.167756,R1,Gi0/1,47.9,48.77,42.6,9.21,0.24,1.41,3,0,UP
2026-10-02 18:06:22.167756,R1,Gi0/2,42.9,46.25,52.65,11.45,0.05,2.77,1,0,UP
2026-10-02 18:06:22.167756,SW1,Gi0/1,42.54,52.13,48.11,12.74,0.1,2.85,4,0,UP
2026-10-02 18:06:22.167756,SW1,Gi0/10,42.38,43.34,37.17,13.31,0.0,2.17,0,0,UP
2026-10-02 18:06:22.167756,SW1,Gi0/11,35.66,42.94,46.97,14.23,0.23,2.23,3,0,UP
2026-10-02 18:06:22.167756,SW2,Gi0/2,43.41,52.34,23.28,13.81,0.28,1.82,0,0,UP
2026-10-02 18:06:22.167756,SW2,Gi0/10,41.21,51.63,41.48,12.37,0.31,3.2,3,0,UP
2026-10-02 18:06:22.167756,SW2,Gi0/11,41.67,45.88,40.99,11.73,0.32,2.41,6,0,UP
2026-10-02 18:07:22.167756,R1,Gi0/1,32.55,43.38,53.82,14.9,0.2,0.0,1,0,UP
2026-10-02 18:07:22.167756,R1,Gi0/2,41.68,45.5,46.48,15.8,0.34,2.4,2,0,UP
2026-10-02 18:07:22.167756,SW1,Gi0/1,37.53,53.79,45.2,12.12,0.04,1.64,4,0,UP
2026-10-02 18:07:22.167756,SW1,Gi0/10,34.49,51.33,48.3,12.94,0.26,2.31,1,0,UP
2026-10-02 18:07:22.167756,SW1,Gi0/11,32.66,45.63,50.84,9.6,0.1,1.48,0,0,UP
2026-10-02 18:07:22.167756,SW2,Gi0/2,34.26,55.0,39.27,8.5,0.15,2.26,0,0,UP
2026-10-02 18:07:22.167756,SW2,Gi0/10,44.77,42.8,41.84,11.18,0.14,1.97,4,0,UP
2026-10-02 18:07:22.167756,SW2,Gi0/11,39.8,46.97,48.66,12.41,0.13,2.02,1,0,UP
2026-10-02 18:08:22.167756,R1,Gi0/1,35.67,54.03,48.58,13.54,0.26,1.56,5,0,UP
2026-10-02 18:08:22.167756,R1,Gi0/2,38.51,54.65,44.0,12.63,0.23,2.41,0,0,UP
2026-10-02 18:08:22.167756,SW1,Gi0/1,32.12,53.36,47.85,10.45,0.24,1.3,9,0,UP
2026-10-02 18:08:22.167756,SW1,Gi0/10,46.56,53.11,45.61,10.76,0.07,1.94,1,0,UP
2026-10-02 18:08:22.167756,SW1,Gi0/11,35.99,42.92,47.0,11.25,0.25,2.23,3,0,UP
2026-10-02 18:08:22.167756,SW2,Gi0/2,53.3,54.12,34.92,12.92,0.19,1.33,0,0,UP
2026-10-02 18:08:22.167756,SW2,Gi0/10,42.27,53.49,36.63,13.94,0.23,2.6,5,0,UP
2026-10-02 18:08:22.167756,SW2,Gi0/11,39.21,58.18,36.01,16.78,0.11,1.98,1,0,UP
2026-10-02 18:09:22.167756,R1,Gi0/1,38.12,64.62,41.3,13.7,0.18,2.47,1,0,UP
2026-10-02 18:09:22.167756,R1,Gi0/2,41.28,53.14,39.23,17.52,0.27,1.89,1,0,UP
2026-10-02 18:09:22.167756,SW1,Gi0/1,40.46,43.92,59.26,12.86,0.19,2.52,1,0,UP
2026-10-02 18:09:22.167756,SW1,Gi0/10,34.22,49.35,46.02,13.06,0.05,1.77,0,0,UP
2026-10-02 18:09:22.167756,SW1,Gi0/11,34.09,53.58,52.69,9.72,0.17,2.01,5,0,UP
2026-10-02 18:09:22.167756,SW2,Gi0/2,47.65,50.77,42.92,9.11,0.21,3.04,5,0,UP
2026-10-02 18:09:22.167756,SW2,Gi0/10,40.87,51.52,39.49,11.29,0.21,2.08,5,0,UP
2026-10-02 18:09:22.167756,SW2,Gi0/11,44.81,52.6,37.01,10.08,0.11,2.12,0,0,UP
2026-10-02 18:10:22.167756,R1,Gi0/1,39.97,57.04,50.33,11.3,0.13,2.4,3,0,UP
2026-10-02 18:10:22.167756,R1,Gi0/2,38.77,47.05,45.61,11.39,0.28,2.62,0,0,UP
2026-10-02 18:10:22.167756,SW1,Gi0/1,33.87,56.74,46.33,9.74,0.3,2.17,7,0,UP
2026-10-02 18:10:22.167756,SW1,Gi0/10,38.82,55.54,33.41,14.79,0.29,2.8,5,0,UP
2026-10-02 18:10:22.167756,SW1,Gi0/11,39.5,44.14,40.18,8.48,0.11,2.21,2,0,UP
2026-10-02 18:10:22.167756,SW2,Gi0/2,38.88,46.03,30.82,12.36,0.24,1.5,1,0,UP
2026-10-02 18:10:22.167756,SW2,Gi0/10,47.71,55.8,33.12,11.83,0.35,1.89,2,0,UP
2026-10-02 18:10:22.167756,SW2,Gi0/11,45.46,54.94,52.48,11.48,0.27,2.75,2,0,UP
2026-10-02 18:11:22.167756,R1,Gi0/1,37.98,56.15,61.36,16.23,0.16,1.86,0,0,UP
2026-10-02 18:11:22.167756,R1,Gi0/2,40.59,44.63,40.79,13.4,0.24,1.09,6,0,UP
2026-10-02 18:11:22.167756,SW1,Gi0/1,34.57,45.2,35.09,10.68,0.11,1.56,0,0,UP
2026-10-02 18:11:22.167756,SW1,Gi0/10,40.65,51.16,62.96,12.97,0.15,1.4,2,0,UP
2026-10-02 18:11:22.167756,SW1,Gi0/11,42.24,47.48,45.49,15.79,0.16,1.06,4,0,UP
2026-10-02 18:11:22.167756,SW2,Gi0/2,41.57,41.46,48.42,10.0,0.24,2.95,2,0,UP
2026-10-02 18:11:22.167756,SW2,Gi0/10,45.42,43.86,32.84,16.03,0.23,2.32,5,0,UP
2026-10-02 18:11:22.167756,SW2,Gi0/11,37.36,54.13,50.39,9.41,0.35,2.65,0,0,UP
2026-10-02 18:12:22.167756,R1,Gi0/1,41.0,48.84,56.35,9.18,0.56,1.91,4,0,UP
2026-10-02 18:12:22.167756,R1,Gi0/2,46.94,49.02,44.08,10.99,0.11,2.14,2,0,UP
2026-10-02 18:12:22.167756,SW1,Gi0/1,37.45,47.75,49.61,10.4,0.18,2.45,3,0,UP
2026-10-02 18:12:22.167756,SW1,Gi0/10,34.75,49.88,48.5,13.98,0.12,1.72,1,0,UP
2026-10-02 18:12:22.167756,SW1,Gi0/11,36.77,52.03,49.76,14.1,0.19,1.3,4,0,UP
2026-10-02 18:12:22.167756,SW2,Gi0/2,40.8,50.3,34.73,11.61,0.08,2.24,2,0,UP
2026-10-02 18:12:22.167756,SW2,Gi0/10,37.4,42.31,53.22,11.48,0.21,1.63,0,0,UP
2026-10-02 18:12:22.167756,SW2,Gi0/11,37.34,48.14,47.34,11.29,0.13,1.25,3,0,UP
2026-10-02 18:13:22.167756,R1,Gi0/1,36.02,56.6,46.2,13.12,0.18,2.1,1,0,UP
2026-10-02 18:13:22.167756,R1,Gi0/2,34.11,50.08,49.56,8.11,0.15,2.92,3,0,UP
2026-10-02 18:13:22.167756,SW1,Gi0/1,47.69,46.83,41.34,13.93,0.26,1.95,0,0,UP
2026-10-02 18:13:22.167756,SW1,Gi0/10,45.78,62.55,32.43,14.81,0.15,1.83,3,0,UP
2026-10-02 18:13:22.167756,SW1,Gi0/11,33.97,49.81,32.11,12.95,0.42,1.68,2,0,UP
2026-10-02 18:13:22.167756,SW2,Gi0/2,39.4,54.93,48.24,13.84,0.15,2.22,0,0,UP
2026-10-02 18:13:22.167756,SW2,Gi0/10,43.34,43.91,42.38,13.49,0.05,2.54,2,0,UP
2026-10-02 18:13:22.167756,SW2,Gi0/11,47.27,45.49,30.5,11.94,0.26,2.34,0,0,UP
2026-10-02 18:14:22.167756,R1,Gi0/1,31.88,48.44,49.13,12.93,0.36,1.81,0,0,UP
2026-10-02 18:14:22.167756,R1,Gi0/2,45.98,50.98,47.26,13.53,0.33,1.99,5,0,UP
2026-10-02 18:14:22.167756,SW1,Gi0/1,42.76,46.72,43.13,13.23,0.13,2.44,3,0,UP
2026-10-02 18:14:22.167756,SW1,Gi0/10,41.91,57.2,47.85,12.14,0.19,1.93,3,0,UP
2026-10-02 18:14:22.167756,SW1,Gi0/11,46.82,46.94,39.5,14.57,0.14,2.11,1,0,UP
2026-10-02 18:14:22.167756,SW2,Gi0/2,31.6,50.99,53.92,11.88,0.05,2.05,1,0,UP
2026-10-02 18:14:22.167756,SW2,Gi0/10,26.9,49.6,49.14,14.36,0.38,2.33,4,0,UP
2026-10-02 18:14:22.167756,SW2,Gi0/11,33.58,58.11,55.14,11.27,0.27,2.29,5,0,UP
2026-10-02 18:15:22.167756,R1,Gi0/1,39.24,46.27,41.08,13.79,0.01,0.5,4,0,UP
2026-10-02 18:15:22.167756,R1,Gi0/2,41.37,50.09,34.56,8.58,0.14,2.18,1,0,UP
2026-10-02 18:15:22.167756,SW1,Gi0/1,44.5,45.23,40.85,13.41,0.16,1.84,1,0,UP
2026-10-02 18:15:22.167756,SW1,Gi0/10,35.86,51.77,48.87,12.45,0.14,1.9,6,0,UP
2026-10-02 18:15:22.167756,SW1,Gi0/11,32.89,59.43,45.8,11.64,0.3,0.97,5,0,UP
2026-10-02 18:15:22.167756,SW2,Gi0/2,49.29,55.44,28.18,13.53,0.36,2.77,0,0,UP
2026-10-02 18:15:22.167756,SW2,Gi0/10,45.08,58.98,45.24,9.09,0.28,2.53,2,0,UP
2026-10-02 18:15:22.167756,SW2,Gi0/11,34.05,54.91,38.85,12.79,0.36,1.17,4,0,UP
2026-10-02 18:16:22.167756,R1,Gi0/1,38.97,49.1,49.11,10.46,0.08,1.11,5,0,UP
2026-10-02 18:16:22.167756,R1,Gi0/2,38.14,52.85,41.12,9.68,0.27,2.16,2,0,UP
2026-10-02 18:16:22.167756,SW1,Gi0/1,41.51,45.2,53.48,14.58,0.28,1.81,3,0,UP
2026-10-02 18:16:22.167756,SW1,Gi0/10,47.84,56.41,60.95,10.44,0.11,2.07,3,0,UP
2026-10-02 18:16:22.167756,SW1,Gi0/11,39.29,48.05,55.14,11.82,0.08,1.45,3,0,UP
2026-10-02 18:16:22.167756,SW2,Gi0/2,55.01,45.12,42.48,16.81,0.15,2.23,6,0,UP
2026-10-02 18:16:22.167756,SW2,Gi0/10,35.24,48.45,41.13,8.96,0.36,1.71,1,0,UP
2026-10-02 18:16:22.167756,SW2,Gi0/11,37.78,54.64,45.9,10.42,0.24,2.41,2,0,UP
2026-10-02 18:17:22.167756,R1,Gi0/1,38.83,55.08,43.57,15.22,0.12,1.61,1,0,UP
2026-10-02 18:17:22.167756,R1,Gi0/2,38.81,50.01,34.39,12.19,0.26,1.27,1,0,UP
2026-10-02 18:17:22.167756,SW1,Gi0/1,42.84,44.55,42.47,14.18,0.38,2.22,2,0,UP
2026-10-02 18:17:22.167756,SW1,Gi0/10,37.49,54.55,54.07,9.69,0.29,1.7,1,0,UP
2026-10-02 18:17:22.167756,SW1,Gi0/11,39.23,54.96,47.48,12.56,0.24,2.23,2,0,UP
2026-10-02 18:17:22.167756,SW2,Gi0/2,43.16,46.7,50.21,13.71,0.27,2.38,3,0,UP
2026-10-02 18:17:22.167756,SW2,Gi0/10,45.87,38.64,51.83,15.95,0.14,1.63,5,0,UP
2026-10-02 18:17:22.167756,SW2,Gi0/11,35.37,46.67,46.36,10.4,0.29,1.6,3,0,UP
2026-10-02 18:18:22.167756,R1,Gi0/1,41.42,58.32,54.32,10.94,0.07,2.42,1,0,UP
2026-10-02 18:18:22.167756,R1,Gi0/2,38.32,44.7,50.43,10.71,0.2,1.99,3,0,UP
2026-10-02 18:18:22.167756,SW1,Gi0/1,43.31,48.79,39.07,8.28,0.21,1.92,1,0,UP
2026-10-02 18:18:22.167756,SW1,Gi0/10,40.31,54.28,53.9,8.93,0.16,2.48,6,0,UP
2026-10-02 18:18:22.167756,SW1,Gi0/11,35.91,56.89,34.2,14.3,0.17,2.78,2,0,UP
2026-10-02 18:18:22.167756,SW2,Gi0/2,38.45,49.33,32.7,8.48,0.25,2.49,4,0,UP
2026-10-02 18:18:22.167756,SW2,Gi0/10,33.73,52.4,37.08,12.82,0.31,2.18,5,0,UP
2026-10-02 18:18:22.167756,SW2,Gi0/11,39.25,48.92,45.54,9.31,0.16,1.84,2,0,UP
2026-10-02 18:19:22.167756,R1,Gi0/1,41.34,42.6,35.84,14.26,0.0,2.31,2,0,UP
2026-10-02 18:19:22.167756,R1,Gi0/2,40.8,57.79,43.95,13.25,0.21,1.95,2,0,UP
2026-10-02 18:19:22.167756,SW1,Gi0/1,43.51,46.34,35.94,12.15,0.22,1.09,2,0,UP
2026-10-02 18:19:22.167756,SW1,Gi0/10,33.87,53.13,30.57,15.85,0.17,1.57,2,0,UP
2026-10-02 18:19:22.167756,SW1,Gi0/11,42.78,54.45,42.81,9.12,0.08,2.14,4,0,UP
2026-10-02 18:19:22.167756,SW2,Gi0/2,45.59,50.84,52.74,15.82,0.32,2.46,1,0,UP
2026-10-02 18:19:22.167756,SW2,Gi0/10,44.81,52.31,50.21,14.52,0.24,1.95,0,0,UP
2026-10-02 18:19:22.167756,SW2,Gi0/11,38.52,51.06,47.22,12.49,0.3,2.43,2,0,UP
2026-10-02 18:20:22.167756,R1,Gi0/1,35.76,51.92,62.97,12.64,0.17,2.27,4,0,UP
2026-10-02 18:20:22.167756,R1,Gi0/2,42.92,56.86,48.09,14.65,0.22,2.76,5,0,UP
2026-10-02 18:20:22.167756,SW1,Gi0/1,44.61,53.95,63.41,14.15,0.12,2.12,2,0,UP
2026-10-02 18:20:22.167756,SW1,Gi0/10,50.32,56.26,61.26,10.48,0.31,1.32,0,0,UP
2026-10-02 18:20:22.167756,SW1,Gi0/11,38.02,57.56,37.06,11.97,0.32,2.42,7,0,UP
2026-10-02 18:20:22.167756,SW2,Gi0/2,40.02,47.79,36.24,11.26,0.09,1.1,6,0,UP
2026-10-02 18:20:22.167756,SW2,Gi0/10,40.24,62.96,38.29,11.14,0.12,1.68,4,0,UP
2026-10-02 18:20:22.167756,SW2,Gi0/11,42.83,54.38,55.74,14.21,0.1,1.74,3,0,UP
2026-10-02 18:21:22.167756,R1,Gi0/1,58.64,53.86,45.85,13.35,0.14,2.13,4,0,UP
2026-10-02 18:21:22.167756,R1,Gi0/2,39.86,46.22,44.38,11.36,0.06,1.71,0,0,UP
2026-10-02 18:21:22.167756,SW1,Gi0/1,33.82,44.3,52.63,14.98,0.05,2.79,0,0,UP
2026-10-02 18:21:22.167756,SW1,Gi0/10,43.73,51.29,50.09,9.67,0.02,1.6,3,0,UP
2026-10-02 18:21:22.167756,SW1,Gi0/11,49.78,44.85,44.21,10.5,0.2,1.03,5,0,UP
2026-10-02 18:21:22.167756,SW2,Gi0/2,40.12,54.59,43.14,12.38,0.31,2.07,3,0,UP
2026-10-02 18:21:22.167756,SW2,Gi0/10,36.03,47.33,36.9,10.52,0.33,2.9,0,0,UP
2026-10-02 18:21:22.167756,SW2,Gi0/11,41.98,48.41,56.18,12.27,0.2,1.63,0,0,UP
2026-10-02 18:22:22.167756,R1,Gi0/1,43.8,51.76,48.02,10.8,0.19,2.4,4,0,UP
2026-10-02 18:22:22.167756,R1,Gi0/2,34.11,46.83,33.88,12.4,0.29,1.86,1,0,UP
2026-10-02 18:22:22.167756,SW1,Gi0/1,38.32,61.53,54.54,13.46,0.23,1.99,1,0,UP
2026-10-02 18:22:22.167756,SW1,Gi0/10,34.69,47.16,37.37,10.78,0.19,1.99,1,0,UP
2026-10-02 18:22:22.167756,SW1,Gi0/11,42.48,49.05,46.72,10.51,0.27,1.73,6,0,UP
2026-10-02 18:22:22.167756,SW2,Gi0/2,38.88,49.53,49.75,13.62,0.29,2.89,4,0,UP
2026-10-02 18:22:22.167756,SW2,Gi0/10,39.67,47.35,43.93,14.97,0.06,1.59,2,0,UP
2026-10-02 18:22:22.167756,SW2,Gi0/11,35.84,47.96,59.45,11.4,0.24,1.17,0,0,UP
2026-10-02 18:23:22.167756,R1,Gi0/1,44.66,58.34,46.77,11.39,0.25,0.7,3,0,UP
2026-10-02 18:23:22.167756,R1,Gi0/2,34.77,53.97,27.46,10.74,0.2,1.62,2,0,UP
2026-10-02 18:23:22.167756,SW1,Gi0/1,44.52,49.88,37.56,13.88,0.23,2.15,1,0,UP
2026-10-02 18:23:22.167756,SW1,Gi0/10,27.26,45.47,36.94,10.77,0.12,2.06,4,0,UP
2026-10-02 18:23:22.167756,SW1,Gi0/11,45.38,54.19,37.82,12.12,0.36,1.21,5,0,UP
2026-10-02 18:23:22.167756,SW2,Gi0/2,35.02,51.47,48.3,12.38,0.42,1.85,0,0,UP
2026-10-02 18:23:22.167756,SW2,Gi0/10,41.78,49.15,49.44,13.76,0.2,2.22,3,0,UP
2026-10-02 18:23:22.167756,SW2,Gi0/11,48.96,48.15,39.5,13.76,0.11,2.2,2,0,UP
2026-10-02 18:24:22.167756,R1,Gi0/1,39.49,62.19,54.87,14.04,0.25,1.65,3,0,UP
2026-10-02 18:24:22.167756,R1,Gi0/2,42.92,50.99,45.76,11.21,0.23,1.74,4,0,UP
2026-10-02 18:24:22.167756,SW1,Gi0/1,29.92,56.79,34.51,9.87,0.24,2.27,7,0,UP
2026-10-02 18:24:22.167756,SW1,Gi0/10,41.48,49.8,46.53,15.18,0.44,1.91,4,0,UP
2026-10-02 18:24:22.167756,SW1,Gi0/11,39.63,49.53,60.03,10.15,0.0,2.16,5,0,UP
2026-10-02 18:24:22.167756,SW2,Gi0/2,41.1,52.51,51.02,12.22,0.26,2.27,0,0,UP
2026-10-02 18:24:22.167756,SW2,Gi0/10,40.57,42.14,44.69,11.01,0.3,2.12,3,0,UP
2026-10-02 18:24:22.167756,SW2,Gi0/11,39.04,55.26,32.22,10.21,0.33,1.78,0,0,UP
2026-10-02 18:25:22.167756,R1,Gi0/1,47.26,55.38,50.69,12.19,0.37,2.63,6,0,UP
2026-10-02 18:25:22.167756,R1,Gi0/2,43.48,50.61,41.81,9.46,0.25,2.29,2,0,UP
2026-10-02 18:25:22.167756,SW1,Gi0/1,43.07,48.34,51.94,10.24,0.09,1.88,4,0,UP
2026-10-02 18:25:22.167756,SW1,Gi0/10,34.21,55.25,31.86,11.51,0.06,0.7,3,0,UP
2026-10-02 18:25:22.167756,SW1,Gi0/11,39.11,43.01,40.87,12.88,0.16,1.9,2,0,UP
2026-10-02 18:25:22.167756,SW2,Gi0/2,37.09,47.02,40.0,10.49,0.1,1.81,1,0,UP
2026-10-02 18:25:22.167756,SW2,Gi0/10,34.64,53.83,54.86,12.0,0.21,1.65,5,0,UP
2026-10-02 18:25:22.167756,SW2,Gi0/11,48.69,49.18,40.83,12.68,0.21,1.75,3,0,UP
2026-10-02 18:26:22.167756,R1,Gi0/1,44.69,46.07,65.34,8.93,0.11,2.12,7,0,UP
2026-10-02 18:26:22.167756,R1,Gi0/2,37.19,44.67,49.39,11.5,0.27,1.96,1,0,UP
2026-10-02 18:26:22.167756,SW1,Gi0/1,51.74,35.23,59.56,13.87,0.13,2.94,0,0,UP
2026-10-02 18:26:22.167756,SW1,Gi0/10,45.04,39.59,35.83,9.7,0.12,2.01,1,0,UP
2026-10-02 18:26:22.167756,SW1,Gi0/11,29.82,52.32,45.39,12.82,0.22,2.48,2,0,UP
2026-10-02 18:26:22.167756,SW2,Gi0/2,45.06,46.12,39.25,14.75,0.34,2.29,1,0,UP
2026-10-02 18:26:22.167756,SW2,Gi0/10,35.15,56.64,55.18,11.87,0.43,2.23,0,0,UP
2026-10-02 18:26:22.167756,SW2,Gi0/11,38.62,50.03,45.69,14.5,0.1,1.33,4,0,UP
2026-10-02 18:27:22.167756,R1,Gi0/1,37.47,62.12,52.55,10.95,0.32,2.37,4,0,UP
2026-10-02 18:27:22.167756,R1,Gi0/2,39.39,52.1,28.18,14.63,0.0,1.78,0,0,UP
2026-10-02 18:27:22.167756,SW1,Gi0/1,37.5,49.63,35.43,6.45,0.22,3.04,2,0,UP
2026-10-02 18:27:22.167756,SW1,Gi0/10,44.8,57.52,29.8,11.09,0.07,1.6,6,0,UP
2026-10-02 18:27:22.167756,SW1,Gi0/11,41.12,53.94,44.65,9.58,0.27,2.63,3,0,UP
2026-10-02 18:27:22.167756,SW2,Gi0/2,42.45,43.83,50.65,14.69,0.24,1.1,6,0,UP
2026-10-02 18:27:22.167756,SW2,Gi0/10,35.28,51.94,52.62,14.16,0.02,2.06,3,0,UP
2026-10-02 18:27:22.167756,SW2,Gi0/11,47.2,52.29,56.58,13.08,0.19,2.1,6,0,UP
2026-10-02 18:28:22.167756,R1,Gi0/1,33.52,54.53,39.98,10.32,0.3,1.56,3,0,UP
2026-10-02 18:28:22.167756,R1,Gi0/2,37.56,38.22,48.82,12.25,0.01,1.65,0,0,UP
2026-10-02 18:28:22.167756,SW1,Gi0/1,43.66,56.94,51.8,13.98,0.15,2.27,2,0,UP
2026-10-02 18:28:22.167756,SW1,Gi0/10,40.93,54.79,54.4,11.22,0.06,1.91,2,0,UP
2026-10-02 18:28:22.167756,SW1,Gi0/11,41.42,54.16,29.68,10.66,0.1,2.63,2,0,UP
2026-10-02 18:28:22.167756,SW2,Gi0/2,37.44,52.69,40.26,11.97,0.38,2.89,2,0,UP
2026-10-02 18:28:22.167756,SW2,Gi0/10,39.09,46.9,29.59,14.07,0.44,1.78,1,0,UP
2026-10-02 18:28:22.167756,SW2,Gi0/11,38.64,50.43,35.92,11.08,0.3,2.06,5,0,UP
2026-10-02 18:29:22.167756,R1,Gi0/1,41.82,44.56,40.39,12.5,0.09,1.37,0,0,UP
2026-10-02 18:29:22.167756,R1,Gi0/2,42.58,48.17,54.46,10.21,0.0,1.93,6,0,UP
2026-10-02 18:29:22.167756,SW1,Gi0/1,40.17,43.14,32.01,14.4,0.12,2.77,4,0,UP
2026-10-02 18:29:22.167756,SW1,Gi0/10,36.15,55.84,37.61,9.11,0.11,2.38,5,0,UP
2026-10-02 18:29:22.167756,SW1,Gi0/11,38.02,40.66,32.55,9.86,0.07,2.13,6,0,UP
2026-10-02 18:29:22.167756,SW2,Gi0/2,43.98,44.36,39.44,11.0,0.24,2.79,2,0,UP
2026-10-02 18:29:22.167756,SW2,Gi0/10,47.69,60.52,42.2,11.25,0.16,2.03,2,0,UP
2026-10-02 18:29:22.167756,SW2,Gi0/11,44.42,42.26,40.72,12.66,0.29,3.1,0,0,UP
2026-10-02 18:30:22.167756,R1,Gi0/1,36.74,38.67,36.12,8.46,0.15,1.89,3,0,UP
2026-10-02 18:30:22.167756,R1,Gi0/2,38.51,52.35,45.91,9.93,0.03,2.29,6,0,UP
2026-10-02 18:30:22.167756,SW1,Gi0/1,52.68,54.68,56.66,12.92,0.23,2.06,2,0,UP
2026-10-02 18:30:22.167756,SW1,Gi0/10,43.04,47.4,43.82,9.64,0.25,1.52,3,0,UP
2026-10-02 18:30:22.167756,SW1,Gi0/11,42.5,52.93,51.17,11.57,0.25,1.76,0,0,UP
2026-10-02 18:30:22.167756,SW2,Gi0/2,42.65,51.49,53.11,11.95,0.04,1.95,4,0,UP
2026-10-02 18:30:22.167756,SW2,Gi0/10,42.38,49.27,31.69,9.95,0.25,1.17,2,0,UP
2026-10-02 18:30:22.167756,SW2,Gi0/11,40.19,55.75,49.92,13.93,0.23,1.58,1,0,UP
2026-10-02 18:31:22.167756,R1,Gi0/1,35.34,52.95,39.45,11.21,0.2,2.82,4,0,UP
2026-10-02 18:31:22.167756,R1,Gi0/2,36.14,50.76,58.21,13.23,0.04,1.54,1,0,UP
2026-10-02 18:31:22.167756,SW1,Gi0/1,47.2,56.28,40.0,10.71,0.2,2.04,1,0,UP
2026-10-02 18:31:22.167756,SW1,Gi0/10,38.75,42.73,55.18,8.48,0.02,2.22,0,0,UP
2026-10-02 18:31:22.167756,SW1,Gi0/11,37.5,50.32,50.4,11.56,0.38,2.0,5,0,UP
2026-10-02 18:31:22.167756,SW2,Gi0/2,41.39,60.66,53.47,12.09,0.26,1.87,2,0,UP
2026-10-02 18:31:22.167756,SW2,Gi0/10,33.48,45.96,61.49,9.59,0.13,1.95,2,0,UP
2026-10-02 18:31:22.167756,SW2,Gi0/11,41.92,47.65,48.56,14.28,0.33,1.87,4,0,UP
2026-10-02 18:32:22.167756,R1,Gi0/1,34.27,46.39,35.61,11.91,0.11,1.24,2,0,UP
2026-10-02 18:32:22.167756,R1,Gi0/2,31.36,56.64,40.54,13.97,0.15,1.4,5,0,UP
2026-10-02 18:32:22.167756,SW1,Gi0/1,40.44,59.43,41.27,11.11,0.3,2.51,3,0,UP
2026-10-02 18:32:22.167756,SW1,Gi0/10,56.68,48.6,34.84,9.99,0.17,2.76,2,0,UP
2026-10-02 18:32:22.167756,SW1,Gi0/11,47.83,52.17,53.67,12.77,0.24,2.38,1,0,UP
2026-10-02 18:32:22.167756,SW2,Gi0/2,37.22,51.75,60.53,8.92,0.0,1.87,5,0,UP
2026-10-02 18:32:22.167756,SW2,Gi0/10,40.26,44.15,45.63,8.53,0.26,1.85,2,0,UP
2026-10-02 18:32:22.167756,SW2,Gi0/11,42.14,51.03,40.67,14.07,0.28,1.11,2,0,UP
2026-10-02 18:33:22.167756,R1,Gi0/1,34.6,43.66,49.28,11.16,0.19,1.67,3,0,UP
2026-10-02 18:33:22.167756,R1,Gi0/2,43.39,60.85,43.55,9.1,0.15,2.42,1,0,UP
2026-10-02 18:33:22.167756,SW1,Gi0/1,32.59,46.24,40.73,9.83,0.22,1.96,4,0,UP
2026-10-02 18:33:22.167756,SW1,Gi0/10,37.77,52.79,41.06,9.74,0.15,1.19,6,0,UP
2026-10-02 18:33:22.167756,SW1,Gi0/11,40.71,46.02,41.98,7.1,0.34,2.67,3,0,UP
2026-10-02 18:33:22.167756,SW2,Gi0/2,41.6,43.66,35.44,8.61,0.18,2.53,2,0,UP
2026-10-02 18:33:22.167756,SW2,Gi0/10,41.74,54.89,32.01,15.69,0.32,2.26,4,0,UP
2026-10-02 18:33:22.167756,SW2,Gi0/11,44.86,51.46,56.43,11.09,0.25,2.66,0,0,UP
2026-10-02 18:34:22.167756,R1,Gi0/1,42.19,53.62,31.33,12.56,0.12,2.2,2,0,UP
2026-10-02 18:34:22.167756,R1,Gi0/2,35.27,55.55,41.65,12.54,0.33,1.54,3,0,UP
2026-10-02 18:34:22.167756,SW1,Gi0/1,37.52,48.64,62.25,12.91,0.23,2.26,3,0,UP
2026-10-02 18:34:22.167756,SW1,Gi0/10,30.87,61.48,33.29,15.47,0.26,2.09,2,0,UP
2026-10-02 18:34:22.167756,SW1,Gi0/11,53.03,53.02,45.14,10.93,0.13,2.03,1,0,UP
2026-10-02 18:34:22.167756,SW2,Gi0/2,43.4,46.77,53.04,13.97,0.19,2.29,4,0,UP
2026-10-02 18:34:22.167756,SW2,Gi0/10,32.69,58.66,42.95,13.39,0.27,0.76,1,0,UP
2026-10-02 18:34:22.167756,SW2,Gi0/11,44.2,50.31,50.51,12.18,0.32,2.06,5,0,UP
2026-10-02 18:35:22.167756,R1,Gi0/1,35.1,49.36,40.25,12.78,0.17,1.89,1,0,UP
2026-10-02 18:35:22.167756,R1,Gi0/2,37.7,49.95,28.83,7.4,0.21,0.62,2,0,UP
2026-10-02 18:35:22.167756,SW1,Gi0/1,38.11,52.71,39.62,15.14,0.28,1.24,2,0,UP
2026-10-02 18:35:22.167756,SW1,Gi0/10,47.64,46.51,44.58,14.81,0.15,2.56,1,0,UP
2026-10-02 18:35:22.167756,SW1,Gi0/11,25.56,56.14,48.51,13.01,0.09,1.49,5,0,UP
2026-10-02 18:35:22.167756,SW2,Gi0/2,41.22,49.41,46.77,15.02,0.27,1.76,0,0,UP
2026-10-02 18:35:22.167756,SW2,Gi0/10,42.94,45.38,35.54,14.63,0.29,2.19,0,0,UP
2026-10-02 18:35:22.167756,SW2,Gi0/11,48.95,55.14,42.57,10.97,0.21,1.76,7,0,UP
2026-10-02 18:36:22.167756,R1,Gi0/1,38.07,44.66,57.71,10.86,0.28,2.34,2,0,UP
2026-10-02 18:36:22.167756,R1,Gi0/2,35.14,49.76,35.64,11.95,0.28,2.86,0,0,UP
2026-10-02 18:36:22.167756,SW1,Gi0/1,38.75,47.38,47.19,8.96,0.11,1.15,0,0,UP
2026-10-02 18:36:22.167756,SW1,Gi0/10,36.7,58.35,47.78,12.13,0.33,2.19,3,0,UP
2026-10-02 18:36:22.167756,SW1,Gi0/11,37.63,46.81,34.51,10.8,0.17,2.17,2,0,UP
2026-10-02 18:36:22.167756,SW2,Gi0/2,38.17,45.44,48.19,11.0,0.24,1.04,3,0,UP
2026-10-02 18:36:22.167756,SW2,Gi0/10,43.73,53.1,43.43,13.83,0.07,1.96,2,0,UP
2026-10-02 18:36:22.167756,SW2,Gi0/11,45.18,39.9,36.53,15.49,0.0,2.41,1,0,UP
2026-10-02 18:37:22.167756,R1,Gi0/1,41.27,57.07,47.35,14.87,0.15,1.82,4,0,UP
2026-10-02 18:37:22.167756,R1,Gi0/2,37.8,52.99,54.47,13.74,0.04,1.83,3,0,UP
2026-10-02 18:37:22.167756,SW1,Gi0/1,38.78,50.4,47.36,10.95,0.18,1.41,2,0,UP
2026-10-02 18:37:22.167756,SW1,Gi0/10,32.37,50.58,43.45,10.17,0.38,1.88,3,0,UP
2026-10-02 18:37:22.167756,SW1,Gi0/11,36.81,47.93,47.6,11.34,0.2,2.4,1,0,UP
2026-10-02 18:37:22.167756,SW2,Gi0/2,33.34,42.37,56.51,13.86,0.27,1.78,0,0,UP
2026-10-02 18:37:22.167756,SW2,Gi0/10,38.59,49.53,35.95,9.06,0.03,2.33,0,0,UP
2026-10-02 18:37:22.167756,SW2,Gi0/11,41.55,48.01,49.72,12.67,0.18,2.07,2,0,UP
2026-10-02 18:38:22.167756,R1,Gi0/1,36.92,54.9,41.62,11.83,0.06,2.14,1,0,UP
2026-10-02 18:38:22.167756,R1,Gi0/2,37.62,45.8,44.01,7.99,0.27,1.98,2,0,UP
2026-10-02 18:38:22.167756,SW1,Gi0/1,32.26,52.17,39.93,14.61,0.25,2.77,3,0,UP
2026-10-02 18:38:22.167756,SW1,Gi0/10,45.39,52.31,41.39,12.37,0.12,3.03,2,0,UP
2026-10-02 18:38:22.167756,SW1,Gi0/11,40.13,51.95,36.3,14.64,0.1,1.37,2,0,UP
2026-10-02 18:38:22.167756,SW2,Gi0/2,33.6,57.81,43.15,5.56,0.22,2.28,2,0,UP
2026-10-02 18:38:22.167756,SW2,Gi0/10,33.22,49.48,41.15,10.05,0.09,2.08,4,0,UP
2026-10-02 18:38:22.167756,SW2,Gi0/11,42.31,41.36,49.92,13.54,0.34,1.53,2,0,UP
2026-10-02 18:39:22.167756,R1,Gi0/1,42.84,47.36,49.42,11.95,0.12,1.62,5,0,UP
2026-10-02 18:39:22.167756,R1,Gi0/2,35.02,44.16,47.76,11.94,0.07,1.74,1,0,UP
2026-10-02 18:39:22.167756,SW1,Gi0/1,36.79,62.62,42.58,10.24,0.4,2.44,4,0,UP
2026-10-02 18:39:22.167756,SW1,Gi0/10,35.83,55.96,51.53,12.29,0.03,1.99,6,0,UP
2026-10-02 18:39:22.167756,SW1,Gi0/11,41.1,48.12,43.17,11.68,0.12,1.98,5,0,UP
2026-10-02 18:39:22.167756,SW2,Gi0/2,46.65,46.23,55.21,13.52,0.26,2.22,1,0,UP
2026-10-02 18:39:22.167756,SW2,Gi0/10,37.97,54.16,35.35,9.92,0.23,1.61,4,0,UP
2026-10-02 18:39:22.167756,SW2,Gi0/11,36.23,51.22,47.62,11.04,0.18,1.66,2,0,UP
2026-10-02 18:40:22.167756,R1,Gi0/1,35.19,48.88,50.99,9.73,0.15,2.26,0,0,UP
2026-10-02 18:40:22.167756,R1,Gi0/2,49.28,55.23,32.69,7.79,0.2,1.44,4,0,UP
2026-10-02 18:40:22.167756,SW1,Gi0/1,41.97,50.62,40.44,15.2,0.28,2.3,5,0,UP
2026-10-02 18:40:22.167756,SW1,Gi0/10,34.91,56.42,42.88,12.67,0.18,1.06,4,0,UP
2026-10-02 18:40:22.167756,SW1,Gi0/11,30.88,45.17,41.38,8.09,0.09,2.12,2,0,UP
2026-10-02 18:40:22.167756,SW2,Gi0/2,38.68,45.42,45.37,11.35,0.04,1.9,0,0,UP
2026-10-02 18:40:22.167756,SW2,Gi0/10,44.49,48.04,65.17,13.93,0.19,2.29,0,0,UP
2026-10-02 18:40:22.167756,SW2,Gi0/11,44.81,45.9,45.72,10.54,0.14,1.91,3,0,UP
2026-10-02 18:41:22.167756,R1,Gi0/1,39.87,49.99,31.99,16.66,0.22,2.22,2,0,UP
2026-10-02 18:41:22.167756,R1,Gi0/2,35.63,50.76,47.31,14.6,0.41,2.74,0,0,UP
2026-10-02 18:41:22.167756,SW1,Gi0/1,37.7,51.68,41.8,11.91,0.0,2.46,0,0,UP
2026-10-02 18:41:22.167756,SW1,Gi0/10,32.14,44.93,44.22,8.75,0.09,2.57,2,0,UP
2026-10-02 18:41:22.167756,SW1,Gi0/11,42.17,43.82,44.57,11.73,0.12,1.97,0,0,UP
2026-10-02 18:41:22.167756,SW2,Gi0/2,42.19,48.0,42.94,13.7,0.24,1.84,0,0,UP
2026-10-02 18:41:22.167756,SW2,Gi0/10,46.64,43.3,50.03,8.81,0.29,2.51,0,0,UP
2026-10-02 18:41:22.167756,SW2,Gi0/11,42.25,51.83,50.62,12.73,0.1,1.89,6,0,UP
2026-10-02 18:42:22.167756,R1,Gi0/1,34.46,51.61,54.21,10.02,0.06,1.37,3,0,UP
2026-10-02 18:42:22.167756,R1,Gi0/2,33.63,49.32,55.97,11.9,0.12,2.06,2,0,UP
2026-10-02 18:42:22.167756,SW1,Gi0/1,42.26,58.1,48.17,16.07,0.25,1.62,7,0,UP
2026-10-02 18:42:22.167756,SW1,Gi0/10,39.38,44.73,63.59,10.53,0.12,1.72,3,0,UP
2026-10-02 18:42:22.167756,SW1,Gi0/11,44.65,36.76,52.41,10.89,0.16,2.86,3,0,UP
2026-10-02 18:42:22.167756,SW2,Gi0/2,42.24,49.76,51.11,15.24,0.0,2.54,6,0,UP
2026-10-02 18:42:22.167756,SW2,Gi0/10,42.51,46.61,35.78,16.72,0.11,2.76,3,0,UP
2026-10-02 18:42:22.167756,SW2,Gi0/11,50.23,48.41,32.14,12.0,0.05,3.34,4,0,UP
2026-10-02 18:43:22.167756,R1,Gi0/1,43.89,53.89,39.45,11.74,0.21,2.97,0,0,UP
2026-10-02 18:43:22.167756,R1,Gi0/2,36.36,48.19,39.61,9.08,0.0,1.09,5,0,UP
2026-10-02 18:43:22.167756,SW1,Gi0/1,39.96,54.18,40.34,11.8,0.36,2.78,4,0,UP
2026-10-02 18:43:22.167756,SW1,Gi0/10,41.01,52.59,47.97,11.67,0.16,2.56,0,0,UP
2026-10-02 18:43:22.167756,SW1,Gi0/11,47.44,48.62,34.49,10.91,0.11,1.71,1,0,UP
2026-10-02 18:43:22.167756,SW2,Gi0/2,36.83,48.46,44.48,13.53,0.18,2.16,3,0,UP
2026-10-02 18:43:22.167756,SW2,Gi0/10,42.7,50.23,39.83,10.16,0.22,2.64,2,0,UP
2026-10-02 18:43:22.167756,SW2,Gi0/11,36.5,48.72,40.51,10.67,0.06,1.88,3,0,UP
2026-10-02 18:44:22.167756,R1,Gi0/1,34.59,45.61,37.42,9.23,0.1,1.9,0,0,UP
2026-10-02 18:44:22.167756,R1,Gi0/2,39.31,46.48,37.57,12.75,0.14,1.76,5,0,UP
2026-10-02 18:44:22.167756,SW1,Gi0/1,35.4,57.83,42.22,9.73,0.14,2.03,5,0,UP
2026-10-02 18:44:22.167756,SW1,Gi0/10,43.99,50.32,55.08,8.24,0.22,2.15,3,0,UP
2026-10-02 18:44:22.167756,SW1,Gi0/11,31.95,44.92,43.67,14.23,0.39,1.67,0,0,UP
2026-10-02 18:44:22.167756,SW2,Gi0/2,44.08,63.07,53.86,10.5,0.49,2.34,1,0,UP
2026-10-02 18:44:22.167756,SW2,Gi0/10,49.67,45.65,40.03,13.45,0.2,2.02,3,0,UP
2026-10-02 18:44:22.167756,SW2,Gi0/11,45.57,38.38,47.28,11.42,0.12,1.62,0,0,UP
2026-10-02 18:45:22.167756,R1,Gi0/1,36.01,56.45,51.66,11.62,0.06,2.41,5,0,UP
2026-10-02 18:45:22.167756,R1,Gi0/2,45.17,45.16,38.08,15.31,0.08,2.24,0,0,UP
2026-10-02 18:45:22.167756,SW1,Gi0/1,38.5,52.93,44.76,13.05,0.08,1.59,3,0,UP
2026-10-02 18:45:22.167756,SW1,Gi0/10,43.48,51.1,52.58,8.69,0.15,2.91,5,0,UP
2026-10-02 18:45:22.167756,SW1,Gi0/11,43.17,49.22,53.28,12.86,0.05,2.5,1,0,UP
2026-10-02 18:45:22.167756,SW2,Gi0/2,43.8,41.92,57.79,11.45,0.09,1.66,2,0,UP
2026-10-02 18:45:22.167756,SW2,Gi0/10,39.97,56.59,45.56,7.66,0.08,3.38,3,0,UP
2026-10-02 18:45:22.167756,SW2,Gi0/11,44.75,48.46,36.96,11.04,0.21,1.77,6,0,UP
2026-10-02 18:46:22.167756,R1,Gi0/1,36.92,44.73,51.47,13.86,0.2,1.7,0,0,UP
2026-10-02 18:46:22.167756,R1,Gi0/2,46.1,54.34,41.48,12.12,0.18,2.81,0,0,UP
2026-10-02 18:46:22.167756,SW1,Gi0/1,36.9,46.42,47.48,12.11,0.22,1.56,5,0,UP
2026-10-02 18:46:22.167756,SW1,Gi0/10,37.73,55.94,70.11,10.25,0.23,1.93,7,0,UP
2026-10-02 18:46:22.167756,SW1,Gi0/11,38.6,51.24,46.81,11.8,0.28,2.05,3,0,UP
2026-10-02 18:46:22.167756,SW2,Gi0/2,41.07,46.98,42.85,13.11,0.26,2.62,6,0,UP
2026-10-02 18:46:22.167756,SW2,Gi0/10,37.39,50.67,43.45,9.79,0.26,2.39,0,0,UP
2026-10-02 18:46:22.167756,SW2,Gi0/11,38.13,47.64,32.93,11.93,0.09,2.08,3,0,UP
2026-10-02 18:47:22.167756,R1,Gi0/1,41.97,52.21,57.25,10.38,0.12,2.33,2,0,UP
2026-10-02 18:47:22.167756,R1,Gi0/2,45.63,52.81,60.34,11.82,0.05,2.17,2,0,UP
2026-10-02 18:47:22.167756,SW1,Gi0/1,42.67,53.31,40.72,9.98,0.19,0.81,3,0,UP
2026-10-02 18:47:22.167756,SW1,Gi0/10,37.96,54.31,29.11,12.01,0.36,2.34,4,0,UP
2026-10-02 18:47:22.167756,SW1,Gi0/11,41.7,41.69,46.33,12.82,0.09,1.94,0,0,UP
2026-10-02 18:47:22.167756,SW2,Gi0/2,38.33,47.82,56.22,10.79,0.17,1.96,1,0,UP
2026-10-02 18:47:22.167756,SW2,Gi0/10,43.6,40.04,54.09,11.98,0.33,0.63,0,0,UP
2026-10-02 18:47:22.167756,SW2,Gi0/11,38.54,52.53,40.56,13.17,0.3,2.33,3,0,UP
2026-10-02 18:48:22.167756,R1,Gi0/1,40.48,46.93,44.56,9.95,0.12,2.26,2,0,UP
2026-10-02 18:48:22.167756,R1,Gi0/2,36.31,52.25,48.04,11.57,0.19,2.21,4,0,UP
2026-10-02 18:48:22.167756,SW1,Gi0/1,41.01,44.04,43.23,11.19,0.09,2.25,4,0,UP
2026-10-02 18:48:22.167756,SW1,Gi0/10,43.63,45.05,46.26,11.99,0.23,2.06,2,0,UP
2026-10-02 18:48:22.167756,SW1,Gi0/11,39.34,55.53,38.11,11.65,0.31,1.59,1,0,UP
2026-10-02 18:48:22.167756,SW2,Gi0/2,43.67,42.88,50.29,11.02,0.24,1.39,5,0,UP
2026-10-02 18:48:22.167756,SW2,Gi0/10,33.91,53.62,35.6,15.62,0.19,2.98,1,0,UP
2026-10-02 18:48:22.167756,SW2,Gi0/11,37.79,56.05,33.59,10.6,0.25,1.49,4,0,UP
2026-10-02 18:49:22.167756,R1,Gi0/1,40.85,42.43,52.74,9.48,0.28,2.06,2,0,UP
2026-10-02 18:49:22.167756,R1,Gi0/2,34.47,51.65,38.02,14.42,0.32,2.82,3,0,UP
2026-10-02 18:49:22.167756,SW1,Gi0/1,37.98,48.52,42.04,12.5,0.24,2.62,3,0,UP
2026-10-02 18:49:22.167756,SW1,Gi0/10,32.98,47.96,57.45,8.89,0.27,1.8,1,0,UP
2026-10-02 18:49:22.167756,SW1,Gi0/11,41.98,57.8,47.72,11.47,0.07,1.95,0,0,UP
2026-10-02 18:49:22.167756,SW2,Gi0/2,38.45,49.68,26.12,14.78,0.08,1.91,4,0,UP
2026-10-02 18:49:22.167756,SW2,Gi0/10,46.54,46.04,24.93,14.16,0.08,2.18,3,0,UP
2026-10-02 18:49:22.167756,SW2,Gi0/11,23.74,41.93,41.31,6.83,0.07,2.06,2,0,UP
2026-10-02 18:50:22.167756,R1,Gi0/1,41.51,52.25,31.55,9.43,0.28,2.76,1,0,UP
2026-10-02 18:50:22.167756,R1,Gi0/2,41.29,54.04,46.9,11.5,0.14,2.99,3,0,UP
2026-10-02 18:50:22.167756,SW1,Gi0/1,41.94,51.62,38.5,12.1,0.17,1.83,3,0,UP
2026-10-02 18:50:22.167756,SW1,Gi0/10,35.42,43.98,49.02,10.94,0.17,1.04,4,0,UP
2026-10-02 18:50:22.167756,SW1,Gi0/11,42.62,53.54,48.1,8.97,0.22,1.7,1,0,UP
2026-10-02 18:50:22.167756,SW2,Gi0/2,42.5,58.29,56.95,13.24,0.2,1.89,1,0,UP
2026-10-02 18:50:22.167756,SW2,Gi0/10,38.65,54.54,59.59,10.37,0.0,1.73,4,0,UP
2026-10-02 18:50:22.167756,SW2,Gi0/11,50.36,56.55,55.28,10.3,0.12,1.34,1,0,UP
2026-10-02 18:51:22.167756,R1,Gi0/1,44.57,58.12,47.76,11.49,0.09,1.94,3,0,UP
2026-10-02 18:51:22.167756,R1,Gi0/2,32.68,54.61,41.61,13.72,0.2,2.15,1,0,UP
2026-10-02 18:51:22.167756,SW1,Gi0/1,38.28,53.21,43.95,9.79,0.21,2.19,5,0,UP
2026-10-02 18:51:22.167756,SW1,Gi0/10,45.76,49.68,40.62,11.54,0.15,2.25,5,0,UP
2026-10-02 18:51:22.167756,SW1,Gi0/11,46.2,47.94,40.9,11.16,0.01,1.4,2,0,UP
2026-10-02 18:51:22.167756,SW2,Gi0/2,41.9,52.46,38.76,11.02,0.17,1.81,4,0,UP
2026-10-02 18:51:22.167756,SW2,Gi0/10,33.46,44.25,42.61,9.27,0.01,1.25,2,0,UP
2026-10-02 18:51:22.167756,SW2,Gi0/11,43.15,53.26,57.7,12.2,0.22,1.87,2,0,UP
2026-10-02 18:52:22.167756,R1,Gi0/1,50.4,51.31,47.79,9.71,0.24,2.33,5,0,UP
2026-10-02 18:52:22.167756,R1,Gi0/2,43.15,49.37,43.64,11.86,0.21,2.63,5,0,UP
2026-10-02 18:52:22.167756,SW1,Gi0/1,43.76,60.15,23.75,11.08,0.2,1.66,1,0,UP
2026-10-02 18:52:22.167756,SW1,Gi0/10,31.41,48.44,52.15,13.55,0.12,2.11,5,0,UP
2026-10-02 18:52:22.167756,SW1,Gi0/11,32.4,49.21,47.29,12.02,0.29,1.25,0,0,UP
2026-10-02 18:52:22.167756,SW2,Gi0/2,43.41,41.49,51.49,12.9,0.27,1.77,4,0,UP
2026-10-02 18:52:22.167756,SW2,Gi0/10,34.14,47.93,45.29,10.2,0.22,1.43,3,0,UP
2026-10-02 18:52:22.167756,SW2,Gi0/11,48.71,43.72,44.82,8.76,0.12,2.35,2,0,UP
2026-10-02 18:53:22.167756,R1,Gi0/1,43.71,51.78,44.48,9.94,0.27,2.15,0,0,UP
2026-10-02 18:53:22.167756,R1,Gi0/2,35.18,36.15,34.07,11.37,0.09,1.58,5,0,UP
2026-10-02 18:53:22.167756,SW1,Gi0/1,45.14,46.53,51.35,14.43,0.26,2.15,5,0,UP
2026-10-02 18:53:22.167756,SW1,Gi0/10,43.85,43.93,43.49,10.9,0.32,1.71,1,0,UP
2026-10-02 18:53:22.167756,SW1,Gi0/11,45.13,51.3,61.89,10.28,0.15,2.56,0,0,UP
2026-10-02 18:53:22.167756,SW2,Gi0/2,46.6,43.96,49.88,8.31,0.2,1.32,6,0,UP
2026-10-02 18:53:22.167756,SW2,Gi0/10,34.64,45.86,49.28,10.8,0.27,1.64,1,0,UP
2026-10-02 18:53:22.167756,SW2,Gi0/11,39.86,43.92,48.17,13.75,0.26,2.32,0,0,UP
2026-10-02 18:54:22.167756,R1,Gi0/1,37.69,48.86,56.64,10.84,0.0,1.5,1,0,UP
2026-10-02 18:54:22.167756,R1,Gi0/2,29.22,54.84,32.44,12.89,0.09,2.75,2,0,UP
2026-10-02 18:54:22.167756,SW1,Gi0/1,37.6,52.64,36.94,13.15,0.15,1.7,2,0,UP
2026-10-02 18:54:22.167756,SW1,Gi0/10,34.55,49.05,47.72,7.38,0.31,2.41,0,0,UP
2026-10-02 18:54:22.167756,SW1,Gi0/11,29.95,54.21,51.12,13.25,0.06,2.91,1,0,UP
2026-10-02 18:54:22.167756,SW2,Gi0/2,41.2,51.26,57.74,12.25,0.24,1.96,0,0,UP
2026-10-02 18:54:22.167756,SW2,Gi0/10,28.41,50.16,33.7,12.7,0.21,2.06,0,0,UP
2026-10-02 18:54:22.167756,SW2,Gi0/11,45.18,52.37,35.55,16.14,0.18,1.33,1,0,UP
2026-10-02 18:55:22.167756,R1,Gi0/1,32.46,56.8,53.64,13.48,0.26,2.62,2,0,UP
2026-10-02 18:55:22.167756,R1,Gi0/2,42.11,45.94,43.77,12.9,0.0,1.69,3,0,UP
2026-10-02 18:55:22.167756,SW1,Gi0/1,39.61,47.74,49.71,10.58,0.08,2.59,5,0,UP
2026-10-02 18:55:22.167756,SW1,Gi0/10,37.0,49.66,51.77,12.09,0.25,2.24,2,0,UP
2026-10-02 18:55:22.167756,SW1,Gi0/11,42.58,45.18,48.15,11.85,0.16,1.38,3,0,UP
2026-10-02 18:55:22.167756,SW2,Gi0/2,40.19,45.8,32.23,8.71,0.17,2.15,6,0,UP
2026-10-02 18:55:22.167756,SW2,Gi0/10,39.77,41.87,43.34,14.5,0.13,2.56,3,0,UP
2026-10-02 18:55:22.167756,SW2,Gi0/11,43.23,59.29,30.3,13.79,0.19,1.53,2,0,UP
2026-10-02 18:56:22.167756,R1,Gi0/1,48.45,56.67,28.99,10.46,0.29,1.99,2,0,UP
2026-10-02 18:56:22.167756,R1,Gi0/2,32.16,46.27,34.13,8.69,0.07,1.54,1,0,UP
2026-10-02 18:56:22.167756,SW1,Gi0/1,35.79,55.1,37.74,14.85,0.15,2.22,3,0,UP
2026-10-02 18:56:22.167756,SW1,Gi0/10,35.51,48.36,40.98,12.74,0.19,1.63,3,0,UP
2026-10-02 18:56:22.167756,SW1,Gi0/11,41.7,59.25,45.55,12.02,0.24,1.53,0,0,UP
2026-10-02 18:56:22.167756,SW2,Gi0/2,38.44,55.36,54.87,8.24,0.27,0.91,3,0,UP
2026-10-02 18:56:22.167756,SW2,Gi0/10,42.0,41.38,53.0,15.49,0.19,2.07,5,0,UP
2026-10-02 18:56:22.167756,SW2,Gi0/11,34.37,44.49,38.28,12.07,0.2,1.72,2,0,UP
2026-10-02 18:57:22.167756,R1,Gi0/1,37.3,47.54,38.85,10.48,0.0,1.89,0,0,UP
2026-10-02 18:57:22.167756,R1,Gi0/2,43.75,47.2,44.04,11.25,0.18,2.63,0,0,UP
2026-10-02 18:57:22.167756,SW1,Gi0/1,31.88,50.6,41.03,12.72,0.27,1.45,4,0,UP
2026-10-02 18:57:22.167756,SW1,Gi0/10,34.89,50.37,35.1,12.26,0.2,1.45,0,0,UP
2026-10-02 18:57:22.167756,SW1,Gi0/11,43.75,47.73,53.1,10.91,0.33,1.53,5,0,UP
2026-10-02 18:57:22.167756,SW2,Gi0/2,40.87,52.0,36.97,13.46,0.28,1.84,0,0,UP
2026-10-02 18:57:22.167756,SW2,Gi0/10,34.43,44.43,48.59,11.07,0.16,1.72,5,0,UP
2026-10-02 18:57:22.167756,SW2,Gi0/11,40.23,50.99,40.04,11.94,0.1,2.17,0,0,UP
2026-10-02 18:58:22.167756,R1,Gi0/1,43.72,46.33,52.59,15.81,0.2,2.66,4,0,UP
2026-10-02 18:58:22.167756,R1,Gi0/2,32.84,50.55,49.01,13.2,0.22,2.08,3,0,UP
2026-10-02 18:58:22.167756,SW1,Gi0/1,40.67,43.88,43.11,9.09,0.15,1.7,1,0,UP
2026-10-02 18:58:22.167756,SW1,Gi0/10,34.74,51.35,42.46,11.16,0.06,1.85,5,0,UP
2026-10-02 18:58:22.167756,SW1,Gi0/11,45.8,51.87,42.64,13.12,0.13,1.85,1,0,UP
2026-10-02 18:58:22.167756,SW2,Gi0/2,44.54,53.9,44.72,15.46,0.24,2.18,3,0,UP
2026-10-02 18:58:22.167756,SW2,Gi0/10,33.69,45.53,44.56,11.91,0.26,1.67,3,0,UP
2026-10-02 18:58:22.167756,SW2,Gi0/11,40.44,50.64,45.13,9.19,0.0,1.53,1,0,UP
2026-10-02 18:59:22.167756,R1,Gi0/1,34.11,49.72,53.72,13.45,0.25,2.49,1,0,UP
2026-10-02 18:59:22.167756,R1,Gi0/2,37.72,53.07,41.2,11.16,0.39,2.05,6,0,UP
2026-10-02 18:59:22.167756,SW1,Gi0/1,30.88,46.85,48.27,12.19,0.0,1.89,7,0,UP
2026-10-02 18:59:22.167756,SW1,Gi0/10,41.23,53.02,39.85,12.49,0.2,2.56,5,0,UP
2026-10-02 18:59:22.167756,SW1,Gi0/11,42.04,50.35,31.57,8.57,0.21,2.44,5,0,UP
2026-10-02 18:59:22.167756,SW2,Gi0/2,35.55,42.45,52.46,10.37,0.04,1.75,1,0,UP
2026-10-02 18:59:22.167756,SW2,Gi0/10,46.6,54.33,39.1,14.8,0.21,2.53,5,0,UP
2026-10-02 18:59:22.167756,SW2,Gi0/11,38.69,52.86,41.75,13.86,0.21,2.48,6,0,UP
2026-10-02 19:00:22.167756,R1,Gi0/1,42.74,49.53,44.39,6.09,0.13,2.47,4,0,UP
2026-10-02 19:00:22.167756,R1,Gi0/2,36.33,50.82,43.49,13.38,0.42,2.35,1,0,UP
2026-10-02 19:00:22.167756,SW1,Gi0/1,39.61,57.01,33.73,10.77,0.27,2.65,4,0,UP
2026-10-02 19:00:22.167756,SW1,Gi0/10,36.97,52.68,48.31,12.7,0.19,2.03,1,0,UP
2026-10-02 19:00:22.167756,SW1,Gi0/11,52.4,50.78,49.39,11.56,0.28,1.35,0,0,UP
2026-10-02 19:00:22.167756,SW2,Gi0/2,39.85,60.27,54.67,10.38,0.25,1.68,3,0,UP
2026-10-02 19:00:22.167756,SW2,Gi0/10,42.52,54.63,32.47,9.47,0.19,1.48,0,0,UP
2026-10-02 19:00:22.167756,SW2,Gi0/11,41.36,45.42,63.06,10.93,0.17,2.15,0,0,UP
2026-10-02 19:01:22.167756,R1,Gi0/1,42.54,51.71,42.21,12.55,0.24,2.72,8,0,UP
2026-10-02 19:01:22.167756,R1,Gi0/2,34.69,43.51,45.82,7.84,0.26,2.06,3,0,UP
2026-10-02 19:01:22.167756,SW1,Gi0/1,38.48,51.28,48.78,12.4,0.07,2.09,6,0,UP
2026-10-02 19:01:22.167756,SW1,Gi0/10,41.2,50.69,57.48,10.51,0.29,1.73,5,0,UP
2026-10-02 19:01:22.167756,SW1,Gi0/11,43.99,47.94,42.87,13.96,0.01,1.78,4,0,UP
2026-10-02 19:01:22.167756,SW2,Gi0/2,38.46,50.67,28.67,10.29,0.27,1.62,0,0,UP
2026-10-02 19:01:22.167756,SW2,Gi0/10,45.31,52.58,36.29,12.28,0.09,1.92,3,0,UP
2026-10-02 19:01:22.167756,SW2,Gi0/11,35.96,53.71,52.18,12.53,0.24,1.27,5,0,UP
2026-10-02 19:02:22.167756,R1,Gi0/1,39.54,45.32,46.17,13.49,0.25,1.46,4,0,UP
2026-10-02 19:02:22.167756,R1,Gi0/2,39.7,52.51,38.59,14.09,0.22,2.59,0,0,UP
2026-10-02 19:02:22.167756,SW1,Gi0/1,32.99,48.8,56.74,15.93,0.11,2.03,3,0,UP
2026-10-02 19:02:22.167756,SW1,Gi0/10,43.59,54.42,36.08,12.13,0.0,2.41,2,0,UP
2026-10-02 19:02:22.167756,SW1,Gi0/11,33.97,51.66,42.04,14.52,0.11,3.11,4,0,UP
2026-10-02 19:02:22.167756,SW2,Gi0/2,46.44,44.86,59.31,9.57,0.18,2.65,4,0,UP
2026-10-02 19:02:22.167756,SW2,Gi0/10,33.8,55.68,47.72,11.17,0.05,2.22,2,0,UP
2026-10-02 19:02:22.167756,SW2,Gi0/11,40.78,42.07,41.65,12.96,0.39,1.9,5,0,UP
2026-10-02 19:03:22.167756,R1,Gi0/1,43.94,51.17,36.9,10.06,0.26,1.74,1,0,UP
2026-10-02 19:03:22.167756,R1,Gi0/2,39.1,49.18,52.21,10.99,0.28,2.22,0,0,UP
2026-10-02 19:03:22.167756,SW1,Gi0/1,41.47,36.66,37.84,12.93,0.2,1.12,0,0,UP
2026-10-02 19:03:22.167756,SW1,Gi0/10,26.96,43.29,49.63,10.89,0.22,2.01,3,0,UP
2026-10-02 19:03:22.167756,SW1,Gi0/11,45.12,48.99,52.29,7.05,0.31,1.35,0,0,UP
2026-10-02 19:03:22.167756,SW2,Gi0/2,36.48,55.42,37.89,10.69,0.1,2.13,4,0,UP
2026-10-02 19:03:22.167756,SW2,Gi0/10,48.52,62.0,50.2,12.73,0.08,2.95,3,0,UP
2026-10-02 19:03:22.167756,SW2,Gi0/11,38.55,51.94,39.91,7.32,0.26,2.67,4,0,UP
2026-10-02 19:04:22.167756,R1,Gi0/1,39.96,50.07,46.38,12.28,0.19,2.01,6,0,UP
2026-10-02 19:04:22.167756,R1,Gi0/2,42.36,50.53,50.27,13.32,0.29,1.62,2,0,UP
2026-10-02 19:04:22.167756,SW1,Gi0/1,35.93,53.83,50.74,9.45,0.24,2.69,2,0,UP
2026-10-02 19:04:22.167756,SW1,Gi0/10,41.57,53.65,34.44,12.3,0.33,1.7,4,0,UP
2026-10-02 19:04:22.167756,SW1,Gi0/11,40.14,46.63,44.23,10.95,0.11,1.87,3,0,UP
2026-10-02 19:04:22.167756,SW2,Gi0/2,39.17,48.67,46.81,13.06,0.09,1.87,0,0,UP
2026-10-02 19:04:22.167756,SW2,Gi0/10,39.19,50.75,49.56,12.31,0.25,2.03,1,0,UP
2026-10-02 19:04:22.167756,SW2,Gi0/11,34.42,48.68,38.87,11.76,0.15,2.21,3,0,UP
2026-10-02 19:05:22.167756,R1,Gi0/1,42.24,52.21,43.56,11.76,0.25,3.22,1,0,UP
2026-10-02 19:05:22.167756,R1,Gi0/2,40.21,44.02,44.83,10.65,0.19,2.08,2,0,UP
2026-10-02 19:05:22.167756,SW1,Gi0/1,31.08,57.13,51.71,11.74,0.11,2.04,3,0,UP
2026-10-02 19:05:22.167756,SW1,Gi0/10,43.85,54.31,53.41,8.52,0.17,2.5,1,0,UP
2026-10-02 19:05:22.167756,SW1,Gi0/11,46.1,59.05,54.53,13.32,0.16,2.14,0,0,UP
2026-10-02 19:05:22.167756,SW2,Gi0/2,36.09,46.45,45.5,11.22,0.23,2.44,1,0,UP
2026-10-02 19:05:22.167756,SW2,Gi0/10,40.74,47.92,46.52,13.37,0.29,2.34,3,0,UP
2026-10-02 19:05:22.167756,SW2,Gi0/11,32.9,44.59,38.41,12.72,0.07,2.17,3,0,UP
2026-10-02 19:06:22.167756,R1,Gi0/1,30.32,44.56,53.35,13.39,0.11,1.48,0,0,UP
2026-10-02 19:06:22.167756,R1,Gi0/2,47.36,50.21,60.07,11.62,0.23,2.45,6,0,UP
2026-10-02 19:06:22.167756,SW1,Gi0/1,42.51,50.01,45.22,9.91,0.16,2.03,5,0,UP
2026-10-02 19:06:22.167756,SW1,Gi0/10,37.85,55.31,44.35,14.49,0.27,2.3,4,0,UP
2026-10-02 19:06:22.167756,SW1,Gi0/11,44.17,55.32,62.05,15.23,0.25,1.78,3,0,UP
2026-10-02 19:06:22.167756,SW2,Gi0/2,30.37,54.14,36.52,14.24,0.4,1.27,2,0,UP
2026-10-02 19:06:22.167756,SW2,Gi0/10,34.68,41.36,44.15,13.27,0.28,2.08,0,0,UP
2026-10-02 19:06:22.167756,SW2,Gi0/11,40.62,42.54,33.58,10.01,0.3,2.27,3,0,UP
2026-10-02 19:07:22.167756,R1,Gi0/1,35.69,48.06,34.04,14.73,0.42,2.28,4,0,UP
2026-10-02 19:07:22.167756,R1,Gi0/2,39.21,41.9,38.25,11.07,0.16,1.69,3,0,UP
2026-10-02 19:07:22.167756,SW1,Gi0/1,35.75,60.84,34.08,13.77,0.17,2.23,4,0,UP
2026-10-02 19:07:22.167756,SW1,Gi0/10,40.79,44.33,42.34,12.34,0.21,1.49,5,0,UP
2026-10-02 19:07:22.167756,SW1,Gi0/11,27.53,48.75,37.63,12.36,0.3,1.3,7,0,UP
2026-10-02 19:07:22.167756,SW2,Gi0/2,41.01,51.91,33.48,11.91,0.3,2.1,3,0,UP
2026-10-02 19:07:22.167756,SW2,Gi0/10,39.74,43.11,33.93,14.34,0.29,2.52,1,0,UP
2026-10-02 19:07:22.167756,SW2,Gi0/11,39.21,56.16,35.17,14.26,0.14,1.57,2,0,UP
2026-10-02 19:08:22.167756,R1,Gi0/1,34.41,40.52,45.61,13.07,0.32,2.3,6,0,UP
2026-10-02 19:08:22.167756,R1,Gi0/2,46.81,53.69,48.75,14.46,0.0,1.76,0,0,UP
2026-10-02 19:08:22.167756,SW1,Gi0/1,43.32,46.29,69.16,10.96,0.21,1.8,2,0,UP
2026-10-02 19:08:22.167756,SW1,Gi0/10,33.77,43.6,27.56,13.09,0.16,2.97,0,0,UP
2026-10-02 19:08:22.167756,SW1,Gi0/11,47.38,57.86,55.22,12.47,0.17,2.64,1,0,UP
2026-10-02 19:08:22.167756,SW2,Gi0/2,41.35,49.78,37.87,12.56,0.27,1.53,3,0,UP
2026-10-02 19:08:22.167756,SW2,Gi0/10,28.85,44.75,41.34,12.71,0.29,2.04,4,0,UP
2026-10-02 19:08:22.167756,SW2,Gi0/11,39.2,52.02,47.82,10.98,0.16,2.3,6,0,UP
2026-10-02 19:09:22.167756,R1,Gi0/1,46.03,44.35,36.0,10.93,0.21,2.02,5,0,UP
2026-10-02 19:09:22.167756,R1,Gi0/2,46.48,50.03,43.18,13.03,0.31,2.28,2,0,UP
2026-10-02 19:09:22.167756,SW1,Gi0/1,36.94,44.45,46.55,13.25,0.27,2.58,5,0,UP
2026-10-02 19:09:22.167756,SW1,Gi0/10,33.13,52.02,48.51,11.85,0.12,2.72,1,0,UP
2026-10-02 19:09:22.167756,SW1,Gi0/11,29.04,50.1,43.1,15.72,0.25,1.85,2,0,UP
2026-10-02 19:09:22.167756,SW2,Gi0/2,38.96,61.09,50.4,9.19,0.18,1.99,0,0,UP
2026-10-02 19:09:22.167756,SW2,Gi0/10,31.09,52.98,38.56,14.5,0.2,1.76,0,0,UP
2026-10-02 19:09:22.167756,SW2,Gi0/11,46.11,51.47,41.41,10.22,0.36,1.47,2,0,UP
2026-10-02 19:10:22.167756,R1,Gi0/1,42.85,57.25,43.27,10.53,0.19,2.45,5,0,UP
2026-10-02 19:10:22.167756,R1,Gi0/2,33.12,50.57,33.53,13.77,0.24,1.54,6,0,UP
2026-10-02 19:10:22.167756,SW1,Gi0/1,41.68,51.13,43.57,11.98,0.16,1.63,5,0,UP
2026-10-02 19:10:22.167756,SW1,Gi0/10,37.54,47.37,43.97,14.85,0.31,1.8,5,0,UP
2026-10-02 19:10:22.167756,SW1,Gi0/11,40.54,45.78,41.19,14.75,0.41,2.16,1,0,UP
2026-10-02 19:10:22.167756,SW2,Gi0/2,39.38,46.19,40.07,10.57,0.19,2.06,2,0,UP
2026-10-02 19:10:22.167756,SW2,Gi0/10,38.89,53.8,43.17,11.67,0.18,2.77,2,0,UP
2026-10-02 19:10:22.167756,SW2,Gi0/11,42.98,46.26,47.8,13.09,0.31,1.81,0,0,UP
2026-10-02 19:11:22.167756,R1,Gi0/1,36.08,54.82,61.65,13.67,0.07,2.4,1,0,UP
2026-10-02 19:11:22.167756,R1,Gi0/2,38.25,50.94,47.84,12.13,0.14,2.53,1,0,UP
2026-10-02 19:11:22.167756,SW1,Gi0/1,46.27,43.2,46.72,9.55,0.12,1.74,6,0,UP
2026-10-02 19:11:22.167756,SW1,Gi0/10,46.54,54.37,45.27,12.38,0.33,2.35,3,0,UP
2026-10-02 19:11:22.167756,SW1,Gi0/11,47.43,54.07,46.94,11.08,0.15,1.83,3,0,UP
2026-10-02 19:11:22.167756,SW2,Gi0/2,44.18,42.78,29.43,10.1,0.16,2.6,2,0,UP
2026-10-02 19:11:22.167756,SW2,Gi0/10,41.27,52.09,36.81,14.92,0.13,2.78,2,0,UP
2026-10-02 19:11:22.167756,SW2,Gi0/11,38.31,44.45,46.58,16.51,0.24,2.14,1,0,UP
2026-10-02 19:12:22.167756,R1,Gi0/1,42.96,50.79,44.5,12.99,0.02,1.95,0,0,UP
2026-10-02 19:12:22.167756,R1,Gi0/2,40.14,46.38,39.75,9.33,0.31,1.66,1,0,UP
2026-10-02 19:12:22.167756,SW1,Gi0/1,47.65,52.84,28.72,14.77,0.36,2.78,4,0,UP
2026-10-02 19:12:22.167756,SW1,Gi0/10,34.49,49.75,33.41,10.27,0.09,1.69,3,0,UP
2026-10-02 19:12:22.167756,SW1,Gi0/11,37.78,47.56,42.67,15.0,0.42,1.77,3,0,UP
2026-10-02 19:12:22.167756,SW2,Gi0/2,35.79,53.84,41.19,10.58,0.4,1.32,0,0,UP
2026-10-02 19:12:22.167756,SW2,Gi0/10,43.67,48.16,39.83,17.46,0.27,1.97,1,0,UP
2026-10-02 19:12:22.167756,SW2,Gi0/11,42.23,41.34,40.87,11.93,0.22,1.93,1,0,UP
2026-10-02 19:13:22.167756,R1,Gi0/1,44.6,41.74,42.78,10.96,0.3,1.77,3,0,UP
2026-10-02 19:13:22.167756,R1,Gi0/2,41.67,40.82,44.47,8.51,0.24,1.63,5,0,UP
2026-10-02 19:13:22.167756,SW1,Gi0/1,39.1,46.15,54.6,10.26,0.29,2.23,2,0,UP
2026-10-02 19:13:22.167756,SW1,Gi0/10,33.32,56.21,49.0,10.46,0.22,2.5,3,0,UP
2026-10-02 19:13:22.167756,SW1,Gi0/11,41.19,55.16,57.3,11.76,0.07,1.35,1,0,UP
2026-10-02 19:13:22.167756,SW2,Gi0/2,35.33,41.59,59.78,13.06,0.15,1.98,0,0,UP
2026-10-02 19:13:22.167756,SW2,Gi0/10,45.79,40.25,49.08,8.32,0.16,2.62,0,0,UP
2026-10-02 19:13:22.167756,SW2,Gi0/11,39.26,53.14,48.71,12.14,0.25,1.69,6,0,UP
2026-10-02 19:14:22.167756,R1,Gi0/1,31.95,55.81,46.52,13.23,0.28,2.28,1,0,UP
2026-10-02 19:14:22.167756,R1,Gi0/2,38.57,42.74,42.61,12.65,0.26,2.2,0,0,UP
2026-10-02 19:14:22.167756,SW1,Gi0/1,37.19,46.69,34.52,10.33,0.2,2.71,1,0,UP
2026-10-02 19:14:22.167756,SW1,Gi0/10,34.36,47.0,47.7,14.45,0.19,1.28,0,0,UP
2026-10-02 19:14:22.167756,SW1,Gi0/11,40.94,54.98,59.53,9.64,0.21,1.49,1,0,UP
2026-10-02 19:14:22.167756,SW2,Gi0/2,35.08,48.33,37.94,16.96,0.15,2.49,1,0,UP
2026-10-02 19:14:22.167756,SW2,Gi0/10,51.17,51.7,51.7,10.82,0.3,2.17,2,0,UP
2026-10-02 19:14:22.167756,SW2,Gi0/11,34.6,48.81,42.41,13.74,0.18,1.04,4,0,UP
2026-10-02 19:15:22.167756,R1,Gi0/1,46.47,41.67,59.44,14.79,0.14,1.44,5,0,UP
2026-10-02 19:15:22.167756,R1,Gi0/2,33.15,46.66,34.48,12.01,0.35,2.19,5,0,UP
2026-10-02 19:15:22.167756,SW1,Gi0/1,38.24,50.49,35.19,11.81,0.13,1.92,2,0,UP
2026-10-02 19:15:22.167756,SW1,Gi0/10,38.43,60.54,59.14,14.83,0.38,2.71,2,0,UP
2026-10-02 19:15:22.167756,SW1,Gi0/11,39.38,51.18,43.31,9.92,0.23,1.22,3,0,UP
2026-10-02 19:15:22.167756,SW2,Gi0/2,35.03,49.59,46.53,11.29,0.04,1.41,3,0,UP
2026-10-02 19:15:22.167756,SW2,Gi0/10,37.21,52.8,45.08,11.6,0.23,1.66,3,0,UP
2026-10-02 19:15:22.167756,SW2,Gi0/11,37.9,62.68,35.93,11.29,0.17,1.32,4,0,UP
2026-10-02 19:16:22.167756,R1,Gi0/1,37.86,38.1,50.56,10.73,0.19,2.34,2,0,UP
2026-10-02 19:16:22.167756,R1,Gi0/2,38.14,62.32,27.77,9.43,0.09,2.89,1,0,UP
2026-10-02 19:16:22.167756,SW1,Gi0/1,41.2,47.63,49.83,11.97,0.23,2.64,3,0,UP
2026-10-02 19:16:22.167756,SW1,Gi0/10,36.32,51.56,64.35,13.13,0.22,1.31,4,0,UP
2026-10-02 19:16:22.167756,SW1,Gi0/11,44.36,51.56,45.91,17.67,0.29,2.62,3,0,UP
2026-10-02 19:16:22.167756,SW2,Gi0/2,39.34,53.16,43.94,11.9,0.25,1.74,3,0,UP
2026-10-02 19:16:22.167756,SW2,Gi0/10,40.4,54.84,40.11,8.0,0.17,2.2,4,0,UP
2026-10-02 19:16:22.167756,SW2,Gi0/11,36.54,52.71,54.08,13.5,0.12,1.66,3,0,UP
2026-10-02 19:17:22.167756,R1,Gi0/1,48.13,50.07,43.68,9.26,0.16,1.64,3,0,UP
2026-10-02 19:17:22.167756,R1,Gi0/2,32.44,48.36,36.93,13.88,0.11,1.71,3,0,UP
2026-10-02 19:17:22.167756,SW1,Gi0/1,37.73,61.8,52.44,12.03,0.24,0.82,5,0,UP
2026-10-02 19:17:22.167756,SW1,Gi0/10,42.56,49.63,49.53,13.38,0.16,2.19,5,0,UP
2026-10-02 19:17:22.167756,SW1,Gi0/11,42.27,48.74,47.37,14.76,0.28,1.42,4,0,UP
2026-10-02 19:17:22.167756,SW2,Gi0/2,42.27,55.82,45.26,11.26,0.06,1.65,5,0,UP
2026-10-02 19:17:22.167756,SW2,Gi0/10,40.99,49.5,55.36,14.18,0.13,2.6,0,0,UP
2026-10-02 19:17:22.167756,SW2,Gi0/11,42.3,51.71,54.2,12.76,0.18,1.92,8,0,UP
2026-10-02 19:18:22.167756,R1,Gi0/1,40.41,52.99,28.83,10.35,0.25,1.19,4,0,UP
2026-10-02 19:18:22.167756,R1,Gi0/2,36.37,44.83,39.17,15.06,0.23,1.54,4,0,UP
2026-10-02 19:18:22.167756,SW1,Gi0/1,44.15,48.09,52.67,14.01,0.29,1.66,0,0,UP
2026-10-02 19:18:22.167756,SW1,Gi0/10,31.54,46.72,42.06,11.43,0.2,2.87,2,0,UP
2026-10-02 19:18:22.167756,SW1,Gi0/11,39.76,40.91,62.82,9.37,0.13,2.35,3,0,UP
2026-10-02 19:18:22.167756,SW2,Gi0/2,48.22,53.6,44.35,14.09,0.32,1.67,4,0,UP
2026-10-02 19:18:22.167756,SW2,Gi0/10,38.89,49.48,46.14,11.24,0.16,2.49,0,0,UP
2026-10-02 19:18:22.167756,SW2,Gi0/11,34.69,53.37,44.42,13.98,0.24,1.33,3,0,UP
2026-10-02 19:19:22.167756,R1,Gi0/1,42.67,51.17,41.25,11.45,0.14,1.34,0,0,UP
2026-10-02 19:19:22.167756,R1,Gi0/2,41.95,45.64,49.6,10.81,0.07,1.8,7,0,UP
2026-10-02 19:19:22.167756,SW1,Gi0/1,39.52,53.23,46.35,9.19,0.34,1.88,0,0,UP
2026-10-02 19:19:22.167756,SW1,Gi0/10,37.44,48.97,51.0,10.64,0.46,1.53,4,0,UP
2026-10-02 19:19:22.167756,SW1,Gi0/11,30.13,49.38,47.94,9.76,0.35,2.22,2,0,UP
2026-10-02 19:19:22.167756,SW2,Gi0/2,42.12,47.03,55.01,14.03,0.24,2.31,0,0,UP
2026-10-02 19:19:22.167756,SW2,Gi0/10,47.33,49.5,53.2,13.5,0.3,1.48,1,0,UP
2026-10-02 19:19:22.167756,SW2,Gi0/11,51.24,42.4,36.22,12.09,0.2,1.73,4,0,UP
2026-10-02 19:20:22.167756,R1,Gi0/1,44.51,49.91,42.85,11.96,0.15,1.15,3,0,UP
2026-10-02 19:20:22.167756,R1,Gi0/2,43.83,49.23,26.88,10.86,0.29,1.28,4,0,UP
2026-10-02 19:20:22.167756,SW1,Gi0/1,37.77,49.91,39.51,9.73,0.34,2.41,4,0,UP
2026-10-02 19:20:22.167756,SW1,Gi0/10,44.54,52.51,52.55,10.67,0.34,2.64,3,0,UP
2026-10-02 19:20:22.167756,SW1,Gi0/11,38.56,43.88,46.83,15.37,0.08,2.51,2,0,UP
2026-10-02 19:20:22.167756,SW2,Gi0/2,38.07,44.12,38.98,13.29,0.28,2.12,1,0,UP
2026-10-02 19:20:22.167756,SW2,Gi0/10,34.48,50.31,42.08,12.42,0.17,1.85,3,0,UP
2026-10-02 19:20:22.167756,SW2,Gi0/11,41.76,56.12,42.3,13.09,0.38,2.29,5,0,UP
2026-10-02 19:21:22.167756,R1,Gi0/1,36.9,46.4,43.73,11.89,0.31,1.64,2,0,UP
2026-10-02 19:21:22.167756,R1,Gi0/2,45.37,51.08,44.91,12.48,0.09,1.43,0,0,UP
2026-10-02 19:21:22.167756,SW1,Gi0/1,41.03,54.59,51.12,14.29,0.35,2.07,2,0,UP
2026-10-02 19:21:22.167756,SW1,Gi0/10,47.38,46.49,35.57,11.32,0.15,2.02,1,0,UP
2026-10-02 19:21:22.167756,SW1,Gi0/11,41.85,47.15,54.83,9.61,0.19,1.83,3,0,UP
2026-10-02 19:21:22.167756,SW2,Gi0/2,44.63,51.33,43.97,13.38,0.28,2.13,3,0,UP
2026-10-02 19:21:22.167756,SW2,Gi0/10,43.23,41.78,42.19,12.75,0.17,1.86,3,0,UP
2026-10-02 19:21:22.167756,SW2,Gi0/11,41.99,52.34,38.66,9.16,0.28,1.63,1,0,UP
2026-10-02 19:22:22.167756,R1,Gi0/1,35.49,55.76,46.7,12.69,0.27,1.98,5,0,UP
2026-10-02 19:22:22.167756,R1,Gi0/2,34.02,44.57,35.87,12.84,0.25,1.76,2,0,UP
2026-10-02 19:22:22.167756,SW1,Gi0/1,46.34,46.53,47.36,10.63,0.31,2.31,0,0,UP
2026-10-02 19:22:22.167756,SW1,Gi0/10,38.7,39.6,52.2,16.09,0.0,1.29,3,0,UP
2026-10-02 19:22:22.167756,SW1,Gi0/11,39.91,47.95,31.1,12.65,0.29,3.42,5,0,UP
2026-10-02 19:22:22.167756,SW2,Gi0/2,33.51,49.94,49.74,10.62,0.28,2.35,5,0,UP
2026-10-02 19:22:22.167756,SW2,Gi0/10,44.01,51.43,39.9,9.41,0.22,1.8,2,0,UP
2026-10-02 19:22:22.167756,SW2,Gi0/11,45.61,56.84,35.12,11.58,0.16,2.16,0,0,UP
2026-10-02 19:23:22.167756,R1,Gi0/1,32.7,49.41,51.29,12.15,0.27,2.1,5,0,UP
2026-10-02 19:23:22.167756,R1,Gi0/2,47.43,46.2,52.07,13.02,0.45,1.6,2,0,UP
2026-10-02 19:23:22.167756,SW1,Gi0/1,34.84,45.14,48.08,12.41,0.25,2.26,2,0,UP
2026-10-02 19:23:22.167756,SW1,Gi0/10,38.79,45.15,39.39,11.89,0.22,2.36,4,0,UP
2026-10-02 19:23:22.167756,SW1,Gi0/11,47.79,45.14,43.14,10.23,0.33,1.75,5,0,UP
2026-10-02 19:23:22.167756,SW2,Gi0/2,47.26,52.07,47.34,12.08,0.17,1.78,2,0,UP
2026-10-02 19:23:22.167756,SW2,Gi0/10,49.12,44.79,46.64,13.42,0.17,2.21,0,0,UP
2026-10-02 19:23:22.167756,SW2,Gi0/11,46.63,55.66,44.21,10.24,0.28,1.43,0,0,UP
2026-10-02 19:24:22.167756,R1,Gi0/1,39.73,57.59,50.12,10.71,0.03,2.02,3,0,UP
2026-10-02 19:24:22.167756,R1,Gi0/2,39.64,59.03,43.94,7.44,0.16,2.23,3,0,UP
2026-10-02 19:24:22.167756,SW1,Gi0/1,39.12,48.29,29.0,12.17,0.17,2.12,3,0,UP
2026-10-02 19:24:22.167756,SW1,Gi0/10,46.21,45.22,34.65,10.85,0.13,1.59,5,0,UP
2026-10-02 19:24:22.167756,SW1,Gi0/11,40.74,59.86,44.98,9.66,0.12,2.51,0,0,UP
2026-10-02 19:24:22.167756,SW2,Gi0/2,42.79,48.22,37.56,14.77,0.14,1.59,2,0,UP
2026-10-02 19:24:22.167756,SW2,Gi0/10,37.46,61.07,53.48,10.82,0.15,0.99,3,0,UP
2026-10-02 19:24:22.167756,SW2,Gi0/11,36.26,50.44,29.27,11.95,0.37,2.03,1,0,UP
2026-10-02 19:25:22.167756,R1,Gi0/1,39.9,49.68,62.53,11.33,0.08,2.01,3,0,UP
2026-10-02 19:25:22.167756,R1,Gi0/2,42.81,53.78,60.64,10.81,0.13,1.07,4,0,UP
2026-10-02 19:25:22.167756,SW1,Gi0/1,35.56,54.46,41.07,15.45,0.06,2.51,4,0,UP
2026-10-02 19:25:22.167756,SW1,Gi0/10,42.63,44.41,49.25,12.25,0.02,2.78,2,0,UP
2026-10-02 19:25:22.167756,SW1,Gi0/11,47.41,49.66,52.86,10.28,0.22,2.07,2,0,UP
2026-10-02 19:25:22.167756,SW2,Gi0/2,35.65,34.67,38.23,13.4,0.06,1.41,0,0,UP
2026-10-02 19:25:22.167756,SW2,Gi0/10,41.04,45.53,54.76,13.47,0.22,2.15,1,0,UP
2026-10-02 19:25:22.167756,SW2,Gi0/11,36.19,53.56,52.31,13.4,0.15,1.8,1,0,UP
2026-10-02 19:26:22.167756,R1,Gi0/1,43.84,40.19,27.37,7.99,0.0,2.68,4,0,UP
2026-10-02 19:26:22.167756,R1,Gi0/2,34.01,49.47,56.73,13.0,0.41,1.94,1,0,UP
2026-10-02 19:26:22.167756,SW1,Gi0/1,34.59,50.12,52.49,12.2,0.16,2.63,4,0,UP
2026-10-02 19:26:22.167756,SW1,Gi0/10,39.43,46.17,42.96,12.95,0.12,1.38,2,0,UP
2026-10-02 19:26:22.167756,SW1,Gi0/11,39.75,56.82,35.72,12.45,0.17,1.89,6,0,UP
2026-10-02 19:26:22.167756,SW2,Gi0/2,40.41,45.43,52.11,13.63,0.1,1.4,3,0,UP
2026-10-02 19:26:22.167756,SW2,Gi0/10,39.84,47.65,53.45,10.82,0.24,2.59,2,0,UP
2026-10-02 19:26:22.167756,SW2,Gi0/11,30.85,47.98,46.51,14.01,0.15,2.86,0,0,UP
2026-10-02 19:27:22.167756,R1,Gi0/1,40.82,48.8,55.78,9.05,0.24,1.88,6,0,UP
2026-10-02 19:27:22.167756,R1,Gi0/2,35.86,52.08,38.29,12.38,0.16,1.81,0,0,UP
2026-10-02 19:27:22.167756,SW1,Gi0/1,42.07,44.59,36.07,8.89,0.09,2.25,3,0,UP
2026-10-02 19:27:22.167756,SW1,Gi0/10,43.32,44.87,46.72,10.77,0.3,2.21,1,0,UP
2026-10-02 19:27:22.167756,SW1,Gi0/11,45.2,52.54,33.9,8.66,0.07,2.82,0,0,UP
2026-10-02 19:27:22.167756,SW2,Gi0/2,49.38,44.66,35.61,13.76,0.29,2.28,4,0,UP
2026-10-02 19:27:22.167756,SW2,Gi0/10,35.99,54.17,46.92,11.27,0.21,2.53,3,0,UP
2026-10-02 19:27:22.167756,SW2,Gi0/11,29.21,54.46,51.52,11.24,0.21,2.06,0,0,UP
2026-10-02 19:28:22.167756,R1,Gi0/1,37.99,48.19,43.73,10.95,0.27,1.6,4,0,UP
2026-10-02 19:28:22.167756,R1,Gi0/2,43.08,56.8,58.87,15.48,0.08,2.17,1,0,UP
2026-10-02 19:28:22.167756,SW1,Gi0/1,56.4,53.07,56.33,12.87,0.0,1.61,1,0,UP
2026-10-02 19:28:22.167756,SW1,Gi0/10,38.05,51.8,49.01,6.75,0.18,1.76,5,0,UP
2026-10-02 19:28:22.167756,SW1,Gi0/11,42.96,49.08,46.79,8.63,0.27,1.8,1,0,UP
2026-10-02 19:28:22.167756,SW2,Gi0/2,46.57,51.37,39.68,10.79,0.24,2.14,3,0,UP
2026-10-02 19:28:22.167756,SW2,Gi0/10,33.98,44.72,39.01,11.61,0.2,1.92,2,0,UP
2026-10-02 19:28:22.167756,SW2,Gi0/11,49.41,54.25,54.51,12.93,0.21,2.2,3,0,UP
2026-10-02 19:29:22.167756,R1,Gi0/1,44.04,45.12,50.8,12.33,0.02,2.04,0,0,UP
2026-10-02 19:29:22.167756,R1,Gi0/2,37.33,49.2,32.94,11.89,0.21,2.38,2,0,UP
2026-10-02 19:29:22.167756,SW1,Gi0/1,41.37,49.52,41.65,8.66,0.19,2.37,1,0,UP
2026-10-02 19:29:22.167756,SW1,Gi0/10,38.91,49.65,53.82,12.06,0.23,2.0,2,0,UP
2026-10-02 19:29:22.167756,SW1,Gi0/11,34.33,48.57,48.15,12.25,0.35,2.47,5,0,UP
2026-10-02 19:29:22.167756,SW2,Gi0/2,29.84,57.9,47.13,12.82,0.29,2.01,0,0,UP
2026-10-02 19:29:22.167756,SW2,Gi0/10,47.24,46.16,37.11,11.53,0.16,2.0,2,0,UP
2026-10-02 19:29:22.167756,SW2,Gi0/11,46.74,52.3,38.14,10.56,0.16,1.81,1,0,UP
2026-10-02 19:30:22.167756,R1,Gi0/1,34.49,51.45,41.36,10.1,0.25,2.42,2,0,UP
2026-10-02 19:30:22.167756,R1,Gi0/2,48.91,61.08,48.98,11.06,0.23,1.39,1,0,UP
2026-10-02 19:30:22.167756,SW1,Gi0/1,31.59,46.86,35.14,13.25,0.13,2.14,4,0,UP
2026-10-02 19:30:22.167756,SW1,Gi0/10,45.86,48.23,47.49,12.69,0.33,2.39,5,0,UP
2026-10-02 19:30:22.167756,SW1,Gi0/11,31.68,46.68,53.25,13.16,0.19,1.76,4,0,UP
2026-10-02 19:30:22.167756,SW2,Gi0/2,30.1,53.96,45.73,11.02,0.25,1.81,3,0,UP
2026-10-02 19:30:22.167756,SW2,Gi0/10,39.77,53.72,46.27,8.18,0.06,1.46,3,0,UP
2026-10-02 19:30:22.167756,SW2,Gi0/11,42.78,58.35,36.88,14.62,0.01,2.01,3,0,UP
2026-10-02 19:31:22.167756,R1,Gi0/1,41.21,48.45,45.94,9.53,0.29,2.12,3,0,UP
2026-10-02 19:31:22.167756,R1,Gi0/2,38.6,48.36,49.2,15.18,0.06,1.28,3,0,UP
2026-10-02 19:31:22.167756,SW1,Gi0/1,38.34,50.62,44.81,13.24,0.17,1.4,1,0,UP
2026-10-02 19:31:22.167756,SW1,Gi0/10,39.2,43.73,44.71,12.12,0.16,2.1,0,0,UP
2026-10-02 19:31:22.167756,SW1,Gi0/11,35.23,44.29,52.04,16.61,0.11,1.88,1,0,UP
2026-10-02 19:31:22.167756,SW2,Gi0/2,41.11,46.96,47.26,13.33,0.08,2.14,0,0,UP
2026-10-02 19:31:22.167756,SW2,Gi0/10,38.72,48.38,43.17,11.38,0.15,1.87,3,0,UP
2026-10-02 19:31:22.167756,SW2,Gi0/11,41.33,50.58,40.41,14.16,0.35,1.36,3,0,UP
2026-10-02 19:32:22.167756,R1,Gi0/1,37.66,54.63,44.9,12.11,0.25,1.85,6,0,UP
2026-10-02 19:32:22.167756,R1,Gi0/2,42.55,54.66,43.24,11.75,0.28,2.36,0,0,UP
2026-10-02 19:32:22.167756,SW1,Gi0/1,40.64,52.37,43.96,12.76,0.19,0.88,0,0,UP
2026-10-02 19:32:22.167756,SW1,Gi0/10,44.87,48.78,46.52,11.99,0.12,1.77,3,0,UP
2026-10-02 19:32:22.167756,SW1,Gi0/11,42.15,60.94,41.18,15.34,0.11,2.24,3,0,UP
2026-10-02 19:32:22.167756,SW2,Gi0/2,39.37,49.97,40.02,13.81,0.12,2.16,4,0,UP
2026-10-02 19:32:22.167756,SW2,Gi0/10,46.92,54.86,49.58,10.72,0.12,1.43,0,0,UP
2026-10-02 19:32:22.167756,SW2,Gi0/11,39.99,46.36,54.59,10.84,0.21,1.87,0,0,UP
2026-10-02 19:33:22.167756,R1,Gi0/1,45.45,53.48,51.48,13.19,0.12,1.63,3,0,UP
2026-10-02 19:33:22.167756,R1,Gi0/2,47.71,51.93,52.83,10.95,0.31,1.79,3,0,UP
2026-10-02 19:33:22.167756,SW1,Gi0/1,38.17,54.45,52.22,9.05,0.33,3.19,2,0,UP
2026-10-02 19:33:22.167756,SW1,Gi0/10,39.37,56.2,45.53,11.99,0.39,1.32,1,0,UP
2026-10-02 19:33:22.167756,SW1,Gi0/11,42.09,41.9,42.02,11.24,0.3,2.35,0,0,UP
2026-10-02 19:33:22.167756,SW2,Gi0/2,36.53,46.55,43.27,9.8,0.25,1.65,4,0,UP
2026-10-02 19:33:22.167756,SW2,Gi0/10,39.99,45.13,56.11,14.84,0.23,1.88,0,0,UP
2026-10-02 19:33:22.167756,SW2,Gi0/11,45.36,54.11,38.49,10.63,0.25,1.41,1,0,UP
2026-10-02 19:34:22.167756,R1,Gi0/1,34.8,44.96,39.24,13.81,0.02,2.22,3,0,UP
2026-10-02 19:34:22.167756,R1,Gi0/2,44.84,51.29,41.97,10.37,0.3,2.25,2,0,UP
2026-10-02 19:34:22.167756,SW1,Gi0/1,44.54,47.77,44.99,10.79,0.25,1.5,2,0,UP
2026-10-02 19:34:22.167756,SW1,Gi0/10,36.73,51.32,48.11,9.79,0.24,1.26,7,0,UP
2026-10-02 19:34:22.167756,SW1,Gi0/11,37.44,55.25,46.61,12.48,0.08,2.42,3,0,UP
2026-10-02 19:34:22.167756,SW2,Gi0/2,42.35,49.55,46.04,10.23,0.18,1.79,1,0,UP
2026-10-02 19:34:22.167756,SW2,Gi0/10,40.67,51.82,47.01,11.8,0.24,2.12,3,0,UP
2026-10-02 19:34:22.167756,SW2,Gi0/11,40.83,55.92,35.36,11.36,0.23,1.21,5,0,UP
2026-10-02 19:35:22.167756,R1,Gi0/1,41.27,54.78,53.96,12.82,0.0,2.07,3,0,UP
2026-10-02 19:35:22.167756,R1,Gi0/2,34.57,41.05,48.69,9.5,0.41,2.13,5,0,UP
2026-10-02 19:35:22.167756,SW1,Gi0/1,40.16,53.76,45.43,14.01,0.0,2.44,4,0,UP
2026-10-02 19:35:22.167756,SW1,Gi0/10,39.23,47.95,42.61,12.57,0.32,1.73,0,0,UP
2026-10-02 19:35:22.167756,SW1,Gi0/11,52.42,53.36,41.87,14.38,0.29,2.25,2,0,UP
2026-10-02 19:35:22.167756,SW2,Gi0/2,43.34,55.45,31.24,12.45,0.23,2.13,3,0,UP
2026-10-02 19:35:22.167756,SW2,Gi0/10,45.93,48.94,44.98,12.63,0.18,1.31,3,0,UP
2026-10-02 19:35:22.167756,SW2,Gi0/11,41.13,48.17,43.94,5.64,0.32,2.45,0,0,UP
2026-10-02 19:36:22.167756,R1,Gi0/1,36.62,57.24,35.76,12.96,0.15,2.21,3,0,UP
2026-10-02 19:36:22.167756,R1,Gi0/2,38.58,51.94,41.06,8.43,0.11,1.48,0,0,UP
2026-10-02 19:36:22.167756,SW1,Gi0/1,41.85,49.14,47.83,13.04,0.28,2.2,1,0,UP
2026-10-02 19:36:22.167756,SW1,Gi0/10,42.9,51.11,62.52,12.02,0.24,1.95,3,0,UP
2026-10-02 19:36:22.167756,SW1,Gi0/11,39.91,47.83,46.42,13.24,0.16,2.42,4,0,UP
2026-10-02 19:36:22.167756,SW2,Gi0/2,35.6,45.18,48.59,10.82,0.1,2.86,1,0,UP
2026-10-02 19:36:22.167756,SW2,Gi0/10,32.38,46.08,46.85,12.15,0.39,1.62,3,0,UP
2026-10-02 19:36:22.167756,SW2,Gi0/11,45.64,46.7,50.63,8.34,0.38,2.5,1,0,UP
2026-10-02 19:37:22.167756,R1,Gi0/1,44.15,56.57,34.69,10.8,0.33,2.03,3,0,UP
2026-10-02 19:37:22.167756,R1,Gi0/2,40.35,54.46,49.1,12.21,0.0,2.32,4,0,UP
2026-10-02 19:37:22.167756,SW1,Gi0/1,33.8,44.14,49.14,12.39,0.0,1.59,3,0,UP
2026-10-02 19:37:22.167756,SW1,Gi0/10,43.38,47.08,43.82,10.24,0.33,2.09,1,0,UP
2026-10-02 19:37:22.167756,SW1,Gi0/11,34.22,43.67,59.49,11.65,0.16,1.89,1,0,UP
2026-10-02 19:37:22.167756,SW2,Gi0/2,39.46,50.17,45.12,9.47,0.29,1.72,1,0,UP
2026-10-02 19:37:22.167756,SW2,Gi0/10,36.48,44.74,47.14,13.79,0.13,1.08,0,0,UP
2026-10-02 19:37:22.167756,SW2,Gi0/11,37.76,43.84,40.21,10.9,0.2,1.27,4,0,UP
2026-10-02 19:38:22.167756,R1,Gi0/1,48.3,57.15,40.33,13.34,0.26,1.98,3,0,UP
2026-10-02 19:38:22.167756,R1,Gi0/2,43.42,54.42,38.51,13.5,0.37,2.44,6,0,UP
2026-10-02 19:38:22.167756,SW1,Gi0/1,27.08,52.98,47.11,14.05,0.09,1.75,4,0,UP
2026-10-02 19:38:22.167756,SW1,Gi0/10,34.7,51.21,44.86,11.61,0.26,1.44,1,0,UP
2026-10-02 19:38:22.167756,SW1,Gi0/11,39.3,43.99,54.85,10.4,0.28,1.56,4,0,UP
2026-10-02 19:38:22.167756,SW2,Gi0/2,31.96,57.04,54.08,10.89,0.12,2.23,0,0,UP
2026-10-02 19:38:22.167756,SW2,Gi0/10,40.17,45.96,42.97,10.71,0.12,2.85,4,0,UP
2026-10-02 19:38:22.167756,SW2,Gi0/11,32.6,45.62,51.86,13.94,0.06,2.35,3,0,UP
2026-10-02 19:39:22.167756,R1,Gi0/1,30.29,47.98,43.91,12.1,0.07,1.62,1,0,UP
2026-10-02 19:39:22.167756,R1,Gi0/2,37.32,47.41,43.94,12.62,0.38,2.44,5,0,UP
2026-10-02 19:39:22.167756,SW1,Gi0/1,37.6,44.98,51.41,11.97,0.27,1.56,4,0,UP
2026-10-02 19:39:22.167756,SW1,Gi0/10,39.12,47.7,42.07,12.98,0.28,1.82,3,0,UP
2026-10-02 19:39:22.167756,SW1,Gi0/11,41.7,53.69,52.9,15.62,0.15,2.73,3,0,UP
2026-10-02 19:39:22.167756,SW2,Gi0/2,34.53,46.75,48.73,13.45,0.1,1.62,1,0,UP
2026-10-02 19:39:22.167756,SW2,Gi0/10,35.68,40.6,27.25,11.24,0.23,2.33,0,0,UP
2026-10-02 19:39:22.167756,SW2,Gi0/11,33.27,47.36,45.03,14.02,0.27,1.82,3,0,UP
2026-10-02 19:40:22.167756,R1,Gi0/1,35.78,50.37,44.5,14.81,0.25,1.61,1,0,UP
2026-10-02 19:40:22.167756,R1,Gi0/2,38.33,42.18,43.16,11.71,0.25,2.31,3,0,UP
2026-10-02 19:40:22.167756,SW1,Gi0/1,31.85,43.89,40.16,13.3,0.26,1.88,7,0,UP
2026-10-02 19:40:22.167756,SW1,Gi0/10,47.81,56.2,50.61,12.92,0.24,1.1,0,0,UP
2026-10-02 19:40:22.167756,SW1,Gi0/11,38.89,50.64,44.0,12.54,0.0,2.25,3,0,UP
2026-10-02 19:40:22.167756,SW2,Gi0/2,39.06,54.64,36.64,11.53,0.23,1.57,0,0,UP
2026-10-02 19:40:22.167756,SW2,Gi0/10,34.23,49.68,43.01,11.96,0.13,1.34,3,0,UP
2026-10-02 19:40:22.167756,SW2,Gi0/11,39.17,53.19,39.02,7.96,0.0,1.8,3,0,UP
2026-10-02 19:41:22.167756,R1,Gi0/1,38.84,47.17,32.27,8.22,0.24,1.89,2,0,UP
2026-10-02 19:41:22.167756,R1,Gi0/2,32.29,45.17,45.36,12.57,0.18,2.69,1,0,UP
2026-10-02 19:41:22.167756,SW1,Gi0/1,46.43,51.08,45.87,13.87,0.14,1.84,0,0,UP
2026-10-02 19:41:22.167756,SW1,Gi0/10,44.68,51.68,53.78,12.41,0.31,1.63,4,0,UP
2026-10-02 19:41:22.167756,SW1,Gi0/11,38.01,50.01,50.83,16.66,0.28,2.46,1,0,UP
2026-10-02 19:41:22.167756,SW2,Gi0/2,40.78,49.52,56.26,11.71,0.33,1.35,5,0,UP
2026-10-02 19:41:22.167756,SW2,Gi0/10,35.69,54.27,38.09,13.24,0.1,2.52,4,0,UP
2026-10-02 19:41:22.167756,SW2,Gi0/11,37.0,52.89,52.58,10.15,0.1,1.46,0,0,UP
2026-10-02 19:42:22.167756,R1,Gi0/1,34.62,54.62,49.46,8.61,0.15,1.42,4,0,UP
2026-10-02 19:42:22.167756,R1,Gi0/2,37.75,42.28,46.36,13.21,0.1,1.87,1,0,UP
2026-10-02 19:42:22.167756,SW1,Gi0/1,46.22,47.84,39.23,11.9,0.18,2.34,5,0,UP
2026-10-02 19:42:22.167756,SW1,Gi0/10,46.12,48.09,47.44,14.98,0.35,1.56,4,0,UP
2026-10-02 19:42:22.167756,SW1,Gi0/11,42.12,54.63,54.95,9.92,0.13,2.45,3,0,UP
2026-10-02 19:42:22.167756,SW2,Gi0/2,28.86,41.67,50.3,13.68,0.07,2.55,2,0,UP
2026-10-02 19:42:22.167756,SW2,Gi0/10,34.89,47.2,35.22,10.77,0.01,1.96,4,0,UP
2026-10-02 19:42:22.167756,SW2,Gi0/11,33.26,50.09,38.56,13.34,0.0,2.36,0,0,UP
2026-10-02 19:43:22.167756,R1,Gi0/1,38.95,46.46,42.11,8.94,0.37,1.36,0,0,UP
2026-10-02 19:43:22.167756,R1,Gi0/2,48.97,51.61,34.97,11.74,0.18,1.16,1,0,UP
2026-10-02 19:43:22.167756,SW1,Gi0/1,39.87,56.33,43.49,11.77,0.12,2.55,4,0,UP
2026-10-02 19:43:22.167756,SW1,Gi0/10,43.95,50.56,32.21,14.17,0.21,1.85,3,0,UP
2026-10-02 19:43:22.167756,SW1,Gi0/11,41.12,44.65,42.43,8.19,0.21,2.67,0,0,UP
2026-10-02 19:43:22.167756,SW2,Gi0/2,40.64,53.34,51.53,10.51,0.09,1.71,5,0,UP
2026-10-02 19:43:22.167756,SW2,Gi0/10,31.45,43.92,41.33,10.05,0.2,2.71,0,0,UP
2026-10-02 19:43:22.167756,SW2,Gi0/11,39.27,49.96,42.32,8.84,0.14,1.68,4,0,UP
2026-10-02 19:44:22.167756,R1,Gi0/1,42.1,42.24,41.9,11.0,0.4,2.15,0,0,UP
2026-10-02 19:44:22.167756,R1,Gi0/2,36.12,48.11,47.9,12.97,0.22,1.9,2,0,UP
2026-10-02 19:44:22.167756,SW1,Gi0/1,39.36,41.09,44.51,10.85,0.03,3.21,3,0,UP
2026-10-02 19:44:22.167756,SW1,Gi0/10,40.07,48.14,50.84,9.68,0.17,1.52,4,0,UP
2026-10-02 19:44:22.167756,SW1,Gi0/11,35.87,55.51,44.21,13.55,0.24,2.53,1,0,UP
2026-10-02 19:44:22.167756,SW2,Gi0/2,44.53,40.69,45.35,10.91,0.06,1.55,1,0,UP
2026-10-02 19:44:22.167756,SW2,Gi0/10,39.02,47.38,45.64,10.34,0.15,1.86,3,0,UP
2026-10-02 19:44:22.167756,SW2,Gi0/11,44.24,54.27,46.9,12.86,0.23,1.84,4,0,UP
2026-10-02 19:45:22.167756,R1,Gi0/1,35.43,39.76,36.67,14.81,0.17,2.14,2,0,UP
2026-10-02 19:45:22.167756,R1,Gi0/2,42.81,50.35,44.45,13.23,0.15,2.19,2,0,UP
2026-10-02 19:45:22.167756,SW1,Gi0/1,39.46,45.91,43.27,10.92,0.31,1.16,4,0,UP
2026-10-02 19:45:22.167756,SW1,Gi0/10,31.28,52.69,38.3,13.13,0.19,1.28,5,0,UP
2026-10-02 19:45:22.167756,SW1,Gi0/11,43.88,52.52,39.88,13.62,0.07,0.89,0,0,UP
2026-10-02 19:45:22.167756,SW2,Gi0/2,35.39,46.23,41.52,11.22,0.14,0.94,3,0,UP
2026-10-02 19:45:22.167756,SW2,Gi0/10,38.68,46.52,56.18,11.52,0.21,2.4,0,0,UP
2026-10-02 19:45:22.167756,SW2,Gi0/11,39.89,53.96,44.27,9.39,0.15,2.09,0,0,UP
2026-10-02 19:46:22.167756,R1,Gi0/1,33.24,59.87,48.88,14.97,0.29,2.2,2,0,UP
2026-10-02 19:46:22.167756,R1,Gi0/2,41.91,57.25,51.6,12.33,0.18,2.25,1,0,UP
2026-10-02 19:46:22.167756,SW1,Gi0/1,42.49,46.51,42.17,9.94,0.16,1.66,6,0,UP
2026-10-02 19:46:22.167756,SW1,Gi0/10,35.53,51.92,37.42,12.09,0.23,1.07,0,0,UP
2026-10-02 19:46:22.167756,SW1,Gi0/11,35.23,43.48,45.67,12.49,0.09,2.06,2,0,UP
2026-10-02 19:46:22.167756,SW2,Gi0/2,39.5,46.86,48.9,15.27,0.28,2.7,0,0,UP
2026-10-02 19:46:22.167756,SW2,Gi0/10,36.62,52.83,57.07,13.3,0.1,1.78,3,0,UP
2026-10-02 19:46:22.167756,SW2,Gi0/11,39.18,46.01,42.68,11.97,0.09,2.49,2,0,UP
2026-10-02 19:47:22.167756,R1,Gi0/1,39.64,55.18,44.0,13.96,0.1,2.22,4,0,UP
2026-10-02 19:47:22.167756,R1,Gi0/2,35.85,49.11,43.74,12.42,0.25,1.54,2,0,UP
2026-10-02 19:47:22.167756,SW1,Gi0/1,47.96,55.27,51.35,11.61,0.41,2.51,3,0,UP
2026-10-02 19:47:22.167756,SW1,Gi0/10,41.1,47.71,48.15,13.19,0.27,1.91,0,0,UP
2026-10-02 19:47:22.167756,SW1,Gi0/11,41.21,53.53,37.17,11.82,0.33,1.4,2,0,UP
2026-10-02 19:47:22.167756,SW2,Gi0/2,47.44,50.79,40.79,11.99,0.28,1.9,4,0,UP
2026-10-02 19:47:22.167756,SW2,Gi0/10,41.17,51.59,50.29,11.41,0.11,2.24,2,0,UP
2026-10-02 19:47:22.167756,SW2,Gi0/11,37.76,52.63,55.22,11.69,0.2,1.41,2,0,UP
2026-10-02 19:48:22.167756,R1,Gi0/1,41.11,49.9,42.1,13.45,0.21,3.29,3,0,UP
2026-10-02 19:48:22.167756,R1,Gi0/2,26.27,44.44,49.26,10.71,0.14,1.38,2,0,UP
2026-10-02 19:48:22.167756,SW1,Gi0/1,40.97,51.93,36.84,13.61,0.08,2.22,3,0,UP
2026-10-02 19:48:22.167756,SW1,Gi0/10,35.33,44.73,48.06,10.88,0.18,2.34,3,0,UP
2026-10-02 19:48:22.167756,SW1,Gi0/11,35.42,49.73,37.52,13.74,0.35,1.58,2,0,UP
2026-10-02 19:48:22.167756,SW2,Gi0/2,44.59,50.12,49.49,12.1,0.09,2.06,5,0,UP
2026-10-02 19:48:22.167756,SW2,Gi0/10,41.57,58.12,30.83,12.76,0.14,1.56,5,0,UP
2026-10-02 19:48:22.167756,SW2,Gi0/11,38.72,48.24,47.75,7.69,0.34,2.95,4,0,UP
2026-10-02 19:49:22.167756,R1,Gi0/1,42.06,48.92,36.4,14.39,0.29,2.23,3,0,UP
2026-10-02 19:49:22.167756,R1,Gi0/2,41.5,47.37,65.01,11.43,0.16,2.56,2,0,UP
2026-10-02 19:49:22.167756,SW1,Gi0/1,39.91,57.07,50.43,13.46,0.06,2.2,0,0,UP
2026-10-02 19:49:22.167756,SW1,Gi0/10,37.73,50.88,44.71,13.31,0.28,2.42,0,0,UP
2026-10-02 19:49:22.167756,SW1,Gi0/11,51.81,49.88,54.7,6.97,0.17,1.27,1,0,UP
2026-10-02 19:49:22.167756,SW2,Gi0/2,40.25,48.33,55.51,15.54,0.1,1.76,0,0,UP
2026-10-02 19:49:22.167756,SW2,Gi0/10,45.78,50.8,45.26,12.62,0.17,1.57,3,0,UP
2026-10-02 19:49:22.167756,SW2,Gi0/11,38.66,51.74,31.94,12.37,0.13,2.08,4,0,UP
2026-10-02 19:50:22.167756,R1,Gi0/1,37.22,55.98,31.07,15.09,0.32,1.56,1,0,UP
2026-10-02 19:50:22.167756,R1,Gi0/2,32.53,54.61,42.36,11.19,0.09,2.91,1,0,UP
2026-10-02 19:50:22.167756,SW1,Gi0/1,40.12,51.08,41.81,10.8,0.16,2.28,2,0,UP
2026-10-02 19:50:22.167756,SW1,Gi0/10,48.13,46.11,51.03,8.49,0.12,1.59,0,0,UP
2026-10-02 19:50:22.167756,SW1,Gi0/11,41.42,49.45,26.77,15.99,0.22,2.0,5,0,UP
2026-10-02 19:50:22.167756,SW2,Gi0/2,44.94,48.51,29.38,13.13,0.1,2.62,1,0,UP
2026-10-02 19:50:22.167756,SW2,Gi0/10,37.74,43.28,34.9,11.78,0.18,1.76,7,0,UP
2026-10-02 19:50:22.167756,SW2,Gi0/11,43.02,50.05,22.94,13.65,0.5,1.91,1,0,UP
2026-10-02 19:51:22.167756,R1,Gi0/1,40.82,42.84,48.7,15.0,0.13,1.68,2,0,UP
2026-10-02 19:51:22.167756,R1,Gi0/2,37.49,42.44,41.92,10.83,0.34,2.58,5,0,UP
2026-10-02 19:51:22.167756,SW1,Gi0/1,44.01,51.03,38.0,14.65,0.23,1.38,1,0,UP
2026-10-02 19:51:22.167756,SW1,Gi0/10,33.68,39.74,48.11,9.52,0.12,2.02,2,0,UP
2026-10-02 19:51:22.167756,SW1,Gi0/11,36.43,57.59,32.79,9.03,0.25,1.69,1,0,UP
2026-10-02 19:51:22.167756,SW2,Gi0/2,34.6,51.69,46.81,12.24,0.14,1.62,2,0,UP
2026-10-02 19:51:22.167756,SW2,Gi0/10,44.83,57.84,53.89,13.01,0.3,1.41,1,0,UP
2026-10-02 19:51:22.167756,SW2,Gi0/11,42.62,49.41,47.7,13.96,0.28,1.45,3,0,UP
2026-10-02 19:52:22.167756,R1,Gi0/1,35.4,46.11,31.31,12.27,0.02,2.2,5,0,UP
2026-10-02 19:52:22.167756,R1,Gi0/2,42.65,50.26,57.28,12.65,0.11,2.06,6,0,UP
2026-10-02 19:52:22.167756,SW1,Gi0/1,34.54,43.1,49.92,11.55,0.15,1.37,0,0,UP
2026-10-02 19:52:22.167756,SW1,Gi0/10,32.72,58.07,44.93,8.08,0.32,2.62,5,0,UP
2026-10-02 19:52:22.167756,SW1,Gi0/11,37.89,48.66,46.1,14.8,0.14,1.62,4,0,UP
2026-10-02 19:52:22.167756,SW2,Gi0/2,46.05,49.74,50.36,12.22,0.17,1.59,0,0,UP
2026-10-02 19:52:22.167756,SW2,Gi0/10,36.93,45.12,47.27,14.44,0.22,1.54,4,0,UP
2026-10-02 19:52:22.167756,SW2,Gi0/11,41.48,52.47,40.85,14.27,0.31,1.91,4,0,UP
2026-10-02 19:53:22.167756,R1,Gi0/1,45.51,47.67,44.35,12.16,0.09,2.22,5,0,UP
2026-10-02 19:53:22.167756,R1,Gi0/2,39.28,51.7,56.19,11.19,0.24,1.72,1,0,UP
2026-10-02 19:53:22.167756,SW1,Gi0/1,41.71,51.21,49.44,12.15,0.25,2.83,5,0,UP
2026-10-02 19:53:22.167756,SW1,Gi0/10,41.69,52.52,42.61,11.68,0.25,2.04,4,0,UP
2026-10-02 19:53:22.167756,SW1,Gi0/11,46.34,49.49,28.93,16.07,0.13,2.1,4,0,UP
2026-10-02 19:53:22.167756,SW2,Gi0/2,47.04,59.03,42.09,14.38,0.22,3.37,5,0,UP
2026-10-02 19:53:22.167756,SW2,Gi0/10,39.11,46.03,23.99,13.35,0.3,2.37,0,0,UP
2026-10-02 19:53:22.167756,SW2,Gi0/11,33.71,52.4,59.28,11.89,0.31,1.48,3,0,UP
2026-10-02 19:54:22.167756,R1,Gi0/1,38.63,55.94,40.68,15.35,0.17,1.47,0,0,UP
2026-10-02 19:54:22.167756,R1,Gi0/2,36.89,51.85,40.12,10.36,0.29,0.39,2,0,UP
2026-10-02 19:54:22.167756,SW1,Gi0/1,33.33,45.66,46.95,11.59,0.17,2.59,2,0,UP
2026-10-02 19:54:22.167756,SW1,Gi0/10,49.03,53.56,37.27,15.87,0.23,2.94,2,0,UP
2026-10-02 19:54:22.167756,SW1,Gi0/11,41.36,52.16,43.66,14.54,0.39,0.85,4,0,UP
2026-10-02 19:54:22.167756,SW2,Gi0/2,35.53,37.04,49.14,13.04,0.27,2.19,4,0,UP
2026-10-02 19:54:22.167756,SW2,Gi0/10,36.98,51.32,50.59,14.71,0.2,1.89,2,0,UP
2026-10-02 19:54:22.167756,SW2,Gi0/11,34.03,53.85,33.34,12.78,0.21,1.22,0,0,UP
2026-10-02 19:55:22.167756,R1,Gi0/1,35.73,48.28,56.84,11.78,0.25,2.63,5,0,UP
2026-10-02 19:55:22.167756,R1,Gi0/2,39.96,46.47,48.99,10.63,0.38,2.43,3,0,UP
2026-10-02 19:55:22.167756,SW1,Gi0/1,42.56,50.89,42.05,13.0,0.18,2.97,1,0,UP
2026-10-02 19:55:22.167756,SW1,Gi0/10,42.54,46.09,38.65,8.43,0.24,1.73,5,0,UP
2026-10-02 19:55:22.167756,SW1,Gi0/11,42.07,50.74,33.72,13.17,0.13,1.28,3,0,UP
2026-10-02 19:55:22.167756,SW2,Gi0/2,33.71,39.54,55.38,10.88,0.03,1.52,1,0,UP
2026-10-02 19:55:22.167756,SW2,Gi0/10,45.72,41.69,34.29,13.96,0.16,2.11,2,0,UP
2026-10-02 19:55:22.167756,SW2,Gi0/11,50.1,43.55,47.26,15.01,0.16,1.62,4,0,UP
2026-10-02 19:56:22.167756,R1,Gi0/1,45.02,46.0,56.7,12.1,0.25,2.74,4,0,UP
2026-10-02 19:56:22.167756,R1,Gi0/2,40.0,46.64,66.67,10.42,0.23,2.25,4,0,UP
2026-10-02 19:56:22.167756,SW1,Gi0/1,50.64,50.24,44.24,15.1,0.19,2.44,3,0,UP
2026-10-02 19:56:22.167756,SW1,Gi0/10,44.6,53.63,41.78,8.31,0.03,1.08,2,0,UP
2026-10-02 19:56:22.167756,SW1,Gi0/11,28.24,49.2,46.07,13.71,0.25,2.45,3,0,UP
2026-10-02 19:56:22.167756,SW2,Gi0/2,38.38,49.47,38.19,12.46,0.04,2.53,1,0,UP
2026-10-02 19:56:22.167756,SW2,Gi0/10,40.77,51.61,54.3,8.64,0.17,2.27,6,0,UP
2026-10-02 19:56:22.167756,SW2,Gi0/11,39.81,47.03,61.22,13.61,0.34,1.4,4,0,UP
2026-10-02 19:57:22.167756,R1,Gi0/1,34.58,43.47,49.66,13.3,0.15,2.72,2,0,UP
2026-10-02 19:57:22.167756,R1,Gi0/2,38.65,49.82,43.06,14.55,0.1,1.62,0,0,UP
2026-10-02 19:57:22.167756,SW1,Gi0/1,49.42,48.38,38.85,11.43,0.28,2.33,1,0,UP
2026-10-02 19:57:22.167756,SW1,Gi0/10,38.0,42.72,46.11,14.56,0.14,2.32,1,0,UP
2026-10-02 19:57:22.167756,SW1,Gi0/11,34.52,53.4,63.78,13.09,0.16,1.83,6,0,UP
2026-10-02 19:57:22.167756,SW2,Gi0/2,41.53,46.17,44.5,12.43,0.25,2.76,5,0,UP
2026-10-02 19:57:22.167756,SW2,Gi0/10,40.99,49.79,48.17,10.78,0.3,1.9,3,0,UP
2026-10-02 19:57:22.167756,SW2,Gi0/11,48.57,52.76,46.85,10.97,0.19,1.43,4,0,UP
2026-10-02 19:58:22.167756,R1,Gi0/1,29.33,54.84,50.85,12.2,0.15,1.99,0,0,UP
2026-10-02 19:58:22.167756,R1,Gi0/2,44.12,49.18,57.12,12.78,0.22,2.2,1,0,UP
2026-10-02 19:58:22.167756,SW1,Gi0/1,37.75,50.66,42.58,10.85,0.17,2.02,7,0,UP
2026-10-02 19:58:22.167756,SW1,Gi0/10,38.37,46.61,43.78,15.0,0.36,2.97,3,0,UP
2026-10-02 19:58:22.167756,SW1,Gi0/11,43.21,44.75,42.17,9.77,0.25,2.02,3,0,UP
2026-10-02 19:58:22.167756,SW2,Gi0/2,35.77,54.25,25.74,11.5,0.19,0.99,3,0,UP
2026-10-02 19:58:22.167756,SW2,Gi0/10,39.13,52.81,61.0,12.65,0.3,2.69,3,0,UP
2026-10-02 19:58:22.167756,SW2,Gi0/11,35.67,41.8,48.0,11.2,0.33,1.76,2,0,UP
2026-10-02 19:59:22.167756,R1,Gi0/1,34.2,48.28,37.46,10.3,0.19,1.7,8,0,UP
2026-10-02 19:59:22.167756,R1,Gi0/2,44.18,55.42,44.11,12.21,0.16,3.31,2,0,UP
2026-10-02 19:59:22.167756,SW1,Gi0/1,36.98,46.23,47.68,14.84,0.31,1.62,1,0,UP
2026-10-02 19:59:22.167756,SW1,Gi0/10,46.23,60.51,43.84,14.41,0.05,1.58,0,0,UP
2026-10-02 19:59:22.167756,SW1,Gi0/11,42.06,49.11,46.9,14.44,0.13,2.05,0,0,UP
2026-10-02 19:59:22.167756,SW2,Gi0/2,45.82,55.48,47.9,12.24,0.15,1.3,3,0,UP
2026-10-02 19:59:22.167756,SW2,Gi0/10,43.78,60.1,41.85,12.54,0.31,2.57,1,0,UP
2026-10-02 19:59:22.167756,SW2,Gi0/11,38.6,47.37,37.79,14.94,0.21,1.96,3,0,UP
2026-10-02 20:00:22.167756,R1,Gi0/1,40.27,48.9,38.91,15.13,0.14,1.53,2,0,UP
2026-10-02 20:00:22.167756,R1,Gi0/2,50.79,45.89,50.68,11.51,0.22,2.46,0,0,UP
2026-10-02 20:00:22.167756,SW1,Gi0/1,35.52,54.54,45.78,12.42,0.27,1.56,5,0,UP
2026-10-02 20:00:22.167756,SW1,Gi0/10,44.1,51.19,48.75,14.33,0.14,2.33,6,0,UP
2026-10-02 20:00:22.167756,SW1,Gi0/11,43.2,48.89,63.55,12.46,0.34,1.79,5,0,UP
2026-10-02 20:00:22.167756,SW2,Gi0/2,37.27,51.62,40.15,15.8,0.18,1.45,3,0,UP
2026-10-02 20:00:22.167756,SW2,Gi0/10,42.69,49.87,38.49,14.07,0.33,1.18,1,0,UP
2026-10-02 20:00:22.167756,SW2,Gi0/11,39.2,47.35,49.21,15.68,0.16,2.79,0,0,UP
2026-10-02 20:01:22.167756,R1,Gi0/1,42.28,47.03,48.82,8.49,0.07,2.24,1,0,UP
2026-10-02 20:01:22.167756,R1,Gi0/2,38.38,59.18,46.1,13.8,0.12,1.33,2,0,UP
2026-10-02 20:01:22.167756,SW1,Gi0/1,32.55,46.51,46.9,11.78,0.23,2.3,0,0,UP
2026-10-02 20:01:22.167756,SW1,Gi0/10,35.29,39.11,42.04,13.47,0.35,2.1,5,0,UP
2026-10-02 20:01:22.167756,SW1,Gi0/11,41.92,50.54,40.11,7.23,0.32,1.97,5,0,UP
2026-10-02 20:01:22.167756,SW2,Gi0/2,35.25,62.14,43.01,10.62,0.18,2.09,2,0,UP
2026-10-02 20:01:22.167756,SW2,Gi0/10,37.42,40.98,38.57,14.15,0.11,1.14,0,0,UP
2026-10-02 20:01:22.167756,SW2,Gi0/11,39.56,46.2,42.76,10.4,0.3,2.25,7,0,UP
2026-10-02 20:02:22.167756,R1,Gi0/1,38.09,48.58,54.47,12.78,0.11,2.28,3,0,UP
2026-10-02 20:02:22.167756,R1,Gi0/2,31.03,46.74,46.52,14.89,0.27,1.72,1,0,UP
2026-10-02 20:02:22.167756,SW1,Gi0/1,43.99,37.87,38.54,14.82,0.23,1.62,0,0,UP
2026-10-02 20:02:22.167756,SW1,Gi0/10,44.2,50.39,43.25,12.75,0.22,2.04,0,0,UP
2026-10-02 20:02:22.167756,SW1,Gi0/11,34.87,53.74,49.47,12.76,0.14,2.38,2,0,UP
2026-10-02 20:02:22.167756,SW2,Gi0/2,46.51,46.27,40.8,11.7,0.28,1.98,3,0,UP
2026-10-02 20:02:22.167756,SW2,Gi0/10,38.04,51.34,44.43,10.43,0.21,2.08,7,0,UP
2026-10-02 20:02:22.167756,SW2,Gi0/11,36.94,45.8,47.23,10.01,0.09,1.28,1,0,UP
2026-10-02 20:03:22.167756,R1,Gi0/1,36.25,43.58,43.0,7.27,0.25,1.72,2,0,UP
2026-10-02 20:03:22.167756,R1,Gi0/2,42.93,51.86,39.96,12.9,0.35,1.49,4,0,UP
2026-10-02 20:03:22.167756,SW1,Gi0/1,34.43,55.88,39.3,10.5,0.31,2.36,1,0,UP
2026-10-02 20:03:22.167756,SW1,Gi0/10,40.64,46.45,32.26,12.38,0.16,1.53,5,0,UP
2026-10-02 20:03:22.167756,SW1,Gi0/11,35.44,50.72,53.64,11.49,0.13,2.15,3,0,UP
2026-10-02 20:03:22.167756,SW2,Gi0/2,44.38,59.36,41.34,12.39,0.07,2.33,3,0,UP
2026-10-02 20:03:22.167756,SW2,Gi0/10,39.11,46.91,42.21,12.47,0.1,1.85,3,0,UP
2026-10-02 20:03:22.167756,SW2,Gi0/11,32.3,44.74,39.72,15.14,0.12,1.97,0,0,UP
2026-10-02 20:04:22.167756,R1,Gi0/1,36.12,42.79,50.36,9.35,0.29,2.23,2,0,UP
2026-10-02 20:04:22.167756,R1,Gi0/2,44.7,65.52,48.82,9.76,0.35,2.09,7,0,UP
2026-10-02 20:04:22.167756,SW1,Gi0/1,37.47,56.41,45.0,17.31,0.17,3.5,3,0,UP
2026-10-02 20:04:22.167756,SW1,Gi0/10,44.23,58.5,38.7,13.94,0.17,2.08,3,0,UP
2026-10-02 20:04:22.167756,SW1,Gi0/11,42.86,52.65,40.4,12.25,0.0,2.5,6,0,UP
2026-10-02 20:04:22.167756,SW2,Gi0/2,40.95,41.97,50.94,10.47,0.22,2.34,4,0,UP
2026-10-02 20:04:22.167756,SW2,Gi0/10,45.4,50.73,46.39,13.47,0.19,1.66,3,0,UP
2026-10-02 20:04:22.167756,SW2,Gi0/11,34.36,49.6,33.98,10.89,0.15,1.51,5,0,UP
2026-10-02 20:05:22.167756,R1,Gi0/1,45.09,56.57,43.5,11.13,0.28,2.06,3,0,UP
2026-10-02 20:05:22.167756,R1,Gi0/2,27.28,53.78,49.99,11.99,0.28,2.3,1,0,UP
2026-10-02 20:05:22.167756,SW1,Gi0/1,38.9,44.96,56.7,13.95,0.12,2.31,3,0,UP
2026-10-02 20:05:22.167756,SW1,Gi0/10,36.57,50.62,51.87,13.88,0.43,2.05,2,0,UP
2026-10-02 20:05:22.167756,SW1,Gi0/11,42.81,49.09,40.32,10.15,0.0,2.37,0,0,UP
2026-10-02 20:05:22.167756,SW2,Gi0/2,35.6,51.46,42.43,16.3,0.05,3.12,5,0,UP
2026-10-02 20:05:22.167756,SW2,Gi0/10,44.55,57.2,48.24,8.59,0.25,1.26,1,0,UP
2026-10-02 20:05:22.167756,SW2,Gi0/11,39.61,45.44,52.57,11.57,0.24,2.0,3,0,UP
2026-10-02 20:06:22.167756,R1,Gi0/1,35.57,44.13,43.77,10.07,0.34,1.31,7,0,UP
2026-10-02 20:06:22.167756,R1,Gi0/2,41.51,50.35,40.68,13.31,0.18,2.15,4,0,UP
2026-10-02 20:06:22.167756,SW1,Gi0/1,43.35,56.2,49.3,10.1,0.0,2.11,3,0,UP
2026-10-02 20:06:22.167756,SW1,Gi0/10,49.63,49.42,48.0,13.55,0.25,2.42,1,0,UP
2026-10-02 20:06:22.167756,SW1,Gi0/11,35.12,48.6,27.61,11.92,0.13,2.16,2,0,UP
2026-10-02 20:06:22.167756,SW2,Gi0/2,34.92,56.55,45.66,13.73,0.22,2.23,0,0,UP
2026-10-02 20:06:22.167756,SW2,Gi0/10,46.39,54.39,44.85,12.58,0.3,1.81,0,0,UP
2026-10-02 20:06:22.167756,SW2,Gi0/11,38.23,50.76,44.74,14.64,0.1,1.58,0,0,UP
2026-10-02 20:07:22.167756,R1,Gi0/1,42.14,42.37,50.95,10.13,0.12,2.89,5,0,UP
2026-10-02 20:07:22.167756,R1,Gi0/2,40.6,43.44,61.12,11.61,0.22,2.46,0,0,UP
2026-10-02 20:07:22.167756,SW1,Gi0/1,36.8,49.66,46.05,9.39,0.23,2.02,6,0,UP
2026-10-02 20:07:22.167756,SW1,Gi0/10,45.0,48.65,43.43,14.03,0.23,1.31,7,0,UP
2026-10-02 20:07:22.167756,SW1,Gi0/11,35.05,62.39,48.42,10.73,0.0,2.39,0,0,UP
2026-10-02 20:07:22.167756,SW2,Gi0/2,41.79,59.67,35.9,13.48,0.12,2.57,3,0,UP
2026-10-02 20:07:22.167756,SW2,Gi0/10,39.9,56.04,50.0,10.39,0.38,1.23,3,0,UP
2026-10-02 20:07:22.167756,SW2,Gi0/11,35.89,42.56,35.93,11.9,0.23,2.53,5,0,UP
2026-10-02 20:08:22.167756,R1,Gi0/1,41.39,47.78,53.31,10.77,0.04,2.47,5,0,UP
2026-10-02 20:08:22.167756,R1,Gi0/2,35.89,59.8,49.66,12.87,0.15,2.51,0,0,UP
2026-10-02 20:08:22.167756,SW1,Gi0/1,38.3,46.33,34.53,13.73,0.23,2.4,2,0,UP
2026-10-02 20:08:22.167756,SW1,Gi0/10,44.93,50.39,41.22,10.72,0.0,2.58,5,0,UP
2026-10-02 20:08:22.167756,SW1,Gi0/11,54.64,48.33,39.67,8.6,0.3,2.36,6,0,UP
2026-10-02 20:08:22.167756,SW2,Gi0/2,35.42,53.58,40.82,14.69,0.25,1.22,2,0,UP
2026-10-02 20:08:22.167756,SW2,Gi0/10,30.26,44.18,36.18,10.72,0.17,2.08,3,0,UP
2026-10-02 20:08:22.167756,SW2,Gi0/11,39.88,51.66,35.0,12.15,0.34,1.92,3,0,UP
2026-10-02 20:09:22.167756,R1,Gi0/1,42.01,54.31,47.3,13.69,0.25,2.33,3,0,UP
2026-10-02 20:09:22.167756,R1,Gi0/2,34.97,44.15,42.17,15.1,0.18,2.15,0,0,UP
2026-10-02 20:09:22.167756,SW1,Gi0/1,40.97,50.43,23.61,12.58,0.03,1.64,4,0,UP
2026-10-02 20:09:22.167756,SW1,Gi0/10,40.79,47.76,40.73,11.16,0.22,1.4,5,0,UP
2026-10-02 20:09:22.167756,SW1,Gi0/11,34.26,41.36,52.93,11.13,0.21,2.33,1,0,UP
2026-10-02 20:09:22.167756,SW2,Gi0/2,40.69,53.24,58.15,10.98,0.15,2.28,3,0,UP
2026-10-02 20:09:22.167756,SW2,Gi0/10,39.31,57.96,31.54,9.16,0.03,2.6,4,0,UP
2026-10-02 20:09:22.167756,SW2,Gi0/11,33.15,49.38,44.78,7.58,0.22,1.41,4,0,UP
2026-10-02 20:10:22.167756,R1,Gi0/1,34.27,51.1,55.36,13.95,0.25,1.96,0,0,UP
2026-10-02 20:10:22.167756,R1,Gi0/2,37.8,48.87,42.62,8.93,0.24,1.41,6,0,UP
2026-10-02 20:10:22.167756,SW1,Gi0/1,40.74,54.9,52.67,16.16,0.22,1.8,2,0,UP
2026-10-02 20:10:22.167756,SW1,Gi0/10,47.48,43.4,37.98,12.47,0.18,2.48,0,0,UP
2026-10-02 20:10:22.167756,SW1,Gi0/11,39.67,49.06,36.42,13.76,0.19,1.93,1,0,UP
2026-10-02 20:10:22.167756,SW2,Gi0/2,38.15,44.89,51.91,14.07,0.37,2.22,2,0,UP
2026-10-02 20:10:22.167756,SW2,Gi0/10,37.66,52.45,46.61,11.65,0.17,2.59,2,0,UP
2026-10-02 20:10:22.167756,SW2,Gi0/11,46.73,50.91,42.06,10.43,0.18,2.25,2,0,UP
2026-10-02 20:11:22.167756,R1,Gi0/1,44.25,47.87,44.0,9.43,0.26,1.87,6,0,UP
2026-10-02 20:11:22.167756,R1,Gi0/2,43.52,50.42,54.8,12.81,0.3,1.57,3,0,UP
2026-10-02 20:11:22.167756,SW1,Gi0/1,42.51,42.28,57.05,9.68,0.07,0.58,3,0,UP
2026-10-02 20:11:22.167756,SW1,Gi0/10,31.78,47.42,51.7,12.38,0.14,1.2,2,0,UP
2026-10-02 20:11:22.167756,SW1,Gi0/11,44.28,53.5,59.29,10.69,0.07,2.15,3,0,UP
2026-10-02 20:11:22.167756,SW2,Gi0/2,39.98,46.27,23.77,9.99,0.26,2.14,4,0,UP
2026-10-02 20:11:22.167756,SW2,Gi0/10,41.73,53.68,51.12,12.04,0.2,0.55,1,0,UP
2026-10-02 20:11:22.167756,SW2,Gi0/11,36.93,49.46,37.56,13.88,0.11,2.55,1,0,UP
2026-10-02 20:12:22.167756,R1,Gi0/1,36.98,46.6,41.03,14.36,0.17,1.85,1,0,UP
2026-10-02 20:12:22.167756,R1,Gi0/2,38.7,51.08,43.28,11.7,0.3,2.14,0,0,UP
2026-10-02 20:12:22.167756,SW1,Gi0/1,39.57,47.31,49.17,12.21,0.31,1.63,2,0,UP
2026-10-02 20:12:22.167756,SW1,Gi0/10,34.68,49.79,32.71,12.64,0.19,2.08,4,0,UP
2026-10-02 20:12:22.167756,SW1,Gi0/11,41.12,43.62,40.55,11.84,0.17,1.9,6,0,UP
2026-10-02 20:12:22.167756,SW2,Gi0/2,40.5,51.91,28.93,13.49,0.49,2.67,2,0,UP
2026-10-02 20:12:22.167756,SW2,Gi0/10,51.41,50.14,47.45,11.47,0.17,0.88,4,0,UP
2026-10-02 20:12:22.167756,SW2,Gi0/11,38.52,49.06,47.19,11.17,0.23,2.6,3,0,UP
2026-10-02 20:13:22.167756,R1,Gi0/1,39.23,49.38,46.6,10.34,0.22,2.34,3,0,UP
2026-10-02 20:13:22.167756,R1,Gi0/2,37.88,48.56,50.22,9.8,0.12,1.2,3,0,UP
2026-10-02 20:13:22.167756,SW1,Gi0/1,44.31,56.66,57.39,10.62,0.23,1.8,6,0,UP
2026-10-02 20:13:22.167756,SW1,Gi0/10,46.52,50.84,40.05,5.1,0.06,1.07,0,0,UP
2026-10-02 20:13:22.167756,SW1,Gi0/11,49.39,43.52,36.51,10.16,0.46,1.97,4,0,UP
2026-10-02 20:13:22.167756,SW2,Gi0/2,40.88,40.08,57.26,12.8,0.19,2.88,2,0,UP
2026-10-02 20:13:22.167756,SW2,Gi0/10,39.28,48.27,53.61,13.63,0.23,1.47,2,0,UP
2026-10-02 20:13:22.167756,SW2,Gi0/11,34.74,55.8,32.4,15.19,0.33,1.54,2,0,UP
2026-10-02 20:14:22.167756,R1,Gi0/1,36.44,52.15,56.3,14.37,0.16,2.63,5,0,UP
2026-10-02 20:14:22.167756,R1,Gi0/2,39.06,49.95,57.33,14.12,0.32,3.29,4,0,UP
2026-10-02 20:14:22.167756,SW1,Gi0/1,41.63,56.79,60.9,10.78,0.18,1.49,3,0,UP
2026-10-02 20:14:22.167756,SW1,Gi0/10,44.45,45.26,54.07,11.09,0.15,2.56,1,0,UP
2026-10-02 20:14:22.167756,SW1,Gi0/11,32.98,53.72,43.95,14.4,0.28,1.13,5,0,UP
2026-10-02 20:14:22.167756,SW2,Gi0/2,49.5,55.17,53.59,11.5,0.15,2.11,4,0,UP
2026-10-02 20:14:22.167756,SW2,Gi0/10,44.47,47.81,40.69,9.02,0.26,1.81,2,0,UP
2026-10-02 20:14:22.167756,SW2,Gi0/11,48.64,52.99,47.58,13.66,0.34,1.19,1,0,UP
2026-10-02 20:15:22.167756,R1,Gi0/1,38.84,45.11,42.88,8.9,0.29,1.74,3,0,UP
2026-10-02 20:15:22.167756,R1,Gi0/2,40.26,52.79,25.31,12.9,0.17,2.2,0,0,UP
2026-10-02 20:15:22.167756,SW1,Gi0/1,42.07,56.49,46.52,10.57,0.13,2.29,4,0,UP
2026-10-02 20:15:22.167756,SW1,Gi0/10,41.78,49.81,46.62,11.87,0.16,2.38,3,0,UP
2026-10-02 20:15:22.167756,SW1,Gi0/11,46.45,55.58,47.22,13.19,0.1,1.96,3,0,UP
2026-10-02 20:15:22.167756,SW2,Gi0/2,32.09,52.15,37.33,10.3,0.15,1.98,0,0,UP
2026-10-02 20:15:22.167756,SW2,Gi0/10,44.28,50.89,60.4,12.6,0.26,1.57,0,0,UP
2026-10-02 20:15:22.167756,SW2,Gi0/11,43.1,44.53,50.13,15.41,0.29,2.29,3,0,UP
2026-10-02 20:16:22.167756,R1,Gi0/1,38.08,49.43,40.48,9.37,0.2,2.55,0,0,UP
2026-10-02 20:16:22.167756,R1,Gi0/2,46.99,56.09,48.18,12.81,0.18,2.02,2,0,UP
2026-10-02 20:16:22.167756,SW1,Gi0/1,40.16,50.7,60.05,13.13,0.18,1.95,1,0,UP
2026-10-02 20:16:22.167756,SW1,Gi0/10,37.26,54.55,41.05,10.76,0.14,1.64,5,0,UP
2026-10-02 20:16:22.167756,SW1,Gi0/11,40.71,48.59,45.23,12.43,0.13,1.31,5,0,UP
2026-10-02 20:16:22.167756,SW2,Gi0/2,44.94,51.89,52.35,15.83,0.15,1.44,4,0,UP
2026-10-02 20:16:22.167756,SW2,Gi0/10,32.67,50.19,42.61,13.35,0.15,2.6,1,0,UP
2026-10-02 20:16:22.167756,SW2,Gi0/11,43.53,46.67,49.39,9.97,0.2,2.66,3,0,UP
2026-10-02 20:17:22.167756,R1,Gi0/1,45.92,49.87,40.96,12.34,0.26,1.05,4,0,UP
2026-10-02 20:17:22.167756,R1,Gi0/2,35.3,44.06,49.31,14.68,0.22,1.32,1,0,UP
2026-10-02 20:17:22.167756,SW1,Gi0/1,37.91,50.98,44.42,12.99,0.3,2.17,4,0,UP
2026-10-02 20:17:22.167756,SW1,Gi0/10,38.65,66.48,49.43,13.37,0.38,2.04,1,0,UP
2026-10-02 20:17:22.167756,SW1,Gi0/11,46.53,56.83,46.23,15.52,0.19,2.47,6,0,UP
2026-10-02 20:17:22.167756,SW2,Gi0/2,40.49,52.28,53.21,11.27,0.12,2.67,3,0,UP
2026-10-02 20:17:22.167756,SW2,Gi0/10,37.47,50.47,49.07,8.86,0.27,2.2,6,0,UP
2026-10-02 20:17:22.167756,SW2,Gi0/11,38.91,56.89,44.64,12.28,0.23,3.05,0,0,UP
2026-10-02 20:18:22.167756,R1,Gi0/1,42.48,50.21,44.77,13.17,0.31,2.27,5,0,UP
2026-10-02 20:18:22.167756,R1,Gi0/2,38.75,49.76,36.99,15.97,0.18,1.85,4,0,UP
2026-10-02 20:18:22.167756,SW1,Gi0/1,45.54,46.54,54.49,11.39,0.34,1.73,4,0,UP
2026-10-02 20:18:22.167756,SW1,Gi0/10,40.21,44.37,33.67,10.51,0.3,1.03,3,0,UP
2026-10-02 20:18:22.167756,SW1,Gi0/11,41.23,41.59,38.62,10.4,0.21,2.73,5,0,UP
2026-10-02 20:18:22.167756,SW2,Gi0/2,38.2,45.85,32.53,11.24,0.11,1.98,3,0,UP
2026-10-02 20:18:22.167756,SW2,Gi0/10,37.62,47.73,39.45,10.98,0.34,2.26,4,0,UP
2026-10-02 20:18:22.167756,SW2,Gi0/11,45.06,54.62,56.4,13.18,0.22,1.7,1,0,UP
2026-10-02 20:19:22.167756,R1,Gi0/1,44.41,49.44,34.12,7.81,0.41,1.51,1,0,UP
2026-10-02 20:19:22.167756,R1,Gi0/2,46.14,43.96,49.25,15.64,0.41,1.78,2,0,UP
2026-10-02 20:19:22.167756,SW1,Gi0/1,38.02,49.91,55.39,9.2,0.26,1.9,5,0,UP
2026-10-02 20:19:22.167756,SW1,Gi0/10,46.58,47.96,44.11,13.79,0.3,0.76,4,0,UP
2026-10-02 20:19:22.167756,SW1,Gi0/11,48.23,51.28,52.6,14.56,0.22,2.41,3,0,UP
2026-10-02 20:19:22.167756,SW2,Gi0/2,39.74,46.69,46.38,15.77,0.11,2.31,3,0,UP
2026-10-02 20:19:22.167756,SW2,Gi0/10,47.37,58.31,37.61,10.85,0.15,1.76,2,0,UP
2026-10-02 20:19:22.167756,SW2,Gi0/11,41.74,45.74,39.31,10.42,0.25,1.97,2,0,UP
2026-10-02 20:20:22.167756,R1,Gi0/1,35.79,41.98,58.05,11.42,0.47,2.39,6,0,UP
2026-10-02 20:20:22.167756,R1,Gi0/2,44.97,50.79,40.22,10.05,0.31,2.13,4,0,UP
2026-10-02 20:20:22.167756,SW1,Gi0/1,44.07,51.78,41.23,14.03,0.18,2.05,4,0,UP
2026-10-02 20:20:22.167756,SW1,Gi0/10,39.71,40.91,53.32,14.51,0.02,1.48,7,0,UP
2026-10-02 20:20:22.167756,SW1,Gi0/11,41.16,50.02,41.59,9.94,0.18,2.49,2,0,UP
2026-10-02 20:20:22.167756,SW2,Gi0/2,43.05,58.83,40.36,12.61,0.3,1.53,3,0,UP
2026-10-02 20:20:22.167756,SW2,Gi0/10,49.36,48.3,53.55,11.72,0.38,1.18,3,0,UP
2026-10-02 20:20:22.167756,SW2,Gi0/11,32.61,46.5,39.35,11.47,0.08,1.96,3,0,UP
2026-10-02 20:21:22.167756,R1,Gi0/1,32.34,46.83,65.33,12.66,0.02,1.3,3,0,UP
2026-10-02 20:21:22.167756,R1,Gi0/2,40.5,47.06,62.55,17.24,0.17,2.44,4,0,UP
2026-10-02 20:21:22.167756,SW1,Gi0/1,45.28,46.8,60.52,11.86,0.24,2.0,2,0,UP
2026-10-02 20:21:22.167756,SW1,Gi0/10,41.39,44.07,29.23,11.57,0.11,2.27,3,0,UP
2026-10-02 20:21:22.167756,SW1,Gi0/11,40.07,57.41,44.95,9.08,0.18,2.59,0,0,UP
2026-10-02 20:21:22.167756,SW2,Gi0/2,39.53,52.88,66.22,14.42,0.21,2.26,0,0,UP
2026-10-02 20:21:22.167756,SW2,Gi0/10,34.75,53.25,46.29,12.58,0.2,2.0,3,0,UP
2026-10-02 20:21:22.167756,SW2,Gi0/11,34.72,48.86,35.05,10.76,0.32,1.91,4,0,UP
2026-10-02 20:22:22.167756,R1,Gi0/1,40.58,48.08,36.93,11.2,0.22,2.29,3,0,UP
2026-10-02 20:22:22.167756,R1,Gi0/2,43.25,42.4,51.93,9.74,0.3,2.25,0,0,UP
2026-10-02 20:22:22.167756,SW1,Gi0/1,43.68,54.98,55.06,10.46,0.22,2.35,4,0,UP
2026-10-02 20:22:22.167756,SW1,Gi0/10,42.05,47.87,52.9,13.99,0.18,1.61,1,0,UP
2026-10-02 20:22:22.167756,SW1,Gi0/11,46.82,54.75,44.84,11.6,0.02,1.96,0,0,UP
2026-10-02 20:22:22.167756,SW2,Gi0/2,40.79,55.93,37.16,12.48,0.3,2.11,1,0,UP
2026-10-02 20:22:22.167756,SW2,Gi0/10,40.05,54.79,47.1,11.99,0.32,2.26,0,0,UP
2026-10-02 20:22:22.167756,SW2,Gi0/11,43.16,54.75,35.1,7.46,0.1,1.95,5,0,UP
2026-10-02 20:23:22.167756,R1,Gi0/1,35.55,52.78,21.86,12.36,0.16,3.05,0,0,UP
2026-10-02 20:23:22.167756,R1,Gi0/2,39.93,40.51,40.6,8.6,0.43,1.82,2,0,UP
2026-10-02 20:23:22.167756,SW1,Gi0/1,39.79,44.34,53.44,13.28,0.29,1.39,5,0,UP
2026-10-02 20:23:22.167756,SW1,Gi0/10,45.1,48.84,52.16,12.55,0.04,1.91,2,0,UP
2026-10-02 20:23:22.167756,SW1,Gi0/11,40.43,55.11,31.87,11.11,0.12,1.61,1,0,UP
2026-10-02 20:23:22.167756,SW2,Gi0/2,40.34,52.62,47.79,12.37,0.26,3.19,3,0,UP
2026-10-02 20:23:22.167756,SW2,Gi0/10,45.11,54.82,59.22,13.12,0.12,2.15,3,0,UP
2026-10-02 20:23:22.167756,SW2,Gi0/11,44.08,45.63,55.13,12.01,0.28,2.15,3,0,UP
2026-10-02 20:24:22.167756,R1,Gi0/1,41.17,53.36,60.67,7.97,0.25,2.02,2,0,UP
2026-10-02 20:24:22.167756,R1,Gi0/2,28.18,52.9,44.0,10.33,0.2,1.85,0,0,UP
2026-10-02 20:24:22.167756,SW1,Gi0/1,40.44,52.9,40.61,12.52,0.21,2.52,2,0,UP
2026-10-02 20:24:22.167756,SW1,Gi0/10,44.01,48.43,60.74,11.13,0.13,1.95,1,0,UP
2026-10-02 20:24:22.167756,SW1,Gi0/11,33.76,53.64,20.5,10.56,0.07,2.07,0,0,UP
2026-10-02 20:24:22.167756,SW2,Gi0/2,42.74,53.28,31.94,12.38,0.25,2.47,0,0,UP
2026-10-02 20:24:22.167756,SW2,Gi0/10,31.95,57.51,38.42,10.95,0.26,1.42,2,0,UP
2026-10-02 20:24:22.167756,SW2,Gi0/11,44.46,42.89,41.0,9.75,0.12,2.59,5,0,UP
2026-10-02 20:25:22.167756,R1,Gi0/1,41.29,52.66,49.04,10.66,0.22,1.35,1,0,UP
2026-10-02 20:25:22.167756,R1,Gi0/2,39.57,44.7,34.82,10.58,0.31,2.78,2,0,UP
2026-10-02 20:25:22.167756,SW1,Gi0/1,42.91,47.18,28.47,10.21,0.17,2.07,2,0,UP
2026-10-02 20:25:22.167756,SW1,Gi0/10,38.59,47.13,47.75,9.27,0.28,1.71,7,0,UP
2026-10-02 20:25:22.167756,SW1,Gi0/11,38.42,47.6,40.5,11.06,0.26,1.98,4,0,UP
2026-10-02 20:25:22.167756,SW2,Gi0/2,42.32,50.16,47.98,14.39,0.27,2.14,3,0,UP
2026-10-02 20:25:22.167756,SW2,Gi0/10,34.24,62.86,49.23,13.26,0.2,0.85,2,0,UP
2026-10-02 20:25:22.167756,SW2,Gi0/11,40.38,45.89,38.35,11.32,0.28,2.63,3,0,UP
2026-10-02 20:26:22.167756,R1,Gi0/1,37.16,48.19,45.8,12.44,0.24,1.78,4,0,UP
2026-10-02 20:26:22.167756,R1,Gi0/2,42.25,48.02,31.24,10.23,0.36,1.15,5,0,UP
2026-10-02 20:26:22.167756,SW1,Gi0/1,31.36,46.13,42.0,15.56,0.2,1.89,1,0,UP
2026-10-02 20:26:22.167756,SW1,Gi0/10,42.61,47.44,43.17,11.28,0.27,2.38,1,0,UP
2026-10-02 20:26:22.167756,SW1,Gi0/11,36.86,46.37,46.47,13.81,0.22,0.9,4,0,UP
2026-10-02 20:26:22.167756,SW2,Gi0/2,33.26,46.42,46.59,11.83,0.29,1.69,1,0,UP
2026-10-02 20:26:22.167756,SW2,Gi0/10,38.44,54.89,50.04,12.17,0.33,2.57,4,0,UP
2026-10-02 20:26:22.167756,SW2,Gi0/11,34.11,53.92,43.38,11.21,0.13,1.91,1,0,UP
2026-10-02 20:27:22.167756,R1,Gi0/1,40.85,49.14,46.76,13.11,0.17,1.63,0,0,UP
2026-10-02 20:27:22.167756,R1,Gi0/2,43.85,50.39,43.59,14.34,0.07,2.03,1,0,UP
2026-10-02 20:27:22.167756,SW1,Gi0/1,43.28,38.87,51.43,13.53,0.11,2.03,1,0,UP
2026-10-02 20:27:22.167756,SW1,Gi0/10,42.14,54.1,36.96,9.41,0.31,2.97,3,0,UP
2026-10-02 20:27:22.167756,SW1,Gi0/11,42.84,48.34,46.44,12.7,0.18,2.67,3,0,UP
2026-10-02 20:27:22.167756,SW2,Gi0/2,41.53,49.19,44.52,14.44,0.21,2.08,3,0,UP
2026-10-02 20:27:22.167756,SW2,Gi0/10,38.18,42.96,57.58,14.14,0.32,1.46,5,0,UP
2026-10-02 20:27:22.167756,SW2,Gi0/11,49.83,55.22,58.18,13.6,0.12,2.25,0,0,UP
2026-10-02 20:28:22.167756,R1,Gi0/1,37.01,51.58,46.46,12.93,0.02,1.92,4,0,UP
2026-10-02 20:28:22.167756,R1,Gi0/2,43.74,54.07,47.01,11.24,0.25,1.85,4,0,UP
2026-10-02 20:28:22.167756,SW1,Gi0/1,42.14,49.69,38.85,14.24,0.26,3.05,4,0,UP
2026-10-02 20:28:22.167756,SW1,Gi0/10,43.05,42.67,47.48,11.37,0.28,2.17,4,0,UP
2026-10-02 20:28:22.167756,SW1,Gi0/11,50.66,46.01,52.57,13.37,0.4,2.35,4,0,UP
2026-10-02 20:28:22.167756,SW2,Gi0/2,44.26,54.61,56.63,10.36,0.16,2.87,0,0,UP
2026-10-02 20:28:22.167756,SW2,Gi0/10,39.58,50.75,43.58,15.16,0.25,1.81,1,0,UP
2026-10-02 20:28:22.167756,SW2,Gi0/11,41.41,55.83,46.11,11.73,0.13,2.19,3,0,UP
2026-10-02 20:29:22.167756,R1,Gi0/1,36.38,55.13,58.65,12.1,0.23,1.45,4,0,UP
2026-10-02 20:29:22.167756,R1,Gi0/2,42.32,48.37,39.05,15.7,0.24,1.54,4,0,UP
2026-10-02 20:29:22.167756,SW1,Gi0/1,41.15,50.29,52.83,6.77,0.02,2.69,2,0,UP
2026-10-02 20:29:22.167756,SW1,Gi0/10,37.87,43.31,46.55,12.63,0.34,2.19,2,0,UP
2026-10-02 20:29:22.167756,SW1,Gi0/11,42.03,55.55,52.13,13.24,0.23,1.71,0,0,UP
2026-10-02 20:29:22.167756,SW2,Gi0/2,34.04,51.97,48.99,14.19,0.26,2.53,2,0,UP
2026-10-02 20:29:22.167756,SW2,Gi0/10,43.85,44.99,44.52,8.34,0.2,2.61,3,0,UP
2026-10-02 20:29:22.167756,SW2,Gi0/11,43.61,51.37,40.44,11.63,0.32,2.36,1,0,UP
2026-10-02 20:30:22.167756,R1,Gi0/1,33.06,51.03,40.34,11.65,0.05,2.52,2,0,UP
2026-10-02 20:30:22.167756,R1,Gi0/2,40.27,45.84,42.78,12.24,0.14,1.89,5,0,UP
2026-10-02 20:30:22.167756,SW1,Gi0/1,31.25,50.92,38.72,14.67,0.18,1.48,2,0,UP
2026-10-02 20:30:22.167756,SW1,Gi0/10,41.75,63.88,28.12,9.6,0.33,1.25,3,0,UP
2026-10-02 20:30:22.167756,SW1,Gi0/11,37.58,46.8,43.62,11.33,0.31,2.66,3,0,UP
2026-10-02 20:30:22.167756,SW2,Gi0/2,38.82,51.29,51.44,14.0,0.24,2.76,1,0,UP
2026-10-02 20:30:22.167756,SW2,Gi0/10,45.7,53.52,40.12,12.47,0.23,1.93,2,0,UP
2026-10-02 20:30:22.167756,SW2,Gi0/11,32.38,46.55,43.09,10.85,0.11,2.53,2,0,UP
2026-10-02 20:31:22.167756,R1,Gi0/1,50.83,51.11,53.32,11.58,0.13,2.13,5,0,UP
2026-10-02 20:31:22.167756,R1,Gi0/2,39.55,52.23,47.06,11.8,0.2,1.5,2,0,UP
2026-10-02 20:31:22.167756,SW1,Gi0/1,43.27,51.48,46.47,13.45,0.22,2.01,4,0,UP
2026-10-02 20:31:22.167756,SW1,Gi0/10,40.68,48.82,48.75,11.93,0.17,2.08,3,0,UP
2026-10-02 20:31:22.167756,SW1,Gi0/11,34.48,51.67,59.77,10.04,0.15,3.39,1,0,UP
2026-10-02 20:31:22.167756,SW2,Gi0/2,46.43,48.86,45.48,11.74,0.24,1.21,3,0,UP
2026-10-02 20:31:22.167756,SW2,Gi0/10,37.98,40.68,53.97,7.78,0.41,2.31,0,0,UP
2026-10-02 20:31:22.167756,SW2,Gi0/11,46.69,46.25,39.36,8.4,0.11,1.63,4,0,UP
2026-10-02 20:32:22.167756,R1,Gi0/1,45.84,43.8,47.16,8.32,0.23,3.08,0,0,UP
2026-10-02 20:32:22.167756,R1,Gi0/2,34.93,53.64,51.76,10.12,0.35,1.59,6,0,UP
2026-10-02 20:32:22.167756,SW1,Gi0/1,42.34,56.36,47.97,13.31,0.27,2.57,2,0,UP
2026-10-02 20:32:22.167756,SW1,Gi0/10,35.5,49.61,39.66,10.8,0.37,2.31,4,0,UP
2026-10-02 20:32:22.167756,SW1,Gi0/11,45.36,53.09,59.94,7.81,0.1,1.65,0,0,UP
2026-10-02 20:32:22.167756,SW2,Gi0/2,40.56,50.8,60.8,13.81,0.15,2.25,0,0,UP
2026-10-02 20:32:22.167756,SW2,Gi0/10,40.71,50.44,37.78,11.6,0.13,1.53,4,0,UP
2026-10-02 20:32:22.167756,SW2,Gi0/11,45.17,52.55,41.5,10.67,0.16,1.89,1,0,UP
2026-10-02 20:33:22.167756,R1,Gi0/1,45.27,48.99,51.12,9.2,0.13,2.43,4,0,UP
2026-10-02 20:33:22.167756,R1,Gi0/2,33.99,51.52,47.63,10.58,0.24,1.21,1,0,UP
2026-10-02 20:33:22.167756,SW1,Gi0/1,42.99,50.15,45.65,11.65,0.25,2.29,4,0,UP
2026-10-02 20:33:22.167756,SW1,Gi0/10,40.63,48.06,40.54,9.89,0.16,1.7,6,0,UP
2026-10-02 20:33:22.167756,SW1,Gi0/11,34.77,55.19,42.86,11.59,0.24,1.29,1,0,UP
2026-10-02 20:33:22.167756,SW2,Gi0/2,33.79,48.1,37.73,14.63,0.14,0.81,2,0,UP
2026-10-02 20:33:22.167756,SW2,Gi0/10,44.04,58.15,43.16,10.97,0.2,2.21,0,0,UP
2026-10-02 20:33:22.167756,SW2,Gi0/11,38.78,49.75,45.37,11.71,0.11,2.17,2,0,UP
2026-10-02 20:34:22.167756,R1,Gi0/1,39.76,44.59,50.12,10.1,0.36,1.41,4,0,UP
2026-10-02 20:34:22.167756,R1,Gi0/2,30.46,38.71,40.56,7.48,0.27,1.99,5,0,UP
2026-10-02 20:34:22.167756,SW1,Gi0/1,39.16,51.22,42.85,10.25,0.16,1.4,3,0,UP
2026-10-02 20:34:22.167756,SW1,Gi0/10,38.46,49.5,67.59,11.19,0.23,1.97,5,0,UP
2026-10-02 20:34:22.167756,SW1,Gi0/11,41.19,48.64,63.34,10.28,0.18,2.46,1,0,UP
2026-10-02 20:34:22.167756,SW2,Gi0/2,43.83,47.6,53.03,13.95,0.19,1.5,2,0,UP
2026-10-02 20:34:22.167756,SW2,Gi0/10,39.93,54.44,47.56,13.08,0.23,2.42,2,0,UP
2026-10-02 20:34:22.167756,SW2,Gi0/11,40.82,50.14,41.5,14.02,0.3,2.6,1,0,UP
2026-10-02 20:35:22.167756,R1,Gi0/1,41.75,55.46,57.02,8.98,0.2,1.91,6,0,UP
2026-10-02 20:35:22.167756,R1,Gi0/2,28.95,44.76,56.46,11.06,0.07,2.76,0,0,UP
2026-10-02 20:35:22.167756,SW1,Gi0/1,45.11,42.2,33.46,12.4,0.12,2.14,6,0,UP
2026-10-02 20:35:22.167756,SW1,Gi0/10,39.22,58.14,47.59,13.91,0.0,2.32,3,0,UP
2026-10-02 20:35:22.167756,SW1,Gi0/11,38.2,59.48,41.05,8.78,0.28,1.29,3,0,UP
2026-10-02 20:35:22.167756,SW2,Gi0/2,46.7,52.49,43.02,11.3,0.33,1.39,4,0,UP
2026-10-02 20:35:22.167756,SW2,Gi0/10,50.97,52.72,43.1,11.68,0.15,1.67,3,0,UP
2026-10-02 20:35:22.167756,SW2,Gi0/11,43.4,58.05,29.35,7.12,0.36,2.03,3,0,UP
2026-10-02 20:36:22.167756,R1,Gi0/1,42.51,49.07,60.8,12.98,0.16,1.82,2,0,UP
2026-10-02 20:36:22.167756,R1,Gi0/2,36.11,58.45,45.99,9.66,0.24,2.72,5,0,UP
2026-10-02 20:36:22.167756,SW1,Gi0/1,36.2,44.45,56.42,8.75,0.24,1.72,5,0,UP
2026-10-02 20:36:22.167756,SW1,Gi0/10,34.73,46.02,49.94,13.59,0.34,2.24,3,0,UP
2026-10-02 20:36:22.167756,SW1,Gi0/11,45.25,43.15,37.96,9.43,0.0,2.42,5,0,UP
2026-10-02 20:36:22.167756,SW2,Gi0/2,42.78,51.9,45.68,12.11,0.37,2.77,1,0,UP
2026-10-02 20:36:22.167756,SW2,Gi0/10,45.54,56.15,50.2,12.78,0.24,1.26,0,0,UP
2026-10-02 20:36:22.167756,SW2,Gi0/11,43.92,44.5,33.89,7.85,0.15,2.19,3,0,UP
2026-10-02 20:37:22.167756,R1,Gi0/1,44.25,48.04,45.86,13.69,0.25,1.71,3,0,UP
2026-10-02 20:37:22.167756,R1,Gi0/2,30.08,50.0,40.05,15.04,0.1,2.06,2,0,UP
2026-10-02 20:37:22.167756,SW1,Gi0/1,37.21,51.89,41.65,15.7,0.0,2.32,2,0,UP
2026-10-02 20:37:22.167756,SW1,Gi0/10,39.75,51.51,52.98,12.53,0.3,2.02,0,0,UP
2026-10-02 20:37:22.167756,SW1,Gi0/11,39.55,55.76,41.71,9.83,0.26,2.17,1,0,UP
2026-10-02 20:37:22.167756,SW2,Gi0/2,38.83,49.09,45.05,13.29,0.16,2.35,1,0,UP
2026-10-02 20:37:22.167756,SW2,Gi0/10,48.33,58.44,38.15,9.55,0.3,2.13,4,0,UP
2026-10-02 20:37:22.167756,SW2,Gi0/11,36.73,49.34,42.24,12.61,0.08,1.95,0,0,UP
2026-10-02 20:38:22.167756,R1,Gi0/1,37.42,49.51,49.06,13.18,0.28,1.26,5,0,UP
2026-10-02 20:38:22.167756,R1,Gi0/2,36.78,47.14,47.15,11.33,0.24,2.27,1,0,UP
2026-10-02 20:38:22.167756,SW1,Gi0/1,39.08,49.23,52.67,11.07,0.15,1.49,1,0,UP
2026-10-02 20:38:22.167756,SW1,Gi0/10,33.25,46.48,57.75,13.38,0.33,1.52,0,0,UP
2026-10-02 20:38:22.167756,SW1,Gi0/11,41.58,59.27,41.12,12.2,0.04,2.01,2,0,UP
2026-10-02 20:38:22.167756,SW2,Gi0/2,29.53,44.81,36.07,8.84,0.13,2.25,1,0,UP
2026-10-02 20:38:22.167756,SW2,Gi0/10,45.74,48.19,47.61,12.99,0.35,1.64,3,0,UP
2026-10-02 20:38:22.167756,SW2,Gi0/11,35.27,58.61,36.68,12.77,0.36,1.4,4,0,UP
2026-10-02 20:39:22.167756,R1,Gi0/1,35.04,61.64,29.87,8.97,0.09,1.46,4,0,UP
2026-10-02 20:39:22.167756,R1,Gi0/2,49.0,55.78,46.87,12.02,0.14,2.2,2,0,UP
2026-10-02 20:39:22.167756,SW1,Gi0/1,40.95,46.3,35.39,12.05,0.2,1.7,1,0,UP
2026-10-02 20:39:22.167756,SW1,Gi0/10,42.79,52.27,60.01,14.76,0.08,1.9,0,0,UP
2026-10-02 20:39:22.167756,SW1,Gi0/11,30.8,60.98,56.84,10.74,0.32,2.7,0,0,UP
2026-10-02 20:39:22.167756,SW2,Gi0/2,44.25,47.54,48.06,18.02,0.36,1.94,5,0,UP
2026-10-02 20:39:22.167756,SW2,Gi0/10,30.39,52.52,49.22,13.41,0.15,2.19,4,0,UP
2026-10-02 20:39:22.167756,SW2,Gi0/11,28.39,48.42,37.77,13.32,0.34,1.69,0,0,UP
2026-10-02 20:40:22.167756,R1,Gi0/1,40.59,44.23,43.19,11.34,0.26,2.16,3,0,UP
2026-10-02 20:40:22.167756,R1,Gi0/2,48.18,51.35,41.66,11.41,0.12,1.49,0,0,UP
2026-10-02 20:40:22.167756,SW1,Gi0/1,45.67,46.41,47.53,11.4,0.2,2.58,3,0,UP
2026-10-02 20:40:22.167756,SW1,Gi0/10,35.39,47.18,51.88,12.97,0.29,1.88,0,0,UP
2026-10-02 20:40:22.167756,SW1,Gi0/11,42.53,51.26,47.23,9.24,0.14,1.53,3,0,UP
2026-10-02 20:40:22.167756,SW2,Gi0/2,42.17,49.78,52.74,14.98,0.24,2.34,1,0,UP
2026-10-02 20:40:22.167756,SW2,Gi0/10,36.37,55.05,38.0,13.39,0.37,2.33,2,0,UP
2026-10-02 20:40:22.167756,SW2,Gi0/11,33.3,50.82,53.07,11.64,0.3,2.18,3,0,UP
2026-10-02 20:41:22.167756,R1,Gi0/1,38.42,42.72,41.6,11.13,0.26,1.99,5,0,UP
2026-10-02 20:41:22.167756,R1,Gi0/2,41.41,47.48,38.48,10.79,0.22,1.81,0,0,UP
2026-10-02 20:41:22.167756,SW1,Gi0/1,45.03,50.76,47.2,10.35,0.1,1.92,0,0,UP
2026-10-02 20:41:22.167756,SW1,Gi0/10,43.9,46.48,42.86,12.85,0.18,1.42,6,0,UP
2026-10-02 20:41:22.167756,SW1,Gi0/11,32.34,38.82,52.0,9.08,0.33,2.19,3,0,UP
2026-10-02 20:41:22.167756,SW2,Gi0/2,37.15,45.87,41.99,10.25,0.32,1.63,4,0,UP
2026-10-02 20:41:22.167756,SW2,Gi0/10,45.03,45.59,48.01,10.21,0.18,1.77,1,0,UP
2026-10-02 20:41:22.167756,SW2,Gi0/11,40.79,43.93,52.43,9.84,0.07,1.87,2,0,UP
2026-10-02 20:42:22.167756,R1,Gi0/1,41.78,50.42,31.98,13.97,0.17,2.12,7,0,UP
2026-10-02 20:42:22.167756,R1,Gi0/2,46.43,51.05,34.02,9.29,0.32,1.8,2,0,UP
2026-10-02 20:42:22.167756,SW1,Gi0/1,34.27,52.23,54.13,15.05,0.16,2.32,2,0,UP
2026-10-02 20:42:22.167756,SW1,Gi0/10,44.4,49.98,38.41,14.64,0.21,1.82,3,0,UP
2026-10-02 20:42:22.167756,SW1,Gi0/11,36.32,52.08,43.43,10.41,0.44,1.5,3,0,UP
2026-10-02 20:42:22.167756,SW2,Gi0/2,40.28,44.87,42.3,9.31,0.41,1.87,2,0,UP
2026-10-02 20:42:22.167756,SW2,Gi0/10,49.73,45.88,55.36,13.19,0.0,1.81,3,0,UP
2026-10-02 20:42:22.167756,SW2,Gi0/11,40.18,50.19,40.14,10.57,0.17,2.98,1,0,UP
2026-10-02 20:43:22.167756,R1,Gi0/1,37.59,50.14,33.29,12.86,0.07,1.46,0,0,UP
2026-10-02 20:43:22.167756,R1,Gi0/2,31.8,56.34,49.17,13.84,0.28,1.92,2,0,UP
2026-10-02 20:43:22.167756,SW1,Gi0/1,45.07,58.19,34.94,17.04,0.07,1.77,3,0,UP
2026-10-02 20:43:22.167756,SW1,Gi0/10,40.83,59.82,53.1,12.83,0.3,2.17,1,0,UP
2026-10-02 20:43:22.167756,SW1,Gi0/11,42.43,50.34,38.26,14.53,0.19,1.44,1,0,UP
2026-10-02 20:43:22.167756,SW2,Gi0/2,42.67,55.25,48.85,12.97,0.12,2.05,2,0,UP
2026-10-02 20:43:22.167756,SW2,Gi0/10,39.03,49.44,39.72,13.5,0.1,1.35,1,0,UP
2026-10-02 20:43:22.167756,SW2,Gi0/11,44.42,51.7,30.73,13.19,0.2,1.79,2,0,UP
2026-10-02 20:44:22.167756,R1,Gi0/1,33.33,50.87,34.86,11.3,0.17,2.38,3,0,UP
2026-10-02 20:44:22.167756,R1,Gi0/2,43.53,44.02,44.14,13.06,0.32,1.43,1,0,UP
2026-10-02 20:44:22.167756,SW1,Gi0/1,42.53,58.06,47.29,9.78,0.09,2.07,3,0,UP
2026-10-02 20:44:22.167756,SW1,Gi0/10,38.89,44.6,53.81,11.3,0.25,1.11,5,0,UP
2026-10-02 20:44:22.167756,SW1,Gi0/11,36.58,56.72,49.9,9.14,0.22,2.83,1,0,UP
2026-10-02 20:44:22.167756,SW2,Gi0/2,48.29,51.93,55.72,12.32,0.19,2.92,4,0,UP
2026-10-02 20:44:22.167756,SW2,Gi0/10,38.82,52.12,40.48,12.22,0.32,1.92,1,0,UP
2026-10-02 20:44:22.167756,SW2,Gi0/11,35.17,50.37,38.54,9.13,0.08,2.59,2,0,UP
2026-10-02 20:45:22.167756,R1,Gi0/1,40.29,45.17,40.35,10.77,0.17,1.17,5,0,UP
2026-10-02 20:45:22.167756,R1,Gi0/2,39.92,51.01,52.31,13.68,0.14,2.3,4,0,UP
2026-10-02 20:45:22.167756,SW1,Gi0/1,41.58,55.31,51.4,13.45,0.34,2.01,3,0,UP
2026-10-02 20:45:22.167756,SW1,Gi0/10,44.1,49.11,48.85,10.88,0.0,2.3,0,0,UP
2026-10-02 20:45:22.167756,SW1,Gi0/11,36.5,54.1,51.65,14.35,0.0,2.15,2,0,UP
2026-10-02 20:45:22.167756,SW2,Gi0/2,44.94,57.38,34.53,12.03,0.28,1.83,6,0,UP
2026-10-02 20:45:22.167756,SW2,Gi0/10,37.99,48.5,36.41,12.31,0.0,1.88,5,0,UP
2026-10-02 20:45:22.167756,SW2,Gi0/11,33.02,41.91,53.93,14.5,0.06,2.87,3,0,UP
2026-10-02 20:46:22.167756,R1,Gi0/1,45.24,46.04,56.91,11.46,0.17,2.24,2,0,UP
2026-10-02 20:46:22.167756,R1,Gi0/2,32.4,50.66,42.45,10.46,0.32,3.2,1,0,UP
2026-10-02 20:46:22.167756,SW1,Gi0/1,40.99,48.01,63.31,12.98,0.29,2.59,3,0,UP
2026-10-02 20:46:22.167756,SW1,Gi0/10,39.07,57.59,51.22,10.31,0.13,1.81,5,0,UP
2026-10-02 20:46:22.167756,SW1,Gi0/11,47.37,60.76,39.33,12.28,0.16,1.91,4,0,UP
2026-10-02 20:46:22.167756,SW2,Gi0/2,39.77,56.58,40.87,13.48,0.16,1.08,0,0,UP
2026-10-02 20:46:22.167756,SW2,Gi0/10,40.62,59.61,41.32,11.66,0.25,1.7,2,0,UP
2026-10-02 20:46:22.167756,SW2,Gi0/11,40.36,47.82,30.74,10.7,0.26,2.32,5,0,UP
2026-10-02 20:47:22.167756,R1,Gi0/1,46.28,45.5,39.04,10.6,0.18,1.69,2,0,UP
2026-10-02 20:47:22.167756,R1,Gi0/2,35.64,53.92,37.42,10.0,0.25,2.36,2,0,UP
2026-10-02 20:47:22.167756,SW1,Gi0/1,44.34,53.98,60.19,13.47,0.37,2.03,5,0,UP
2026-10-02 20:47:22.167756,SW1,Gi0/10,47.1,49.29,39.49,10.97,0.24,1.43,2,0,UP
2026-10-02 20:47:22.167756,SW1,Gi0/11,45.99,53.33,26.18,9.33,0.42,2.59,1,0,UP
2026-10-02 20:47:22.167756,SW2,Gi0/2,32.56,43.75,49.07,15.95,0.39,1.21,2,0,UP
2026-10-02 20:47:22.167756,SW2,Gi0/10,35.71,50.68,34.35,10.91,0.11,2.26,1,0,UP
2026-10-02 20:47:22.167756,SW2,Gi0/11,38.14,52.55,58.14,16.23,0.25,1.96,5,0,UP
2026-10-02 20:48:22.167756,R1,Gi0/1,45.84,54.41,32.37,14.42,0.24,1.55,1,0,UP
2026-10-02 20:48:22.167756,R1,Gi0/2,42.91,37.44,44.0,10.69,0.12,1.77,0,0,UP
2026-10-02 20:48:22.167756,SW1,Gi0/1,45.26,39.36,46.35,10.3,0.4,2.01,0,0,UP
2026-10-02 20:48:22.167756,SW1,Gi0/10,42.73,44.54,52.88,13.24,0.35,2.09,4,0,UP
2026-10-02 20:48:22.167756,SW1,Gi0/11,40.21,47.05,53.53,9.54,0.2,1.72,4,0,UP
2026-10-02 20:48:22.167756,SW2,Gi0/2,35.27,47.96,45.35,14.98,0.15,1.8,0,0,UP
2026-10-02 20:48:22.167756,SW2,Gi0/10,35.09,52.06,45.26,12.1,0.37,1.16,7,0,UP
2026-10-02 20:48:22.167756,SW2,Gi0/11,45.89,48.37,48.13,10.63,0.23,3.07,1,0,UP
2026-10-02 20:49:22.167756,R1,Gi0/1,38.84,46.22,40.23,11.19,0.09,1.87,3,0,UP
2026-10-02 20:49:22.167756,R1,Gi0/2,37.98,38.5,43.77,11.91,0.39,2.01,4,0,UP
2026-10-02 20:49:22.167756,SW1,Gi0/1,37.87,56.49,37.44,13.01,0.28,2.35,7,0,UP
2026-10-02 20:49:22.167756,SW1,Gi0/10,37.08,57.07,54.25,12.1,0.38,1.93,3,0,UP
2026-10-02 20:49:22.167756,SW1,Gi0/11,39.97,43.63,51.09,13.21,0.19,2.88,2,0,UP
2026-10-02 20:49:22.167756,SW2,Gi0/2,31.35,59.51,53.09,13.25,0.17,2.17,0,0,UP
2026-10-02 20:49:22.167756,SW2,Gi0/10,38.87,45.48,47.1,13.85,0.1,2.36,3,0,UP
2026-10-02 20:49:22.167756,SW2,Gi0/11,43.42,48.79,50.63,10.61,0.03,1.27,1,0,UP
2026-10-02 20:50:22.167756,R1,Gi0/1,31.94,57.75,44.34,13.84,0.28,2.0,10,0,UP
2026-10-02 20:50:22.167756,R1,Gi0/2,54.64,56.96,37.76,14.87,0.03,2.7,0,0,UP
2026-10-02 20:50:22.167756,SW1,Gi0/1,38.41,56.05,48.08,9.04,0.22,2.19,3,0,UP
2026-10-02 20:50:22.167756,SW1,Gi0/10,37.96,54.28,54.16,11.69,0.35,1.92,2,0,UP
2026-10-02 20:50:22.167756,SW1,Gi0/11,46.78,56.6,40.04,10.47,0.38,1.95,3,0,UP
2026-10-02 20:50:22.167756,SW2,Gi0/2,38.74,56.61,62.15,12.14,0.44,1.72,2,0,UP
2026-10-02 20:50:22.167756,SW2,Gi0/10,43.37,45.92,50.28,10.96,0.05,1.13,2,0,UP
2026-10-02 20:50:22.167756,SW2,Gi0/11,42.09,43.19,46.43,12.36,0.18,1.54,3,0,UP
2026-10-02 20:51:22.167756,R1,Gi0/1,39.29,54.91,34.66,12.23,0.07,1.88,0,0,UP
2026-10-02 20:51:22.167756,R1,Gi0/2,35.41,49.98,40.47,14.93,0.32,2.4,4,0,UP
2026-10-02 20:51:22.167756,SW1,Gi0/1,40.65,56.52,42.65,16.24,0.11,1.44,0,0,UP
2026-10-02 20:51:22.167756,SW1,Gi0/10,33.9,41.85,46.71,13.71,0.2,1.31,2,0,UP
2026-10-02 20:51:22.167756,SW1,Gi0/11,44.21,48.29,38.61,8.97,0.16,1.65,2,0,UP
2026-10-02 20:51:22.167756,SW2,Gi0/2,42.38,48.59,46.48,12.94,0.08,2.94,1,0,UP
2026-10-02 20:51:22.167756,SW2,Gi0/10,42.58,44.32,45.88,12.29,0.37,1.88,5,0,UP
2026-10-02 20:51:22.167756,SW2,Gi0/11,41.45,59.26,30.76,12.96,0.0,1.97,5,0,UP
2026-10-02 20:52:22.167756,R1,Gi0/1,47.23,53.69,42.68,13.09,0.45,2.04,4,0,UP
2026-10-02 20:52:22.167756,R1,Gi0/2,37.85,55.35,52.25,10.78,0.28,2.41,4,0,UP
2026-10-02 20:52:22.167756,SW1,Gi0/1,39.79,56.15,37.52,12.02,0.21,2.59,1,0,UP
2026-10-02 20:52:22.167756,SW1,Gi0/10,41.21,47.54,45.88,12.78,0.07,2.63,3,0,UP
2026-10-02 20:52:22.167756,SW1,Gi0/11,35.71,48.29,56.95,12.83,0.1,1.61,4,0,UP
2026-10-02 20:52:22.167756,SW2,Gi0/2,43.72,51.81,42.67,13.62,0.17,1.57,6,0,UP
2026-10-02 20:52:22.167756,SW2,Gi0/10,42.44,46.08,46.07,12.05,0.17,2.12,1,0,UP
2026-10-02 20:52:22.167756,SW2,Gi0/11,44.37,49.97,32.12,11.54,0.14,0.5,2,0,UP
2026-10-02 20:53:22.167756,R1,Gi0/1,45.18,49.46,50.67,12.02,0.15,1.63,0,0,UP
2026-10-02 20:53:22.167756,R1,Gi0/2,44.63,53.65,42.77,7.95,0.25,1.55,3,0,UP
2026-10-02 20:53:22.167756,SW1,Gi0/1,32.29,50.46,43.95,7.18,0.36,1.84,2,0,UP
2026-10-02 20:53:22.167756,SW1,Gi0/10,42.67,49.75,47.91,9.71,0.19,1.05,2,0,UP
2026-10-02 20:53:22.167756,SW1,Gi0/11,47.23,42.47,42.19,7.75,0.2,2.23,3,0,UP
2026-10-02 20:53:22.167756,SW2,Gi0/2,36.99,39.28,35.07,14.51,0.29,1.95,3,0,UP
2026-10-02 20:53:22.167756,SW2,Gi0/10,34.86,56.45,39.25,12.87,0.07,1.91,5,0,UP
2026-10-02 20:53:22.167756,SW2,Gi0/11,35.27,53.75,36.35,10.2,0.2,2.49,2,0,UP
2026-10-02 20:54:22.167756,R1,Gi0/1,43.09,55.72,38.83,8.95,0.16,2.64,1,0,UP
2026-10-02 20:54:22.167756,R1,Gi0/2,45.07,48.69,59.05,16.49,0.3,1.18,0,0,UP
2026-10-02 20:54:22.167756,SW1,Gi0/1,40.31,54.53,49.01,10.55,0.05,2.46,6,0,UP
2026-10-02 20:54:22.167756,SW1,Gi0/10,36.65,54.13,65.82,11.62,0.18,2.28,2,0,UP
2026-10-02 20:54:22.167756,SW1,Gi0/11,46.7,47.98,44.75,9.12,0.18,1.5,3,0,UP
2026-10-02 20:54:22.167756,SW2,Gi0/2,31.68,54.9,38.03,15.57,0.34,2.27,0,0,UP
2026-10-02 20:54:22.167756,SW2,Gi0/10,36.86,45.52,38.83,15.15,0.18,1.67,1,0,UP
2026-10-02 20:54:22.167756,SW2,Gi0/11,37.34,52.66,31.98,12.2,0.24,1.13,0,0,UP
2026-10-02 20:55:22.167756,R1,Gi0/1,39.76,57.2,54.62,10.78,0.34,1.84,2,0,UP
2026-10-02 20:55:22.167756,R1,Gi0/2,40.47,54.2,40.13,11.2,0.08,2.18,4,0,UP
2026-10-02 20:55:22.167756,SW1,Gi0/1,44.97,43.17,41.94,14.49,0.22,2.02,3,0,UP
2026-10-02 20:55:22.167756,SW1,Gi0/10,42.71,51.43,40.4,13.76,0.08,2.66,1,0,UP
2026-10-02 20:55:22.167756,SW1,Gi0/11,42.74,49.18,41.19,14.72,0.27,1.97,6,0,UP
2026-10-02 20:55:22.167756,SW2,Gi0/2,44.9,45.97,26.92,12.21,0.34,2.31,6,0,UP
2026-10-02 20:55:22.167756,SW2,Gi0/10,37.01,49.41,44.26,12.48,0.28,2.82,6,0,UP
2026-10-02 20:55:22.167756,SW2,Gi0/11,48.33,53.35,42.26,12.45,0.27,2.07,1,0,UP
2026-10-02 20:56:22.167756,R1,Gi0/1,37.69,54.34,43.03,12.05,0.19,1.55,2,0,UP
2026-10-02 20:56:22.167756,R1,Gi0/2,37.71,46.54,36.53,11.8,0.26,2.56,0,0,UP
2026-10-02 20:56:22.167756,SW1,Gi0/1,48.03,51.46,35.98,11.19,0.01,1.19,6,0,UP
2026-10-02 20:56:22.167756,SW1,Gi0/10,36.5,52.68,44.11,12.04,0.24,0.96,5,0,UP
2026-10-02 20:56:22.167756,SW1,Gi0/11,39.51,47.48,48.74,10.56,0.22,1.92,4,0,UP
2026-10-02 20:56:22.167756,SW2,Gi0/2,38.93,44.85,47.9,11.46,0.02,2.1,1,0,UP
2026-10-02 20:56:22.167756,SW2,Gi0/10,41.73,45.72,35.35,14.36,0.28,2.0,3,0,UP
2026-10-02 20:56:22.167756,SW2,Gi0/11,44.05,49.95,35.33,12.6,0.3,2.3,3,0,UP
2026-10-02 20:57:22.167756,R1,Gi0/1,42.83,48.88,53.35,14.69,0.07,2.56,7,0,UP
2026-10-02 20:57:22.167756,R1,Gi0/2,42.63,54.92,39.82,10.99,0.18,1.8,0,0,UP
2026-10-02 20:57:22.167756,SW1,Gi0/1,39.14,54.18,34.61,12.36,0.21,1.85,3,0,UP
2026-10-02 20:57:22.167756,SW1,Gi0/10,42.01,48.14,53.49,13.12,0.36,1.97,2,0,UP
2026-10-02 20:57:22.167756,SW1,Gi0/11,38.96,55.89,43.81,11.82,0.4,1.33,3,0,UP
2026-10-02 20:57:22.167756,SW2,Gi0/2,39.69,48.75,37.37,10.67,0.16,2.25,4,0,UP
2026-10-02 20:57:22.167756,SW2,Gi0/10,31.11,43.99,49.38,13.26,0.05,2.44,2,0,UP
2026-10-02 20:57:22.167756,SW2,Gi0/11,43.74,45.74,33.88,11.38,0.17,1.84,2,0,UP
2026-10-02 20:58:22.167756,R1,Gi0/1,48.46,41.5,38.24,11.16,0.2,2.36,4,0,UP
2026-10-02 20:58:22.167756,R1,Gi0/2,45.38,52.41,31.16,8.67,0.31,2.54,4,0,UP
2026-10-02 20:58:22.167756,SW1,Gi0/1,35.9,48.39,41.81,9.95,0.23,3.08,2,0,UP
2026-10-02 20:58:22.167756,SW1,Gi0/10,46.48,45.57,32.71,13.97,0.18,2.64,5,0,UP
2026-10-02 20:58:22.167756,SW1,Gi0/11,38.61,56.72,37.99,10.22,0.31,1.23,2,0,UP
2026-10-02 20:58:22.167756,SW2,Gi0/2,46.25,56.58,41.54,14.02,0.09,1.67,3,0,UP
2026-10-02 20:58:22.167756,SW2,Gi0/10,41.89,44.76,59.9,8.25,0.21,2.1,0,0,UP
2026-10-02 20:58:22.167756,SW2,Gi0/11,46.62,46.3,45.79,12.66,0.05,1.46,6,0,UP
2026-10-02 20:59:22.167756,R1,Gi0/1,39.67,36.51,42.58,11.93,0.22,1.0,2,0,UP
2026-10-02 20:59:22.167756,R1,Gi0/2,35.84,51.11,49.05,12.8,0.34,3.1,0,0,UP
2026-10-02 20:59:22.167756,SW1,Gi0/1,38.09,53.72,43.99,6.55,0.18,2.62,0,0,UP
2026-10-02 20:59:22.167756,SW1,Gi0/10,41.1,40.46,51.96,12.48,0.14,1.79,0,0,UP
2026-10-02 20:59:22.167756,SW1,Gi0/11,45.04,46.0,49.0,10.08,0.42,2.78,7,0,UP
2026-10-02 20:59:22.167756,SW2,Gi0/2,50.95,46.83,37.93,16.05,0.19,2.42,1,0,UP
2026-10-02 20:59:22.167756,SW2,Gi0/10,36.98,54.15,29.24,13.57,0.25,1.73,3,0,UP
2026-10-02 20:59:22.167756,SW2,Gi0/11,40.9,51.19,50.52,10.37,0.47,1.9,2,0,UP
2026-10-02 21:00:22.167756,R1,Gi0/1,49.72,40.85,60.47,12.19,0.15,1.44,0,0,UP
2026-10-02 21:00:22.167756,R1,Gi0/2,38.29,51.39,49.98,12.53,0.15,2.67,8,0,UP
2026-10-02 21:00:22.167756,SW1,Gi0/1,47.47,48.2,49.02,13.13,0.36,1.83,1,0,UP
2026-10-02 21:00:22.167756,SW1,Gi0/10,45.67,52.03,36.13,13.41,0.38,1.65,1,0,UP
2026-10-02 21:00:22.167756,SW1,Gi0/11,40.15,53.4,44.4,14.27,0.23,2.51,1,0,UP
2026-10-02 21:00:22.167756,SW2,Gi0/2,33.86,48.3,34.23,12.82,0.0,1.77,2,0,UP
2026-10-02 21:00:22.167756,SW2,Gi0/10,34.77,48.47,45.03,14.54,0.1,2.18,4,0,UP
2026-10-02 21:00:22.167756,SW2,Gi0/11,39.89,47.51,35.89,15.8,0.21,1.84,7,0,UP
2026-10-02 21:01:22.167756,R1,Gi0/1,41.11,62.72,33.67,11.53,0.06,1.94,2,0,UP
2026-10-02 21:01:22.167756,R1,Gi0/2,37.71,50.27,41.73,11.78,0.12,2.72,0,0,UP
2026-10-02 21:01:22.167756,SW1,Gi0/1,41.06,44.04,38.32,10.54,0.19,2.09,0,0,UP
2026-10-02 21:01:22.167756,SW1,Gi0/10,37.93,45.04,36.72,14.27,0.06,2.04,6,0,UP
2026-10-02 21:01:22.167756,SW1,Gi0/11,46.03,52.13,44.87,13.47,0.24,2.71,2,0,UP
2026-10-02 21:01:22.167756,SW2,Gi0/2,45.01,48.37,60.15,11.68,0.04,2.04,4,0,UP
2026-10-02 21:01:22.167756,SW2,Gi0/10,48.14,45.02,31.04,12.99,0.25,1.29,2,0,UP
2026-10-02 21:01:22.167756,SW2,Gi0/11,38.58,54.12,41.69,11.13,0.21,1.31,6,0,UP
2026-10-02 21:02:22.167756,R1,Gi0/1,44.67,46.49,36.06,9.92,0.26,1.49,2,0,UP
2026-10-02 21:02:22.167756,R1,Gi0/2,31.55,52.71,49.63,11.63,0.22,2.4,3,0,UP
2026-10-02 21:02:22.167756,SW1,Gi0/1,43.9,44.16,48.03,12.39,0.32,2.02,2,0,UP
2026-10-02 21:02:22.167756,SW1,Gi0/10,37.21,57.46,26.15,13.02,0.2,1.91,2,0,UP
2026-10-02 21:02:22.167756,SW1,Gi0/11,39.72,52.39,38.64,12.27,0.24,1.52,4,0,UP
2026-10-02 21:02:22.167756,SW2,Gi0/2,41.79,46.01,35.5,10.38,0.21,1.96,5,0,UP
2026-10-02 21:02:22.167756,SW2,Gi0/10,38.16,45.55,50.26,10.04,0.12,1.61,0,0,UP
2026-10-02 21:02:22.167756,SW2,Gi0/11,42.83,54.7,52.33,15.77,0.35,1.83,5,0,UP
2026-10-02 21:03:22.167756,R1,Gi0/1,39.51,47.87,38.96,11.46,0.23,2.79,4,0,UP
2026-10-02 21:03:22.167756,R1,Gi0/2,36.14,44.78,49.55,13.8,0.32,1.87,3,0,UP
2026-10-02 21:03:22.167756,SW1,Gi0/1,44.28,43.24,47.22,13.81,0.25,1.96,8,0,UP
2026-10-02 21:03:22.167756,SW1,Gi0/10,49.65,50.05,43.48,13.4,0.19,2.64,0,0,UP
2026-10-02 21:03:22.167756,SW1,Gi0/11,38.8,53.43,53.03,9.04,0.1,1.16,1,0,UP
2026-10-02 21:03:22.167756,SW2,Gi0/2,33.61,52.7,46.83,11.69,0.2,2.6,0,0,UP
2026-10-02 21:03:22.167756,SW2,Gi0/10,30.35,53.55,41.87,9.96,0.26,1.02,1,0,UP
2026-10-02 21:03:22.167756,SW2,Gi0/11,28.06,51.3,57.59,10.85,0.12,2.89,4,0,UP
2026-10-02 21:04:22.167756,R1,Gi0/1,51.9,50.8,46.81,14.89,0.19,2.12,0,0,UP
2026-10-02 21:04:22.167756,R1,Gi0/2,48.69,51.95,44.14,13.81,0.08,1.72,4,0,UP
2026-10-02 21:04:22.167756,SW1,Gi0/1,40.22,52.23,46.99,13.26,0.07,2.64,2,0,UP
2026-10-02 21:04:22.167756,SW1,Gi0/10,40.29,47.0,42.7,12.46,0.27,2.45,3,0,UP
2026-10-02 21:04:22.167756,SW1,Gi0/11,37.02,51.85,46.92,12.12,0.25,1.36,0,0,UP
2026-10-02 21:04:22.167756,SW2,Gi0/2,45.95,49.34,48.33,10.26,0.33,2.18,2,0,UP
2026-10-02 21:04:22.167756,SW2,Gi0/10,41.43,41.29,47.99,14.97,0.23,2.09,2,0,UP
2026-10-02 21:04:22.167756,SW2,Gi0/11,45.41,56.16,41.54,12.72,0.22,2.2,1,0,UP
2026-10-02 21:05:22.167756,R1,Gi0/1,45.71,52.83,54.62,9.77,0.09,3.03,5,0,UP
2026-10-02 21:05:22.167756,R1,Gi0/2,35.92,54.34,41.27,8.6,0.0,1.99,6,0,UP
2026-10-02 21:05:22.167756,SW1,Gi0/1,47.61,56.3,51.64,12.63,0.32,0.99,4,0,UP
2026-10-02 21:05:22.167756,SW1,Gi0/10,34.39,45.44,50.57,13.86,0.14,2.32,4,0,UP
2026-10-02 21:05:22.167756,SW1,Gi0/11,38.45,50.77,61.65,11.44,0.18,2.08,2,0,UP
2026-10-02 21:05:22.167756,SW2,Gi0/2,43.95,57.35,43.03,10.29,0.4,2.06,0,0,UP
2026-10-02 21:05:22.167756,SW2,Gi0/10,49.31,55.63,57.81,14.87,0.46,1.48,1,0,UP
2026-10-02 21:05:22.167756,SW2,Gi0/11,37.54,47.4,45.98,11.02,0.08,1.56,2,0,UP
2026-10-02 21:06:22.167756,R1,Gi0/1,45.72,47.12,51.48,9.36,0.0,1.93,1,0,UP
2026-10-02 21:06:22.167756,R1,Gi0/2,35.59,45.01,39.34,10.03,0.11,1.32,0,0,UP
2026-10-02 21:06:22.167756,SW1,Gi0/1,28.95,62.31,44.49,15.05,0.18,1.93,3,0,UP
2026-10-02 21:06:22.167756,SW1,Gi0/10,43.2,43.77,41.96,12.61,0.01,2.65,5,0,UP
2026-10-02 21:06:22.167756,SW1,Gi0/11,29.49,45.6,45.84,13.68,0.35,1.68,7,0,UP
2026-10-02 21:06:22.167756,SW2,Gi0/2,39.76,48.88,49.49,12.62,0.23,3.0,3,0,UP
2026-10-02 21:06:22.167756,SW2,Gi0/10,35.08,45.8,56.78,13.37,0.04,1.2,3,0,UP
2026-10-02 21:06:22.167756,SW2,Gi0/11,43.08,46.61,31.56,9.75,0.36,2.25,5,0,UP
2026-10-02 21:07:22.167756,R1,Gi0/1,45.82,46.87,42.02,11.66,0.24,2.54,6,0,UP
2026-10-02 21:07:22.167756,R1,Gi0/2,44.07,54.11,60.41,11.59,0.32,2.29,4,0,UP
2026-10-02 21:07:22.167756,SW1,Gi0/1,38.93,43.03,47.76,12.7,0.14,1.95,1,0,UP
2026-10-02 21:07:22.167756,SW1,Gi0/10,35.63,47.6,34.37,10.83,0.27,2.73,7,0,UP
2026-10-02 21:07:22.167756,SW1,Gi0/11,38.0,56.0,47.69,11.53,0.24,2.55,2,0,UP
2026-10-02 21:07:22.167756,SW2,Gi0/2,37.39,47.95,39.99,14.4,0.12,1.71,3,0,UP
2026-10-02 21:07:22.167756,SW2,Gi0/10,41.15,47.95,58.47,10.74,0.18,1.04,2,0,UP
2026-10-02 21:07:22.167756,SW2,Gi0/11,33.39,45.42,29.35,10.21,0.19,1.88,2,0,UP
2026-10-02 21:08:22.167756,R1,Gi0/1,38.38,47.48,44.72,11.78,0.23,1.9,2,0,UP
2026-10-02 21:08:22.167756,R1,Gi0/2,43.89,53.01,44.74,14.39,0.21,1.92,2,0,UP
2026-10-02 21:08:22.167756,SW1,Gi0/1,40.83,45.41,30.01,12.56,0.28,1.5,5,0,UP
2026-10-02 21:08:22.167756,SW1,Gi0/10,31.77,47.21,58.65,12.71,0.17,2.13,5,0,UP
2026-10-02 21:08:22.167756,SW1,Gi0/11,32.77,56.59,41.08,13.42,0.14,2.84,2,0,UP
2026-10-02 21:08:22.167756,SW2,Gi0/2,33.36,52.35,55.41,14.38,0.21,2.41,2,0,UP
2026-10-02 21:08:22.167756,SW2,Gi0/10,42.96,51.81,21.84,10.0,0.22,2.08,2,0,UP
2026-10-02 21:08:22.167756,SW2,Gi0/11,40.45,56.04,47.83,7.33,0.39,1.05,4,0,UP
2026-10-02 21:09:22.167756,R1,Gi0/1,32.18,57.12,42.78,12.77,0.0,2.36,3,0,UP
2026-10-02 21:09:22.167756,R1,Gi0/2,43.09,54.75,46.43,11.58,0.12,1.78,5,0,UP
2026-10-02 21:09:22.167756,SW1,Gi0/1,35.81,40.78,37.1,13.21,0.17,2.3,0,0,UP
2026-10-02 21:09:22.167756,SW1,Gi0/10,25.09,51.32,53.04,8.58,0.25,2.6,2,0,UP
2026-10-02 21:09:22.167756,SW1,Gi0/11,44.51,50.95,42.9,13.64,0.39,1.72,2,0,UP
2026-10-02 21:09:22.167756,SW2,Gi0/2,35.05,50.78,43.75,14.32,0.34,2.39,5,0,UP
2026-10-02 21:09:22.167756,SW2,Gi0/10,36.48,45.23,48.49,12.04,0.4,1.04,4,0,UP
2026-10-02 21:09:22.167756,SW2,Gi0/11,43.02,46.19,37.26,11.32,0.04,2.73,8,0,UP
2026-10-02 21:10:22.167756,R1,Gi0/1,38.29,46.8,34.51,9.81,0.14,2.6,9,0,UP
2026-10-02 21:10:22.167756,R1,Gi0/2,36.39,45.49,35.66,12.9,0.23,2.05,2,0,UP
2026-10-02 21:10:22.167756,SW1,Gi0/1,46.8,53.82,50.77,12.74,0.18,1.64,4,0,UP
2026-10-02 21:10:22.167756,SW1,Gi0/10,42.12,52.84,32.48,12.68,0.17,1.56,4,0,UP
2026-10-02 21:10:22.167756,SW1,Gi0/11,40.89,61.77,48.88,11.41,0.19,1.41,5,0,UP
2026-10-02 21:10:22.167756,SW2,Gi0/2,41.57,51.66,36.49,13.56,0.11,1.72,3,0,UP
2026-10-02 21:10:22.167756,SW2,Gi0/10,37.1,46.04,44.6,14.02,0.29,2.35,3,0,UP
2026-10-02 21:10:22.167756,SW2,Gi0/11,37.62,55.6,31.11,12.87,0.28,1.95,1,0,UP
2026-10-02 21:11:22.167756,R1,Gi0/1,39.81,46.21,49.11,13.89,0.24,2.19,4,0,UP
2026-10-02 21:11:22.167756,R1,Gi0/2,44.38,46.11,32.7,12.56,0.29,1.21,3,0,UP
2026-10-02 21:11:22.167756,SW1,Gi0/1,45.64,49.42,57.17,14.67,0.18,1.82,2,0,UP
2026-10-02 21:11:22.167756,SW1,Gi0/10,40.67,44.13,34.13,7.46,0.2,3.02,0,0,UP
2026-10-02 21:11:22.167756,SW1,Gi0/11,39.08,48.93,43.78,14.51,0.11,1.03,1,0,UP
2026-10-02 21:11:22.167756,SW2,Gi0/2,36.66,38.85,46.96,9.63,0.19,1.82,0,0,UP
2026-10-02 21:11:22.167756,SW2,Gi0/10,44.45,48.59,45.43,13.17,0.23,2.07,1,0,UP
2026-10-02 21:11:22.167756,SW2,Gi0/11,34.44,50.79,37.3,13.59,0.19,2.32,1,0,UP
2026-10-02 21:12:22.167756,R1,Gi0/1,34.29,58.39,43.8,13.83,0.06,1.86,5,0,UP
2026-10-02 21:12:22.167756,R1,Gi0/2,32.18,61.38,46.62,10.36,0.24,2.55,1,0,UP
2026-10-02 21:12:22.167756,SW1,Gi0/1,36.59,51.25,48.7,11.6,0.24,2.43,3,0,UP
2026-10-02 21:12:22.167756,SW1,Gi0/10,36.54,49.9,59.05,12.67,0.32,1.74,3,0,UP
2026-10-02 21:12:22.167756,SW1,Gi0/11,43.97,57.49,54.82,9.76,0.32,2.84,1,0,UP
2026-10-02 21:12:22.167756,SW2,Gi0/2,35.53,49.88,46.44,11.3,0.08,2.74,1,0,UP
2026-10-02 21:12:22.167756,SW2,Gi0/10,37.47,50.55,33.22,8.9,0.16,2.41,3,0,UP
2026-10-02 21:12:22.167756,SW2,Gi0/11,29.7,56.95,51.38,12.38,0.22,2.34,7,0,UP
2026-10-02 21:13:22.167756,R1,Gi0/1,44.4,51.48,35.18,12.33,0.28,1.94,1,0,UP
2026-10-02 21:13:22.167756,R1,Gi0/2,42.77,45.06,51.94,11.13,0.0,1.77,2,0,UP
2026-10-02 21:13:22.167756,SW1,Gi0/1,42.76,52.19,34.68,12.24,0.15,1.82,1,0,UP
2026-10-02 21:13:22.167756,SW1,Gi0/10,39.75,65.66,59.85,10.0,0.21,1.84,3,0,UP
2026-10-02 21:13:22.167756,SW1,Gi0/11,44.58,49.35,39.3,14.31,0.08,2.09,0,0,UP
2026-10-02 21:13:22.167756,SW2,Gi0/2,34.87,53.72,39.56,8.25,0.13,1.59,0,0,UP
2026-10-02 21:13:22.167756,SW2,Gi0/10,42.75,42.27,40.3,12.27,0.17,1.8,1,0,UP
2026-10-02 21:13:22.167756,SW2,Gi0/11,33.91,46.82,50.26,11.13,0.22,2.56,4,0,UP
2026-10-02 21:14:22.167756,R1,Gi0/1,33.62,52.24,53.38,10.84,0.04,1.78,3,0,UP
2026-10-02 21:14:22.167756,R1,Gi0/2,42.96,47.4,28.72,9.45,0.24,3.0,2,0,UP
2026-10-02 21:14:22.167756,SW1,Gi0/1,46.56,44.72,39.82,7.32,0.24,1.55,4,0,UP
2026-10-02 21:14:22.167756,SW1,Gi0/10,37.49,60.11,59.35,7.39,0.26,1.63,4,0,UP
2026-10-02 21:14:22.167756,SW1,Gi0/11,33.28,57.21,53.25,9.17,0.18,2.08,4,0,UP
2026-10-02 21:14:22.167756,SW2,Gi0/2,39.94,53.93,44.43,13.22,0.06,1.99,5,0,UP
2026-10-02 21:14:22.167756,SW2,Gi0/10,47.06,50.87,44.21,14.74,0.19,2.57,2,0,UP
2026-10-02 21:14:22.167756,SW2,Gi0/11,40.2,44.48,35.01,13.96,0.37,2.05,2,0,UP
2026-10-02 21:15:22.167756,R1,Gi0/1,45.11,51.69,25.81,13.99,0.07,1.99,2,0,UP
2026-10-02 21:15:22.167756,R1,Gi0/2,36.8,50.23,52.15,12.06,0.34,2.77,6,0,UP
2026-10-02 21:15:22.167756,SW1,Gi0/1,39.72,47.61,44.73,14.25,0.31,0.7,3,0,UP
2026-10-02 21:15:22.167756,SW1,Gi0/10,28.16,49.9,40.77,10.33,0.28,1.68,2,0,UP
2026-10-02 21:15:22.167756,SW1,Gi0/11,35.34,50.37,52.68,10.24,0.26,2.03,3,0,UP
2026-10-02 21:15:22.167756,SW2,Gi0/2,38.25,53.87,50.37,11.73,0.22,2.37,4,0,UP
2026-10-02 21:15:22.167756,SW2,Gi0/10,38.47,55.83,51.91,16.22,0.04,2.35,5,0,UP
2026-10-02 21:15:22.167756,SW2,Gi0/11,45.03,48.74,34.09,15.08,0.15,1.85,7,0,UP
2026-10-02 21:16:22.167756,R1,Gi0/1,33.63,54.09,38.97,10.45,0.22,2.34,4,0,UP
2026-10-02 21:16:22.167756,R1,Gi0/2,45.41,46.47,35.85,11.31,0.23,1.9,0,0,UP
2026-10-02 21:16:22.167756,SW1,Gi0/1,30.86,48.8,51.84,10.19,0.27,1.25,3,0,UP
2026-10-02 21:16:22.167756,SW1,Gi0/10,41.31,52.34,36.93,8.9,0.27,1.24,1,0,UP
2026-10-02 21:16:22.167756,SW1,Gi0/11,46.96,50.85,47.95,13.25,0.26,1.99,1,0,UP
2026-10-02 21:16:22.167756,SW2,Gi0/2,53.42,48.54,47.65,12.88,0.15,1.79,5,0,UP
2026-10-02 21:16:22.167756,SW2,Gi0/10,36.31,52.06,52.17,11.57,0.19,2.48,2,0,UP
2026-10-02 21:16:22.167756,SW2,Gi0/11,29.61,57.52,37.2,12.43,0.07,1.74,2,0,UP
2026-10-02 21:17:22.167756,R1,Gi0/1,40.87,45.61,60.86,12.05,0.29,2.0,4,0,UP
2026-10-02 21:17:22.167756,R1,Gi0/2,29.5,46.48,40.83,10.94,0.25,2.29,2,0,UP
2026-10-02 21:17:22.167756,SW1,Gi0/1,39.75,62.2,47.6,7.55,0.28,2.28,5,0,UP
2026-10-02 21:17:22.167756,SW1,Gi0/10,42.99,45.48,52.12,12.2,0.3,2.77,2,0,UP
2026-10-02 21:17:22.167756,SW1,Gi0/11,44.38,55.17,46.27,15.92,0.3,1.71,3,0,UP
2026-10-02 21:17:22.167756,SW2,Gi0/2,44.3,59.6,49.97,12.58,0.33,1.89,1,0,UP
2026-10-02 21:17:22.167756,SW2,Gi0/10,43.52,48.11,66.73,12.51,0.27,1.69,5,0,UP
2026-10-02 21:17:22.167756,SW2,Gi0/11,39.87,49.38,44.2,9.42,0.17,2.27,0,0,UP
2026-10-02 21:18:22.167756,R1,Gi0/1,45.11,48.66,46.96,7.53,0.22,1.48,2,0,UP
2026-10-02 21:18:22.167756,R1,Gi0/2,32.16,45.59,43.69,11.46,0.29,1.07,2,0,UP
2026-10-02 21:18:22.167756,SW1,Gi0/1,39.5,47.71,37.69,14.2,0.4,1.14,1,0,UP
2026-10-02 21:18:22.167756,SW1,Gi0/10,34.98,48.59,55.05,13.06,0.18,2.01,2,0,UP
2026-10-02 21:18:22.167756,SW1,Gi0/11,43.69,54.3,49.73,7.61,0.2,1.91,4,0,UP
2026-10-02 21:18:22.167756,SW2,Gi0/2,41.2,52.78,41.04,13.88,0.32,1.19,0,0,UP
2026-10-02 21:18:22.167756,SW2,Gi0/10,43.81,49.14,53.23,12.48,0.27,1.63,3,0,UP
2026-10-02 21:18:22.167756,SW2,Gi0/11,41.71,46.56,53.01,8.21,0.22,1.35,0,0,UP
2026-10-02 21:19:22.167756,R1,Gi0/1,44.93,44.5,35.86,13.16,0.09,2.51,4,0,UP
2026-10-02 21:19:22.167756,R1,Gi0/2,36.11,54.9,29.49,12.94,0.08,1.74,2,0,UP
2026-10-02 21:19:22.167756,SW1,Gi0/1,46.41,47.49,44.37,11.12,0.1,1.48,3,0,UP
2026-10-02 21:19:22.167756,SW1,Gi0/10,39.87,53.81,43.06,11.58,0.28,1.81,0,0,UP
2026-10-02 21:19:22.167756,SW1,Gi0/11,44.24,46.61,45.54,10.75,0.1,1.05,3,0,UP
2026-10-02 21:19:22.167756,SW2,Gi0/2,23.03,56.49,53.26,10.18,0.36,3.03,2,0,UP
2026-10-02 21:19:22.167756,SW2,Gi0/10,42.05,50.68,57.11,9.21,0.18,2.46,4,0,UP
2026-10-02 21:19:22.167756,SW2,Gi0/11,39.79,56.96,46.87,12.23,0.27,1.97,3,0,UP
2026-10-02 21:20:22.167756,R1,Gi0/1,36.06,64.67,41.21,13.46,0.39,1.33,4,0,UP
2026-10-02 21:20:22.167756,R1,Gi0/2,40.12,58.97,37.73,10.5,0.2,1.75,2,0,UP
2026-10-02 21:20:22.167756,SW1,Gi0/1,50.14,50.64,38.72,11.22,0.24,2.17,1,0,UP
2026-10-02 21:20:22.167756,SW1,Gi0/10,31.86,49.75,44.38,10.71,0.33,2.29,3,0,UP
2026-10-02 21:20:22.167756,SW1,Gi0/11,38.2,58.67,35.76,11.01,0.15,2.15,4,0,UP
2026-10-02 21:20:22.167756,SW2,Gi0/2,33.32,46.58,48.58,10.67,0.16,2.09,1,0,UP
2026-10-02 21:20:22.167756,SW2,Gi0/10,41.39,53.06,45.31,14.85,0.27,1.98,2,0,UP
2026-10-02 21:20:22.167756,SW2,Gi0/11,48.77,46.69,42.82,11.18,0.24,3.13,3,0,UP
2026-10-02 21:21:22.167756,R1,Gi0/1,38.39,50.94,34.5,11.62,0.37,2.33,5,0,UP
2026-10-02 21:21:22.167756,R1,Gi0/2,45.07,46.46,60.3,8.45,0.23,0.97,0,0,UP
2026-10-02 21:21:22.167756,SW1,Gi0/1,44.68,46.54,54.96,7.65,0.19,1.39,2,0,UP
2026-10-02 21:21:22.167756,SW1,Gi0/10,47.74,58.96,49.1,8.81,0.08,2.08,1,0,UP
2026-10-02 21:21:22.167756,SW1,Gi0/11,43.29,58.38,37.14,10.21,0.08,1.87,3,0,UP
2026-10-02 21:21:22.167756,SW2,Gi0/2,40.11,54.49,48.14,11.88,0.2,2.04,2,0,UP
2026-10-02 21:21:22.167756,SW2,Gi0/10,36.61,43.98,46.14,11.0,0.25,2.04,3,0,UP
2026-10-02 21:21:22.167756,SW2,Gi0/11,44.92,42.98,59.15,7.63,0.35,2.1,1,0,UP
2026-10-02 21:22:22.167756,R1,Gi0/1,32.64,47.0,43.69,12.39,0.34,2.04,3,0,UP
2026-10-02 21:22:22.167756,R1,Gi0/2,41.75,48.36,43.46,11.79,0.26,1.54,1,0,UP
2026-10-02 21:22:22.167756,SW1,Gi0/1,41.78,44.62,45.91,10.91,0.25,2.69,1,0,UP
2026-10-02 21:22:22.167756,SW1,Gi0/10,43.79,51.0,41.93,12.01,0.33,1.91,5,0,UP
2026-10-02 21:22:22.167756,SW1,Gi0/11,39.4,42.94,43.83,9.02,0.17,1.82,6,0,UP
2026-10-02 21:22:22.167756,SW2,Gi0/2,48.05,50.43,54.69,11.2,0.06,2.26,3,0,UP
2026-10-02 21:22:22.167756,SW2,Gi0/10,35.31,45.53,52.52,8.63,0.26,1.84,4,0,UP
2026-10-02 21:22:22.167756,SW2,Gi0/11,44.94,45.63,35.88,14.93,0.19,2.16,4,0,UP
2026-10-02 21:23:22.167756,R1,Gi0/1,35.19,54.51,50.12,14.94,0.35,2.03,4,0,UP
2026-10-02 21:23:22.167756,R1,Gi0/2,40.22,50.73,35.97,11.55,0.02,1.93,5,0,UP
2026-10-02 21:23:22.167756,SW1,Gi0/1,43.89,50.56,43.38,10.92,0.11,2.41,0,0,UP
2026-10-02 21:23:22.167756,SW1,Gi0/10,32.21,54.52,46.66,12.09,0.22,3.01,3,0,UP
2026-10-02 21:23:22.167756,SW1,Gi0/11,41.47,60.29,44.49,15.45,0.0,1.42,1,0,UP
2026-10-02 21:23:22.167756,SW2,Gi0/2,42.92,58.87,40.27,13.96,0.42,2.78,2,0,UP
2026-10-02 21:23:22.167756,SW2,Gi0/10,44.34,51.7,39.72,12.85,0.15,2.06,0,0,UP
2026-10-02 21:23:22.167756,SW2,Gi0/11,31.19,48.57,47.55,9.74,0.25,2.02,4,0,UP
2026-10-02 21:24:22.167756,R1,Gi0/1,44.73,56.72,49.83,11.41,0.22,3.16,4,0,UP
2026-10-02 21:24:22.167756,R1,Gi0/2,40.36,49.25,40.21,9.63,0.37,2.24,0,0,UP
2026-10-02 21:24:22.167756,SW1,Gi0/1,39.37,56.35,41.42,10.37,0.24,2.33,2,0,UP
2026-10-02 21:24:22.167756,SW1,Gi0/10,37.0,52.3,36.0,10.92,0.19,2.37,2,0,UP
2026-10-02 21:24:22.167756,SW1,Gi0/11,42.82,55.83,40.95,18.45,0.34,2.14,2,0,UP
2026-10-02 21:24:22.167756,SW2,Gi0/2,37.22,58.31,46.68,9.12,0.03,2.06,3,0,UP
2026-10-02 21:24:22.167756,SW2,Gi0/10,35.42,42.43,29.3,10.48,0.16,2.35,2,0,UP
2026-10-02 21:24:22.167756,SW2,Gi0/11,45.32,53.03,49.11,13.96,0.06,1.73,7,0,UP
2026-10-02 21:25:22.167756,R1,Gi0/1,30.47,48.51,48.81,8.25,0.12,3.0,3,0,UP
2026-10-02 21:25:22.167756,R1,Gi0/2,37.13,51.05,40.39,15.43,0.1,1.74,0,0,UP
2026-10-02 21:25:22.167756,SW1,Gi0/1,38.52,49.13,54.57,9.97,0.25,2.04,0,0,UP
2026-10-02 21:25:22.167756,SW1,Gi0/10,36.37,46.17,58.46,13.09,0.21,0.0,0,0,UP
2026-10-02 21:25:22.167756,SW1,Gi0/11,43.64,53.91,39.06,12.06,0.2,2.08,2,0,UP
2026-10-02 21:25:22.167756,SW2,Gi0/2,44.08,55.53,37.32,9.61,0.12,2.02,3,0,UP
2026-10-02 21:25:22.167756,SW2,Gi0/10,43.94,54.86,47.9,12.46,0.36,2.0,4,0,UP
2026-10-02 21:25:22.167756,SW2,Gi0/11,41.6,49.13,43.67,14.64,0.19,1.82,1,0,UP
2026-10-02 21:26:22.167756,R1,Gi0/1,42.11,47.44,47.65,12.36,0.16,1.3,0,0,UP
2026-10-02 21:26:22.167756,R1,Gi0/2,35.64,44.98,48.64,16.26,0.15,1.81,1,0,UP
2026-10-02 21:26:22.167756,SW1,Gi0/1,44.29,52.13,44.87,9.57,0.1,2.09,3,0,UP
2026-10-02 21:26:22.167756,SW1,Gi0/10,39.92,53.32,35.22,12.61,0.22,1.52,1,0,UP
2026-10-02 21:26:22.167756,SW1,Gi0/11,43.47,44.31,64.71,13.11,0.19,1.87,4,0,UP
2026-10-02 21:26:22.167756,SW2,Gi0/2,37.94,48.15,56.62,11.06,0.21,1.62,3,0,UP
2026-10-02 21:26:22.167756,SW2,Gi0/10,42.9,58.41,37.5,9.1,0.17,1.69,2,0,UP
2026-10-02 21:26:22.167756,SW2,Gi0/11,42.61,61.33,41.39,7.58,0.18,2.18,1,0,UP
2026-10-02 21:27:22.167756,R1,Gi0/1,41.17,50.69,47.08,13.58,0.19,2.27,0,0,UP
2026-10-02 21:27:22.167756,R1,Gi0/2,35.19,48.29,36.96,12.01,0.17,1.77,4,0,UP
2026-10-02 21:27:22.167756,SW1,Gi0/1,40.42,44.58,40.17,13.51,0.22,2.6,4,0,UP
2026-10-02 21:27:22.167756,SW1,Gi0/10,38.05,57.18,57.14,8.43,0.2,1.73,2,0,UP
2026-10-02 21:27:22.167756,SW1,Gi0/11,35.92,45.29,52.21,9.66,0.21,1.33,5,0,UP
2026-10-02 21:27:22.167756,SW2,Gi0/2,40.15,53.73,46.56,11.49,0.21,2.75,1,0,UP
2026-10-02 21:27:22.167756,SW2,Gi0/10,27.25,46.07,35.33,13.94,0.18,2.41,3,0,UP
2026-10-02 21:27:22.167756,SW2,Gi0/11,40.04,50.82,56.84,12.37,0.31,2.52,2,0,UP
2026-10-02 21:28:22.167756,R1,Gi0/1,39.63,48.11,55.27,10.12,0.13,1.86,0,0,UP
2026-10-02 21:28:22.167756,R1,Gi0/2,37.04,55.68,50.21,11.16,0.28,3.04,3,0,UP
2026-10-02 21:28:22.167756,SW1,Gi0/1,47.1,54.26,42.64,12.39,0.25,1.63,0,0,UP
2026-10-02 21:28:22.167756,SW1,Gi0/10,35.83,39.21,38.99,8.59,0.29,1.41,4,0,UP
2026-10-02 21:28:22.167756,SW1,Gi0/11,43.83,53.51,30.05,14.25,0.24,2.4,6,0,UP
2026-10-02 21:28:22.167756,SW2,Gi0/2,43.97,44.09,50.23,8.99,0.19,1.75,3,0,UP
2026-10-02 21:28:22.167756,SW2,Gi0/10,32.45,43.03,41.41,11.55,0.16,2.73,3,0,UP
2026-10-02 21:28:22.167756,SW2,Gi0/11,41.98,48.09,33.87,11.99,0.38,2.11,5,0,UP
2026-10-02 21:29:22.167756,R1,Gi0/1,46.2,52.8,46.76,10.02,0.18,1.82,3,0,UP
2026-10-02 21:29:22.167756,R1,Gi0/2,32.93,47.31,48.23,10.6,0.11,1.6,2,0,UP
2026-10-02 21:29:22.167756,SW1,Gi0/1,28.1,46.27,52.62,12.65,0.24,1.09,2,0,UP
2026-10-02 21:29:22.167756,SW1,Gi0/10,39.42,52.32,53.89,13.91,0.14,1.72,5,0,UP
2026-10-02 21:29:22.167756,SW1,Gi0/11,38.2,44.59,43.34,14.7,0.11,1.79,1,0,UP
2026-10-02 21:29:22.167756,SW2,Gi0/2,44.78,51.44,52.41,15.13,0.05,1.62,2,0,UP
2026-10-02 21:29:22.167756,SW2,Gi0/10,40.34,52.53,41.07,10.62,0.3,2.27,3,0,UP
2026-10-02 21:29:22.167756,SW2,Gi0/11,29.27,56.03,46.47,11.68,0.12,1.68,1,0,UP
2026-10-02 21:30:22.167756,R1,Gi0/1,30.01,45.91,32.21,11.88,0.08,2.36,0,0,UP
2026-10-02 21:30:22.167756,R1,Gi0/2,45.97,54.18,36.47,11.81,0.11,2.29,6,0,UP
2026-10-02 21:30:22.167756,SW1,Gi0/1,45.91,46.56,45.92,15.04,0.25,2.51,4,0,UP
2026-10-02 21:30:22.167756,SW1,Gi0/10,40.38,49.65,35.31,10.47,0.11,1.82,3,0,UP
2026-10-02 21:30:22.167756,SW1,Gi0/11,39.46,51.08,50.31,11.17,0.27,2.57,3,0,UP
2026-10-02 21:30:22.167756,SW2,Gi0/2,37.28,54.73,48.86,13.24,0.35,2.35,6,0,UP
2026-10-02 21:30:22.167756,SW2,Gi0/10,39.26,47.84,54.19,10.03,0.39,2.65,3,0,UP
2026-10-02 21:30:22.167756,SW2,Gi0/11,46.01,53.31,34.68,10.37,0.23,2.08,5,0,UP
2026-10-02 21:31:22.167756,R1,Gi0/1,41.51,43.66,40.64,13.49,0.02,1.29,2,0,UP
2026-10-02 21:31:22.167756,R1,Gi0/2,44.63,48.92,48.69,12.01,0.19,1.67,4,0,UP
2026-10-02 21:31:22.167756,SW1,Gi0/1,33.73,48.83,54.17,10.47,0.04,0.94,4,0,UP
2026-10-02 21:31:22.167756,SW1,Gi0/10,43.67,48.28,34.83,11.71,0.32,1.37,5,0,UP
2026-10-02 21:31:22.167756,SW1,Gi0/11,31.52,44.32,45.87,13.9,0.35,2.5,6,0,UP
2026-10-02 21:31:22.167756,SW2,Gi0/2,40.91,46.89,54.47,14.73,0.29,2.31,5,0,UP
2026-10-02 21:31:22.167756,SW2,Gi0/10,41.71,49.9,50.8,12.96,0.29,1.93,4,0,UP
2026-10-02 21:31:22.167756,SW2,Gi0/11,44.29,51.07,39.0,14.48,0.08,1.52,3,0,UP
2026-10-02 21:32:22.167756,R1,Gi0/1,27.46,57.71,45.12,15.08,0.38,1.92,5,0,UP
2026-10-02 21:32:22.167756,R1,Gi0/2,34.7,52.17,41.21,13.39,0.29,1.92,4,0,UP
2026-10-02 21:32:22.167756,SW1,Gi0/1,44.72,50.94,65.31,11.73,0.37,2.57,0,0,UP
2026-10-02 21:32:22.167756,SW1,Gi0/10,47.46,55.37,45.91,12.74,0.25,2.69,2,0,UP
2026-10-02 21:32:22.167756,SW1,Gi0/11,47.93,44.58,30.92,13.19,0.33,1.91,0,0,UP
2026-10-02 21:32:22.167756,SW2,Gi0/2,32.55,52.18,44.92,14.57,0.21,1.63,3,0,UP
2026-10-02 21:32:22.167756,SW2,Gi0/10,45.08,56.76,44.11,12.13,0.28,1.63,4,0,UP
2026-10-02 21:32:22.167756,SW2,Gi0/11,38.84,49.62,45.02,12.26,0.39,1.77,2,0,UP
2026-10-02 21:33:22.167756,R1,Gi0/1,47.23,52.22,51.14,9.94,0.22,2.41,1,0,UP
2026-10-02 21:33:22.167756,R1,Gi0/2,43.14,48.98,39.84,14.03,0.31,2.06,3,0,UP
2026-10-02 21:33:22.167756,SW1,Gi0/1,46.62,48.02,47.79,11.23,0.1,1.8,0,0,UP
2026-10-02 21:33:22.167756,SW1,Gi0/10,42.13,46.14,33.82,13.49,0.27,1.83,4,0,UP
2026-10-02 21:33:22.167756,SW1,Gi0/11,35.97,48.14,48.26,14.07,0.16,1.7,4,0,UP
2026-10-02 21:33:22.167756,SW2,Gi0/2,43.06,50.74,54.45,15.89,0.24,1.71,3,0,UP
2026-10-02 21:33:22.167756,SW2,Gi0/10,35.9,56.21,39.39,11.61,0.12,2.09,3,0,UP
2026-10-02 21:33:22.167756,SW2,Gi0/11,43.71,50.6,45.37,10.85,0.17,1.3,5,0,UP
2026-10-02 21:34:22.167756,R1,Gi0/1,39.53,58.2,44.03,8.2,0.15,2.0,3,0,UP
2026-10-02 21:34:22.167756,R1,Gi0/2,43.38,50.87,42.3,10.17,0.16,2.3,4,0,UP
2026-10-02 21:34:22.167756,SW1,Gi0/1,36.63,55.03,49.55,10.23,0.22,2.18,0,0,UP
2026-10-02 21:34:22.167756,SW1,Gi0/10,33.21,52.37,41.37,15.02,0.37,2.24,4,0,UP
2026-10-02 21:34:22.167756,SW1,Gi0/11,34.88,43.34,43.87,9.43,0.23,1.61,3,0,UP
2026-10-02 21:34:22.167756,SW2,Gi0/2,39.13,53.19,47.61,11.19,0.06,2.08,0,0,UP
2026-10-02 21:34:22.167756,SW2,Gi0/10,46.23,52.64,51.74,10.06,0.24,1.67,3,0,UP
2026-10-02 21:34:22.167756,SW2,Gi0/11,35.01,49.58,33.97,11.68,0.04,2.87,3,0,UP
2026-10-02 21:35:22.167756,R1,Gi0/1,40.03,53.38,34.61,10.44,0.25,2.08,1,0,UP
2026-10-02 21:35:22.167756,R1,Gi0/2,43.24,51.51,49.04,12.78,0.13,1.96,0,0,UP
2026-10-02 21:35:22.167756,SW1,Gi0/1,37.45,48.77,50.01,13.02,0.12,1.61,5,0,UP
2026-10-02 21:35:22.167756,SW1,Gi0/10,38.53,50.57,51.28,11.84,0.18,1.84,1,0,UP
2026-10-02 21:35:22.167756,SW1,Gi0/11,40.71,40.89,42.11,13.08,0.24,2.71,4,0,UP
2026-10-02 21:35:22.167756,SW2,Gi0/2,42.04,50.14,41.35,13.01,0.23,1.81,1,0,UP
2026-10-02 21:35:22.167756,SW2,Gi0/10,39.73,55.78,45.88,12.06,0.24,2.24,3,0,UP
2026-10-02 21:35:22.167756,SW2,Gi0/11,39.79,47.46,53.04,11.15,0.36,2.08,3,0,UP
2026-10-02 21:36:22.167756,R1,Gi0/1,43.8,46.73,49.59,12.23,0.24,1.66,1,0,UP
2026-10-02 21:36:22.167756,R1,Gi0/2,30.84,47.71,40.92,10.67,0.19,2.03,3,0,UP
2026-10-02 21:36:22.167756,SW1,Gi0/1,42.83,53.25,50.54,12.55,0.21,2.46,4,0,UP
2026-10-02 21:36:22.167756,SW1,Gi0/10,32.59,49.14,30.57,8.35,0.15,1.94,2,0,UP
2026-10-02 21:36:22.167756,SW1,Gi0/11,31.12,53.88,39.34,12.98,0.13,1.75,3,0,UP
2026-10-02 21:36:22.167756,SW2,Gi0/2,38.25,50.85,47.22,9.15,0.25,1.53,0,0,UP
2026-10-02 21:36:22.167756,SW2,Gi0/10,36.37,54.07,32.2,13.3,0.23,2.04,3,0,UP
2026-10-02 21:36:22.167756,SW2,Gi0/11,38.55,53.41,41.59,8.75,0.19,2.4,3,0,UP
2026-10-02 21:37:22.167756,R1,Gi0/1,49.07,48.73,43.71,11.53,0.12,1.76,0,0,UP
2026-10-02 21:37:22.167756,R1,Gi0/2,28.53,47.1,45.19,13.26,0.14,1.72,5,0,UP
2026-10-02 21:37:22.167756,SW1,Gi0/1,33.34,49.18,52.66,10.58,0.05,2.85,4,0,UP
2026-10-02 21:37:22.167756,SW1,Gi0/10,44.15,49.55,50.13,7.02,0.16,2.47,0,0,UP
2026-10-02 21:37:22.167756,SW1,Gi0/11,38.33,51.6,38.73,12.01,0.24,2.15,2,0,UP
2026-10-02 21:37:22.167756,SW2,Gi0/2,35.85,51.98,47.71,12.58,0.21,2.17,4,0,UP
2026-10-02 21:37:22.167756,SW2,Gi0/10,41.55,50.49,40.79,14.77,0.09,1.9,1,0,UP
2026-10-02 21:37:22.167756,SW2,Gi0/11,30.86,51.77,43.37,12.06,0.18,2.38,4,0,UP
2026-10-02 21:38:22.167756,R1,Gi0/1,34.49,58.83,43.08,13.18,0.22,2.05,4,0,UP
2026-10-02 21:38:22.167756,R1,Gi0/2,46.59,53.89,43.05,11.83,0.14,2.36,4,0,UP
2026-10-02 21:38:22.167756,SW1,Gi0/1,38.29,56.63,53.59,15.65,0.12,1.95,2,0,UP
2026-10-02 21:38:22.167756,SW1,Gi0/10,53.02,50.05,55.12,14.07,0.19,2.03,4,0,UP
2026-10-02 21:38:22.167756,SW1,Gi0/11,46.29,49.14,40.93,13.86,0.09,2.13,5,0,UP
2026-10-02 21:38:22.167756,SW2,Gi0/2,42.15,47.17,36.99,14.37,0.18,1.55,5,0,UP
2026-10-02 21:38:22.167756,SW2,Gi0/10,44.01,44.74,65.11,10.92,0.28,2.99,4,0,UP
2026-10-02 21:38:22.167756,SW2,Gi0/11,41.3,42.84,61.33,13.73,0.06,2.77,3,0,UP
2026-10-02 21:39:22.167756,R1,Gi0/1,38.61,47.14,46.37,13.62,0.15,2.06,9,0,UP
2026-10-02 21:39:22.167756,R1,Gi0/2,42.38,54.83,37.33,9.29,0.35,2.59,6,0,UP
2026-10-02 21:39:22.167756,SW1,Gi0/1,39.6,56.27,24.57,13.08,0.3,1.66,5,0,UP
2026-10-02 21:39:22.167756,SW1,Gi0/10,39.1,49.6,42.93,15.16,0.15,1.71,1,0,UP
2026-10-02 21:39:22.167756,SW1,Gi0/11,38.16,50.98,50.11,10.49,0.24,2.31,1,0,UP
2026-10-02 21:39:22.167756,SW2,Gi0/2,40.32,49.58,45.59,10.94,0.19,2.02,6,0,UP
2026-10-02 21:39:22.167756,SW2,Gi0/10,40.22,56.69,56.31,9.36,0.17,2.71,3,0,UP
2026-10-02 21:39:22.167756,SW2,Gi0/11,39.42,53.75,53.54,11.94,0.17,0.82,3,0,UP
2026-10-02 21:40:22.167756,R1,Gi0/1,38.09,44.97,43.36,11.17,0.22,1.86,3,0,UP
2026-10-02 21:40:22.167756,R1,Gi0/2,40.87,56.37,40.73,15.56,0.31,2.74,3,0,UP
2026-10-02 21:40:22.167756,SW1,Gi0/1,38.59,47.31,59.02,14.19,0.1,2.49,1,0,UP
2026-10-02 21:40:22.167756,SW1,Gi0/10,41.62,54.13,56.66,12.48,0.19,2.02,5,0,UP
2026-10-02 21:40:22.167756,SW1,Gi0/11,43.94,49.92,30.09,7.13,0.22,1.41,1,0,UP
2026-10-02 21:40:22.167756,SW2,Gi0/2,38.87,60.38,45.98,13.44,0.25,0.79,2,0,UP
2026-10-02 21:40:22.167756,SW2,Gi0/10,33.9,58.64,30.45,11.16,0.17,1.51,3,0,UP
2026-10-02 21:40:22.167756,SW2,Gi0/11,39.79,50.82,49.02,12.47,0.24,2.56,0,0,UP
2026-10-02 21:41:22.167756,R1,Gi0/1,43.5,44.77,39.86,12.24,0.24,2.26,1,0,UP
2026-10-02 21:41:22.167756,R1,Gi0/2,48.16,47.91,39.24,9.46,0.06,1.3,3,0,UP
2026-10-02 21:41:22.167756,SW1,Gi0/1,43.02,45.68,35.86,11.58,0.21,2.13,1,0,UP
2026-10-02 21:41:22.167756,SW1,Gi0/10,39.16,57.84,35.44,11.94,0.25,1.52,4,0,UP
2026-10-02 21:41:22.167756,SW1,Gi0/11,33.3,53.17,45.35,9.16,0.27,1.55,2,0,UP
2026-10-02 21:41:22.167756,SW2,Gi0/2,43.15,45.18,40.77,14.25,0.0,2.71,0,0,UP
2026-10-02 21:41:22.167756,SW2,Gi0/10,36.5,51.41,49.83,12.6,0.2,1.78,6,0,UP
2026-10-02 21:41:22.167756,SW2,Gi0/11,43.86,55.88,41.63,7.34,0.3,2.18,3,0,UP
2026-10-02 21:42:22.167756,R1,Gi0/1,37.16,48.26,40.21,12.09,0.09,2.38,7,0,UP
2026-10-02 21:42:22.167756,R1,Gi0/2,37.01,42.04,44.18,12.63,0.25,2.8,4,0,UP
2026-10-02 21:42:22.167756,SW1,Gi0/1,30.94,43.82,48.25,11.09,0.35,1.53,4,0,UP
2026-10-02 21:42:22.167756,SW1,Gi0/10,36.75,51.31,38.38,13.12,0.31,2.13,6,0,UP
2026-10-02 21:42:22.167756,SW1,Gi0/11,36.4,50.49,51.77,10.1,0.21,2.33,4,0,UP
2026-10-02 21:42:22.167756,SW2,Gi0/2,45.71,45.65,47.31,9.37,0.13,1.91,5,0,UP
2026-10-02 21:42:22.167756,SW2,Gi0/10,42.64,50.2,48.59,13.04,0.24,1.71,1,0,UP
2026-10-02 21:42:22.167756,SW2,Gi0/11,38.88,46.03,49.97,15.06,0.26,1.09,1,0,UP
2026-10-02 21:43:22.167756,R1,Gi0/1,40.09,42.83,45.25,12.94,0.34,2.91,0,0,UP
2026-10-02 21:43:22.167756,R1,Gi0/2,39.42,49.48,39.3,12.2,0.19,2.31,5,0,UP
2026-10-02 21:43:22.167756,SW1,Gi0/1,40.66,47.55,36.8,16.08,0.29,2.2,2,0,UP
2026-10-02 21:43:22.167756,SW1,Gi0/10,48.06,49.2,31.3,12.53,0.08,2.13,5,0,UP
2026-10-02 21:43:22.167756,SW1,Gi0/11,31.64,45.5,51.92,11.0,0.24,2.21,4,0,UP
2026-10-02 21:43:22.167756,SW2,Gi0/2,36.77,37.24,48.17,8.86,0.29,1.98,2,0,UP
2026-10-02 21:43:22.167756,SW2,Gi0/10,43.45,41.29,43.4,12.9,0.23,1.76,2,0,UP
2026-10-02 21:43:22.167756,SW2,Gi0/11,47.72,54.56,39.69,14.7,0.28,2.24,4,0,UP
2026-10-02 21:44:22.167756,R1,Gi0/1,34.27,57.53,52.61,12.49,0.22,1.95,1,0,UP
2026-10-02 21:44:22.167756,R1,Gi0/2,42.67,46.02,46.21,12.19,0.24,2.47,3,0,UP
2026-10-02 21:44:22.167756,SW1,Gi0/1,43.47,40.3,48.68,12.15,0.24,1.74,5,0,UP
2026-10-02 21:44:22.167756,SW1,Gi0/10,41.25,46.28,40.45,13.81,0.19,2.0,2,0,UP
2026-10-02 21:44:22.167756,SW1,Gi0/11,45.06,52.41,35.5,10.05,0.2,1.68,0,0,UP
2026-10-02 21:44:22.167756,SW2,Gi0/2,36.27,48.61,41.8,13.44,0.0,1.61,4,0,UP
2026-10-02 21:44:22.167756,SW2,Gi0/10,36.66,43.94,39.55,12.89,0.17,1.64,3,0,UP
2026-10-02 21:44:22.167756,SW2,Gi0/11,41.87,43.68,45.76,9.4,0.32,2.62,2,0,UP
2026-10-02 21:45:22.167756,R1,Gi0/1,45.32,46.22,43.88,10.83,0.2,2.03,2,0,UP
2026-10-02 21:45:22.167756,R1,Gi0/2,39.55,50.64,55.04,7.98,0.39,1.82,2,0,UP
2026-10-02 21:45:22.167756,SW1,Gi0/1,46.65,53.03,49.28,14.49,0.18,2.46,0,0,UP
2026-10-02 21:45:22.167756,SW1,Gi0/10,42.09,52.81,54.17,13.42,0.22,1.84,2,0,UP
2026-10-02 21:45:22.167756,SW1,Gi0/11,38.4,43.51,58.95,14.0,0.23,2.41,4,0,UP
2026-10-02 21:45:22.167756,SW2,Gi0/2,35.04,53.18,55.16,10.64,0.05,1.42,2,0,UP
2026-10-02 21:45:22.167756,SW2,Gi0/10,33.9,49.14,39.76,12.0,0.15,1.98,4,0,UP
2026-10-02 21:45:22.167756,SW2,Gi0/11,35.21,51.41,38.18,11.99,0.19,2.18,3,0,UP
2026-10-02 21:46:22.167756,R1,Gi0/1,46.19,49.87,39.98,13.86,0.23,2.44,2,0,UP
2026-10-02 21:46:22.167756,R1,Gi0/2,33.46,61.22,40.18,9.68,0.27,1.53,2,0,UP
2026-10-02 21:46:22.167756,SW1,Gi0/1,40.62,49.28,42.09,15.18,0.19,1.55,4,0,UP
2026-10-02 21:46:22.167756,SW1,Gi0/10,36.39,49.45,37.76,12.42,0.2,1.99,3,0,UP
2026-10-02 21:46:22.167756,SW1,Gi0/11,44.09,53.52,36.68,10.65,0.29,1.61,3,0,UP
2026-10-02 21:46:22.167756,SW2,Gi0/2,44.2,41.79,41.75,13.63,0.19,1.8,4,0,UP
2026-10-02 21:46:22.167756,SW2,Gi0/10,45.52,46.61,59.14,8.43,0.05,1.77,2,0,UP
2026-10-02 21:46:22.167756,SW2,Gi0/11,38.56,47.33,39.2,11.56,0.14,2.34,3,0,UP
2026-10-02 21:47:22.167756,R1,Gi0/1,38.89,49.64,53.91,11.03,0.07,1.51,2,0,UP
2026-10-02 21:47:22.167756,R1,Gi0/2,42.41,54.4,58.19,13.48,0.11,1.9,0,0,UP
2026-10-02 21:47:22.167756,SW1,Gi0/1,38.44,46.97,26.5,16.22,0.16,0.95,2,0,UP
2026-10-02 21:47:22.167756,SW1,Gi0/10,48.25,59.54,45.47,12.19,0.32,1.92,3,0,UP
2026-10-02 21:47:22.167756,SW1,Gi0/11,44.2,44.62,57.29,10.24,0.14,2.05,4,0,UP
2026-10-02 21:47:22.167756,SW2,Gi0/2,43.39,49.75,47.27,14.15,0.2,1.59,1,0,UP
2026-10-02 21:47:22.167756,SW2,Gi0/10,44.55,45.94,32.46,11.39,0.19,2.43,0,0,UP
2026-10-02 21:47:22.167756,SW2,Gi0/11,41.73,55.76,38.46,12.16,0.0,2.44,4,0,UP
2026-10-02 21:48:22.167756,R1,Gi0/1,39.9,43.36,50.34,11.51,0.0,2.39,5,0,UP
2026-10-02 21:48:22.167756,R1,Gi0/2,46.7,43.61,29.67,11.18,0.25,1.53,0,0,UP
2026-10-02 21:48:22.167756,SW1,Gi0/1,43.62,48.27,49.98,12.03,0.18,1.97,2,0,UP
2026-10-02 21:48:22.167756,SW1,Gi0/10,37.71,44.49,48.87,14.5,0.15,2.93,3,0,UP
2026-10-02 21:48:22.167756,SW1,Gi0/11,41.29,53.28,52.8,11.09,0.26,2.52,2,0,UP
2026-10-02 21:48:22.167756,SW2,Gi0/2,40.02,46.16,41.06,11.3,0.11,1.97,3,0,UP
2026-10-02 21:48:22.167756,SW2,Gi0/10,42.14,45.96,40.15,13.7,0.14,2.41,1,0,UP
2026-10-02 21:48:22.167756,SW2,Gi0/11,41.88,53.76,23.8,13.74,0.33,1.85,3,0,UP
2026-10-02 21:49:22.167756,R1,Gi0/1,35.8,51.82,64.69,7.61,0.15,2.4,5,0,UP
2026-10-02 21:49:22.167756,R1,Gi0/2,33.09,46.81,40.36,10.69,0.19,1.29,2,0,UP
2026-10-02 21:49:22.167756,SW1,Gi0/1,35.32,49.66,39.36,11.66,0.1,2.48,2,0,UP
2026-10-02 21:49:22.167756,SW1,Gi0/10,40.07,49.27,45.06,12.0,0.28,1.86,1,0,UP
2026-10-02 21:49:22.167756,SW1,Gi0/11,40.21,46.94,44.4,9.9,0.3,1.61,5,0,UP
2026-10-02 21:49:22.167756,SW2,Gi0/2,39.69,54.28,38.86,8.07,0.04,3.25,1,0,UP
2026-10-02 21:49:22.167756,SW2,Gi0/10,45.48,43.51,46.43,12.7,0.48,1.84,1,0,UP
2026-10-02 21:49:22.167756,SW2,Gi0/11,41.75,45.38,48.28,11.89,0.12,2.25,3,0,UP
2026-10-02 21:50:22.167756,R1,Gi0/1,43.8,58.26,40.99,11.18,0.07,2.26,1,0,UP
2026-10-02 21:50:22.167756,R1,Gi0/2,41.73,55.83,39.52,11.05,0.3,2.35,4,0,UP
2026-10-02 21:50:22.167756,SW1,Gi0/1,38.04,42.82,39.31,9.98,0.26,2.14,1,0,UP
2026-10-02 21:50:22.167756,SW1,Gi0/10,37.86,52.38,42.45,10.84,0.4,1.73,4,0,UP
2026-10-02 21:50:22.167756,SW1,Gi0/11,41.96,42.38,39.57,13.64,0.19,1.27,3,0,UP
2026-10-02 21:50:22.167756,SW2,Gi0/2,37.09,52.18,66.5,12.76,0.26,1.87,0,0,UP
2026-10-02 21:50:22.167756,SW2,Gi0/10,45.12,46.97,43.17,15.59,0.17,2.61,3,0,UP
2026-10-02 21:50:22.167756,SW2,Gi0/11,37.23,51.71,39.27,13.81,0.32,2.02,5,0,UP
2026-10-02 21:51:22.167756,R1,Gi0/1,40.8,54.57,68.61,16.95,0.18,2.15,0,0,UP
2026-10-02 21:51:22.167756,R1,Gi0/2,43.99,51.95,38.81,14.37,0.17,1.74,3,0,UP
2026-10-02 21:51:22.167756,SW1,Gi0/1,37.67,49.84,58.97,10.77,0.27,1.71,1,0,UP
2026-10-02 21:51:22.167756,SW1,Gi0/10,39.59,63.42,51.25,12.92,0.15,1.81,0,0,UP
2026-10-02 21:51:22.167756,SW1,Gi0/11,48.98,51.34,46.46,12.41,0.41,2.15,2,0,UP
2026-10-02 21:51:22.167756,SW2,Gi0/2,49.0,49.35,31.47,8.95,0.18,2.15,4,0,UP
2026-10-02 21:51:22.167756,SW2,Gi0/10,35.41,48.87,38.52,14.23,0.33,2.98,3,0,UP
2026-10-02 21:51:22.167756,SW2,Gi0/11,49.33,46.54,46.73,9.88,0.26,2.14,0,0,UP
2026-10-02 21:52:22.167756,R1,Gi0/1,45.55,54.28,40.55,12.56,0.05,1.61,6,0,UP
2026-10-02 21:52:22.167756,R1,Gi0/2,34.23,50.05,33.83,12.68,0.26,2.36,3,0,UP
2026-10-02 21:52:22.167756,SW1,Gi0/1,47.13,47.23,36.53,10.83,0.07,2.04,2,0,UP
2026-10-02 21:52:22.167756,SW1,Gi0/10,42.39,41.92,44.9,14.43,0.26,1.05,2,0,UP
2026-10-02 21:52:22.167756,SW1,Gi0/11,36.34,50.06,41.95,15.48,0.21,2.16,2,0,UP
2026-10-02 21:52:22.167756,SW2,Gi0/2,42.37,48.92,51.19,11.22,0.34,2.25,2,0,UP
2026-10-02 21:52:22.167756,SW2,Gi0/10,44.21,52.47,51.62,12.17,0.18,2.07,1,0,UP
2026-10-02 21:52:22.167756,SW2,Gi0/11,44.9,57.35,49.63,14.84,0.31,1.87,4,0,UP
2026-10-02 21:53:22.167756,R1,Gi0/1,33.59,50.93,35.54,11.78,0.06,2.55,2,0,UP
2026-10-02 21:53:22.167756,R1,Gi0/2,44.53,49.62,30.25,11.03,0.15,1.99,6,0,UP
2026-10-02 21:53:22.167756,SW1,Gi0/1,48.37,48.84,34.92,10.51,0.25,1.95,0,0,UP
2026-10-02 21:53:22.167756,SW1,Gi0/10,37.48,56.56,47.34,12.09,0.16,1.77,4,0,UP
2026-10-02 21:53:22.167756,SW1,Gi0/11,40.71,53.86,49.37,12.04,0.24,1.7,2,0,UP
2026-10-02 21:53:22.167756,SW2,Gi0/2,46.7,50.05,43.26,12.42,0.08,2.11,6,0,UP
2026-10-02 21:53:22.167756,SW2,Gi0/10,35.96,51.34,44.81,11.9,0.19,2.36,0,0,UP
2026-10-02 21:53:22.167756,SW2,Gi0/11,43.44,50.35,30.9,12.76,0.21,1.56,3,0,UP
2026-10-02 21:54:22.167756,R1,Gi0/1,33.42,46.58,45.3,8.63,0.08,1.5,3,0,UP
2026-10-02 21:54:22.167756,R1,Gi0/2,42.21,45.54,37.41,12.28,0.21,1.65,6,0,UP
2026-10-02 21:54:22.167756,SW1,Gi0/1,40.92,49.15,41.91,14.02,0.25,1.13,1,0,UP
2026-10-02 21:54:22.167756,SW1,Gi0/10,37.77,49.94,50.02,9.86,0.19,2.85,3,0,UP
2026-10-02 21:54:22.167756,SW1,Gi0/11,36.53,43.33,41.1,9.84,0.16,2.27,3,0,UP
2026-10-02 21:54:22.167756,SW2,Gi0/2,37.6,41.05,51.66,11.3,0.21,1.54,2,0,UP
2026-10-02 21:54:22.167756,SW2,Gi0/10,37.1,43.33,37.74,11.97,0.23,1.66,0,0,UP
2026-10-02 21:54:22.167756,SW2,Gi0/11,38.22,53.9,37.49,12.03,0.13,2.56,1,0,UP
2026-10-02 21:55:22.167756,R1,Gi0/1,43.31,55.08,57.33,9.29,0.06,2.58,5,0,UP
2026-10-02 21:55:22.167756,R1,Gi0/2,36.92,33.82,45.65,8.97,0.12,2.09,3,0,UP
2026-10-02 21:55:22.167756,SW1,Gi0/1,47.91,48.14,37.19,13.83,0.24,1.82,3,0,UP
2026-10-02 21:55:22.167756,SW1,Gi0/10,38.11,53.46,58.5,10.55,0.24,1.24,0,0,UP
2026-10-02 21:55:22.167756,SW1,Gi0/11,42.81,49.65,36.13,12.02,0.29,1.28,6,0,UP
2026-10-02 21:55:22.167756,SW2,Gi0/2,42.87,52.96,44.99,15.49,0.3,1.82,4,0,UP
2026-10-02 21:55:22.167756,SW2,Gi0/10,36.33,48.6,56.73,12.78,0.27,2.58,4,0,UP
2026-10-02 21:55:22.167756,SW2,Gi0/11,35.94,58.31,49.13,13.17,0.21,2.56,6,0,UP
2026-10-02 21:56:22.167756,R1,Gi0/1,38.12,55.33,45.27,8.0,0.06,2.21,5,0,UP
2026-10-02 21:56:22.167756,R1,Gi0/2,43.05,53.85,65.72,13.06,0.17,1.94,6,0,UP
2026-10-02 21:56:22.167756,SW1,Gi0/1,33.65,56.19,45.13,10.34,0.05,2.74,1,0,UP
2026-10-02 21:56:22.167756,SW1,Gi0/10,40.31,45.13,60.73,12.2,0.07,1.79,5,0,UP
2026-10-02 21:56:22.167756,SW1,Gi0/11,35.12,48.19,54.5,12.68,0.08,2.11,2,0,UP
2026-10-02 21:56:22.167756,SW2,Gi0/2,40.26,54.73,46.92,11.81,0.19,2.54,1,0,UP
2026-10-02 21:56:22.167756,SW2,Gi0/10,29.16,48.87,48.03,11.17,0.15,1.82,2,0,UP
2026-10-02 21:56:22.167756,SW2,Gi0/11,33.51,53.31,23.7,13.08,0.23,2.25,0,0,UP
2026-10-02 21:57:22.167756,R1,Gi0/1,41.46,47.29,57.82,12.72,0.08,1.15,1,0,UP
2026-10-02 21:57:22.167756,R1,Gi0/2,44.06,55.76,46.45,12.16,0.17,1.99,5,0,UP
2026-10-02 21:57:22.167756,SW1,Gi0/1,38.27,53.29,40.77,14.03,0.26,2.49,6,0,UP
2026-10-02 21:57:22.167756,SW1,Gi0/10,27.09,53.77,48.75,12.89,0.22,2.12,3,0,UP
2026-10-02 21:57:22.167756,SW1,Gi0/11,44.53,54.13,44.8,11.63,0.2,1.79,6,0,UP
2026-10-02 21:57:22.167756,SW2,Gi0/2,33.65,53.75,50.95,10.94,0.23,2.63,2,0,UP
2026-10-02 21:57:22.167756,SW2,Gi0/10,46.56,55.59,39.32,9.78,0.22,1.38,0,0,UP
2026-10-02 21:57:22.167756,SW2,Gi0/11,37.55,60.87,41.42,12.76,0.27,1.98,2,0,UP
2026-10-02 21:58:22.167756,R1,Gi0/1,46.14,50.2,44.27,13.59,0.1,1.37,0,0,UP
2026-10-02 21:58:22.167756,R1,Gi0/2,42.84,49.18,51.61,12.1,0.06,1.82,4,0,UP
2026-10-02 21:58:22.167756,SW1,Gi0/1,38.69,55.93,41.37,13.44,0.02,1.89,2,0,UP
2026-10-02 21:58:22.167756,SW1,Gi0/10,33.01,55.56,39.88,10.51,0.33,2.08,4,0,UP
2026-10-02 21:58:22.167756,SW1,Gi0/11,31.49,46.01,61.69,13.71,0.09,2.11,1,0,UP
2026-10-02 21:58:22.167756,SW2,Gi0/2,46.97,38.65,47.2,12.52,0.09,1.86,3,0,UP
2026-10-02 21:58:22.167756,SW2,Gi0/10,31.11,43.6,43.76,10.33,0.15,1.99,1,0,UP
2026-10-02 21:58:22.167756,SW2,Gi0/11,39.87,51.49,51.23,9.51,0.14,2.29,0,0,UP
2026-10-02 21:59:22.167756,R1,Gi0/1,40.53,50.14,24.31,11.01,0.23,1.89,2,0,UP
2026-10-02 21:59:22.167756,R1,Gi0/2,40.78,54.94,49.3,10.49,0.05,2.26,0,0,UP
2026-10-02 21:59:22.167756,SW1,Gi0/1,37.36,51.0,54.17,14.57,0.21,1.75,0,0,UP
2026-10-02 21:59:22.167756,SW1,Gi0/10,49.79,48.55,50.42,12.39,0.15,1.73,0,0,UP
2026-10-02 21:59:22.167756,SW1,Gi0/11,45.61,49.4,56.44,11.1,0.17,1.43,2,0,UP
2026-10-02 21:59:22.167756,SW2,Gi0/2,33.8,52.01,45.86,14.95,0.05,2.61,1,0,UP
2026-10-02 21:59:22.167756,SW2,Gi0/10,41.72,44.27,46.62,6.98,0.13,2.05,6,0,UP
2026-10-02 21:59:22.167756,SW2,Gi0/11,29.36,49.99,40.85,8.17,0.09,1.76,3,0,UP
2026-10-02 22:00:22.167756,R1,Gi0/1,40.44,43.44,30.33,12.84,0.18,2.81,2,0,UP
2026-10-02 22:00:22.167756,R1,Gi0/2,45.72,52.72,51.57,12.86,0.25,0.85,2,0,UP
2026-10-02 22:00:22.167756,SW1,Gi0/1,36.68,56.35,36.99,11.44,0.28,2.15,3,0,UP
2026-10-02 22:00:22.167756,SW1,Gi0/10,45.55,51.3,40.64,9.41,0.25,1.61,2,0,UP
2026-10-02 22:00:22.167756,SW1,Gi0/11,45.39,48.89,41.45,11.44,0.17,1.5,6,0,UP
2026-10-02 22:00:22.167756,SW2,Gi0/2,37.25,53.92,36.85,13.1,0.22,2.01,3,0,UP
2026-10-02 22:00:22.167756,SW2,Gi0/10,42.08,48.87,43.58,13.15,0.09,1.35,3,0,UP
2026-10-02 22:00:22.167756,SW2,Gi0/11,29.95,41.59,59.44,15.1,0.14,2.5,5,0,UP
2026-10-02 22:01:22.167756,R1,Gi0/1,42.36,49.61,50.01,13.6,0.26,1.23,7,0,UP
2026-10-02 22:01:22.167756,R1,Gi0/2,52.02,40.45,49.09,16.09,0.3,2.51,0,0,UP
2026-10-02 22:01:22.167756,SW1,Gi0/1,43.96,51.2,51.24,9.93,0.09,1.93,2,0,UP
2026-10-02 22:01:22.167756,SW1,Gi0/10,39.21,47.6,43.39,10.67,0.2,1.29,4,0,UP
2026-10-02 22:01:22.167756,SW1,Gi0/11,41.3,43.69,55.61,10.35,0.32,2.16,5,0,UP
2026-10-02 22:01:22.167756,SW2,Gi0/2,40.88,52.83,52.92,15.81,0.31,2.22,0,0,UP
2026-10-02 22:01:22.167756,SW2,Gi0/10,27.92,49.35,39.28,10.64,0.19,2.33,1,0,UP
2026-10-02 22:01:22.167756,SW2,Gi0/11,44.48,50.17,45.3,15.75,0.22,1.97,4,0,UP
2026-10-02 22:02:22.167756,R1,Gi0/1,48.99,49.77,48.52,11.78,0.19,1.75,1,0,UP
2026-10-02 22:02:22.167756,R1,Gi0/2,48.48,47.23,32.67,12.25,0.3,2.62,0,0,UP
2026-10-02 22:02:22.167756,SW1,Gi0/1,45.56,60.29,39.53,11.65,0.08,2.93,0,0,UP
2026-10-02 22:02:22.167756,SW1,Gi0/10,38.0,53.92,39.53,10.02,0.19,3.2,2,0,UP
2026-10-02 22:02:22.167756,SW1,Gi0/11,38.96,44.42,48.08,13.77,0.14,2.27,1,0,UP
2026-10-02 22:02:22.167756,SW2,Gi0/2,30.53,52.29,61.6,9.61,0.22,2.65,2,0,UP
2026-10-02 22:02:22.167756,SW2,Gi0/10,32.87,50.22,56.92,10.99,0.22,1.47,2,0,UP
2026-10-02 22:02:22.167756,SW2,Gi0/11,41.93,50.63,41.55,12.89,0.27,2.37,2,0,UP
2026-10-02 22:03:22.167756,R1,Gi0/1,36.89,59.82,46.1,11.49,0.05,1.53,1,0,UP
2026-10-02 22:03:22.167756,R1,Gi0/2,42.2,48.22,45.12,9.13,0.34,1.63,3,0,UP
2026-10-02 22:03:22.167756,SW1,Gi0/1,37.35,48.41,38.65,12.59,0.1,2.16,2,0,UP
2026-10-02 22:03:22.167756,SW1,Gi0/10,43.15,53.64,42.46,12.73,0.16,2.66,2,0,UP
2026-10-02 22:03:22.167756,SW1,Gi0/11,38.99,47.66,39.14,16.07,0.25,2.03,2,0,UP
2026-10-02 22:03:22.167756,SW2,Gi0/2,45.57,47.27,45.97,16.41,0.1,2.27,3,0,UP
2026-10-02 22:03:22.167756,SW2,Gi0/10,42.64,48.58,40.26,12.45,0.15,0.83,1,0,UP
2026-10-02 22:03:22.167756,SW2,Gi0/11,38.42,44.61,46.21,10.48,0.2,3.08,5,0,UP
2026-10-02 22:04:22.167756,R1,Gi0/1,42.96,59.05,44.42,11.88,0.09,2.64,6,0,UP
2026-10-02 22:04:22.167756,R1,Gi0/2,44.54,57.12,23.1,16.68,0.19,3.18,6,0,UP
2026-10-02 22:04:22.167756,SW1,Gi0/1,43.86,48.28,46.27,8.18,0.29,0.72,2,0,UP
2026-10-02 22:04:22.167756,SW1,Gi0/10,47.72,53.6,32.76,9.32,0.14,2.04,4,0,UP
2026-10-02 22:04:22.167756,SW1,Gi0/11,43.02,44.71,49.95,13.45,0.25,3.24,4,0,UP
2026-10-02 22:04:22.167756,SW2,Gi0/2,44.84,59.38,51.8,10.9,0.32,1.8,1,0,UP
2026-10-02 22:04:22.167756,SW2,Gi0/10,35.52,56.16,49.96,14.12,0.26,2.09,3,0,UP
2026-10-02 22:04:22.167756,SW2,Gi0/11,42.96,46.99,34.68,11.03,0.25,1.68,7,0,UP
2026-10-02 22:05:22.167756,R1,Gi0/1,42.21,50.6,40.15,13.83,0.08,2.16,2,0,UP
2026-10-02 22:05:22.167756,R1,Gi0/2,40.6,52.43,35.83,8.66,0.11,2.44,3,0,UP
2026-10-02 22:05:22.167756,SW1,Gi0/1,37.99,59.84,55.28,14.09,0.13,2.52,3,0,UP
2026-10-02 22:05:22.167756,SW1,Gi0/10,36.39,49.48,36.69,10.57,0.09,2.48,2,0,UP
2026-10-02 22:05:22.167756,SW1,Gi0/11,35.29,52.59,45.01,14.1,0.21,1.28,2,0,UP
2026-10-02 22:05:22.167756,SW2,Gi0/2,34.21,52.82,53.68,8.91,0.19,2.58,0,0,UP
2026-10-02 22:05:22.167756,SW2,Gi0/10,37.82,50.0,53.54,13.09,0.27,2.3,2,0,UP
2026-10-02 22:05:22.167756,SW2,Gi0/11,48.22,46.65,22.77,8.4,0.19,1.83,1,0,UP
2026-10-02 22:06:22.167756,R1,Gi0/1,40.75,56.0,48.63,13.3,0.09,1.74,4,0,UP
2026-10-02 22:06:22.167756,R1,Gi0/2,40.54,52.39,49.91,12.33,0.36,1.73,1,0,UP
2026-10-02 22:06:22.167756,SW1,Gi0/1,31.18,53.74,40.44,14.53,0.22,1.83,0,0,UP
2026-10-02 22:06:22.167756,SW1,Gi0/10,44.23,49.73,47.14,13.21,0.23,1.58,4,0,UP
2026-10-02 22:06:22.167756,SW1,Gi0/11,44.1,51.8,50.06,13.45,0.16,1.78,7,0,UP
2026-10-02 22:06:22.167756,SW2,Gi0/2,46.63,49.76,50.46,10.12,0.14,1.38,3,0,UP
2026-10-02 22:06:22.167756,SW2,Gi0/10,41.49,55.42,43.3,14.13,0.27,3.23,6,0,UP
2026-10-02 22:06:22.167756,SW2,Gi0/11,47.46,54.18,37.85,12.59,0.42,2.25,1,0,UP
2026-10-02 22:07:22.167756,R1,Gi0/1,41.68,45.05,38.15,12.83,0.27,1.6,1,0,UP
2026-10-02 22:07:22.167756,R1,Gi0/2,32.87,49.35,29.43,11.4,0.21,1.12,0,0,UP
2026-10-02 22:07:22.167756,SW1,Gi0/1,39.7,49.02,43.8,12.58,0.03,2.35,2,0,UP
2026-10-02 22:07:22.167756,SW1,Gi0/10,37.02,40.68,42.86,13.02,0.21,2.09,2,0,UP
2026-10-02 22:07:22.167756,SW1,Gi0/11,39.7,44.46,44.96,11.02,0.09,2.38,0,0,UP
2026-10-02 22:07:22.167756,SW2,Gi0/2,42.62,52.94,40.78,14.06,0.15,1.69,0,0,UP
2026-10-02 22:07:22.167756,SW2,Gi0/10,39.96,45.21,38.67,11.87,0.2,2.63,4,0,UP
2026-10-02 22:07:22.167756,SW2,Gi0/11,42.75,49.27,41.77,11.95,0.14,1.65,2,0,UP
2026-10-02 22:08:22.167756,R1,Gi0/1,35.61,45.92,52.64,9.24,0.1,2.64,2,0,UP
2026-10-02 22:08:22.167756,R1,Gi0/2,46.88,44.16,45.59,13.54,0.11,2.84,2,0,UP
2026-10-02 22:08:22.167756,SW1,Gi0/1,42.55,46.61,56.93,12.61,0.41,2.59,4,0,UP
2026-10-02 22:08:22.167756,SW1,Gi0/10,35.22,50.42,42.47,12.05,0.21,1.55,2,0,UP
2026-10-02 22:08:22.167756,SW1,Gi0/11,39.52,44.95,51.4,12.44,0.28,2.24,0,0,UP
2026-10-02 22:08:22.167756,SW2,Gi0/2,35.83,58.27,51.28,8.76,0.25,1.58,0,0,UP
2026-10-02 22:08:22.167756,SW2,Gi0/10,48.29,50.38,46.74,9.49,0.08,1.2,5,0,UP
2026-10-02 22:08:22.167756,SW2,Gi0/11,31.78,58.08,37.11,9.54,0.19,1.66,3,0,UP
2026-10-02 22:09:22.167756,R1,Gi0/1,35.61,48.43,38.93,13.72,0.25,2.12,5,0,UP
2026-10-02 22:09:22.167756,R1,Gi0/2,41.32,50.89,44.04,10.57,0.13,2.07,5,0,UP
2026-10-02 22:09:22.167756,SW1,Gi0/1,42.85,52.82,36.15,13.05,0.16,2.09,4,0,UP
2026-10-02 22:09:22.167756,SW1,Gi0/10,34.22,50.79,46.89,14.0,0.15,1.97,3,0,UP
2026-10-02 22:09:22.167756,SW1,Gi0/11,37.42,47.32,40.41,11.74,0.37,1.95,3,0,UP
2026-10-02 22:09:22.167756,SW2,Gi0/2,40.16,48.46,44.81,13.54,0.19,1.92,2,0,UP
2026-10-02 22:09:22.167756,SW2,Gi0/10,35.03,55.2,41.42,14.94,0.22,2.7,2,0,UP
2026-10-02 22:09:22.167756,SW2,Gi0/11,36.33,55.22,40.51,14.57,0.26,2.73,1,0,UP
2026-10-02 22:10:22.167756,R1,Gi0/1,44.78,46.29,25.83,13.79,0.2,2.48,3,0,UP
2026-10-02 22:10:22.167756,R1,Gi0/2,40.11,57.49,45.95,11.05,0.19,2.08,0,0,UP
2026-10-02 22:10:22.167756,SW1,Gi0/1,42.46,56.79,44.61,11.16,0.24,2.87,3,0,UP
2026-10-02 22:10:22.167756,SW1,Gi0/10,41.07,48.05,36.44,12.05,0.2,1.03,1,0,UP
2026-10-02 22:10:22.167756,SW1,Gi0/11,45.79,48.71,25.35,15.2,0.11,1.76,5,0,UP
2026-10-02 22:10:22.167756,SW2,Gi0/2,36.29,40.15,46.74,13.59,0.15,1.94,0,0,UP
2026-10-02 22:10:22.167756,SW2,Gi0/10,35.02,48.39,50.19,12.2,0.3,2.83,4,0,UP
2026-10-02 22:10:22.167756,SW2,Gi0/11,32.05,48.58,52.02,11.76,0.04,1.72,0,0,UP
2026-10-02 22:11:22.167756,R1,Gi0/1,38.61,46.58,42.11,14.36,0.07,1.64,0,0,UP
2026-10-02 22:11:22.167756,R1,Gi0/2,45.36,55.66,47.88,12.62,0.08,2.1,0,0,UP
2026-10-02 22:11:22.167756,SW1,Gi0/1,40.21,48.28,40.25,12.06,0.27,2.89,4,0,UP
2026-10-02 22:11:22.167756,SW1,Gi0/10,51.39,51.0,59.27,12.87,0.22,1.92,3,0,UP
2026-10-02 22:11:22.167756,SW1,Gi0/11,42.16,42.91,50.6,9.03,0.27,2.3,5,0,UP
2026-10-02 22:11:22.167756,SW2,Gi0/2,35.69,45.06,53.86,9.85,0.08,2.1,2,0,UP
2026-10-02 22:11:22.167756,SW2,Gi0/10,40.78,52.69,49.35,11.84,0.2,1.97,3,0,UP
2026-10-02 22:11:22.167756,SW2,Gi0/11,33.06,53.78,53.39,13.27,0.26,1.5,0,0,UP
2026-10-02 22:12:22.167756,R1,Gi0/1,44.15,50.14,46.36,12.43,0.23,2.32,2,0,UP
2026-10-02 22:12:22.167756,R1,Gi0/2,30.47,53.44,49.62,9.41,0.08,2.44,5,0,UP
2026-10-02 22:12:22.167756,SW1,Gi0/1,26.68,52.2,43.23,12.15,0.21,1.62,4,0,UP
2026-10-02 22:12:22.167756,SW1,Gi0/10,36.56,53.74,52.75,10.26,0.12,2.06,6,0,UP
2026-10-02 22:12:22.167756,SW1,Gi0/11,37.04,47.98,47.57,13.31,0.25,2.02,2,0,UP
2026-10-02 22:12:22.167756,SW2,Gi0/2,41.66,34.0,59.95,11.63,0.22,3.05,1,0,UP
2026-10-02 22:12:22.167756,SW2,Gi0/10,51.66,53.7,48.57,13.29,0.12,1.18,0,0,UP
2026-10-02 22:12:22.167756,SW2,Gi0/11,45.44,45.32,31.77,11.84,0.26,2.02,4,0,UP
2026-10-02 22:13:22.167756,R1,Gi0/1,45.78,52.86,43.77,10.91,0.28,2.14,1,0,UP
2026-10-02 22:13:22.167756,R1,Gi0/2,46.51,51.31,50.22,11.22,0.31,1.21,6,0,UP
2026-10-02 22:13:22.167756,SW1,Gi0/1,30.31,43.12,47.01,10.94,0.17,1.73,1,0,UP
2026-10-02 22:13:22.167756,SW1,Gi0/10,41.58,49.76,52.08,12.16,0.16,2.39,0,0,UP
2026-10-02 22:13:22.167756,SW1,Gi0/11,27.09,42.06,42.25,12.78,0.0,1.99,2,0,UP
2026-10-02 22:13:22.167756,SW2,Gi0/2,40.68,40.46,65.92,12.07,0.08,2.06,5,0,UP
2026-10-02 22:13:22.167756,SW2,Gi0/10,33.57,42.53,44.06,11.93,0.27,2.74,4,0,UP
2026-10-02 22:13:22.167756,SW2,Gi0/11,33.06,44.64,38.61,13.56,0.26,2.63,4,0,UP
2026-10-02 22:14:22.167756,R1,Gi0/1,36.86,49.02,33.31,13.26,0.14,2.61,4,0,UP
2026-10-02 22:14:22.167756,R1,Gi0/2,49.69,52.1,48.21,11.63,0.16,1.87,4,0,UP
2026-10-02 22:14:22.167756,SW1,Gi0/1,33.26,50.32,31.67,12.75,0.15,2.25,1,0,UP
2026-10-02 22:14:22.167756,SW1,Gi0/10,38.72,53.16,46.01,15.09,0.15,1.72,5,0,UP
2026-10-02 22:14:22.167756,SW1,Gi0/11,38.16,47.93,48.06,11.67,0.17,1.65,5,0,UP
2026-10-02 22:14:22.167756,SW2,Gi0/2,39.25,47.19,42.62,12.71,0.35,1.92,1,0,UP
2026-10-02 22:14:22.167756,SW2,Gi0/10,49.59,50.68,44.15,12.14,0.08,1.98,4,0,UP
2026-10-02 22:14:22.167756,SW2,Gi0/11,46.1,48.21,46.5,14.48,0.2,2.36,3,0,UP
2026-10-02 22:15:22.167756,R1,Gi0/1,36.68,45.42,53.47,6.65,0.13,1.3,5,0,UP
2026-10-02 22:15:22.167756,R1,Gi0/2,46.82,46.38,67.12,14.75,0.22,2.75,1,0,UP
2026-10-02 22:15:22.167756,SW1,Gi0/1,38.62,52.32,39.46,9.43,0.11,1.9,3,0,UP
2026-10-02 22:15:22.167756,SW1,Gi0/10,38.31,41.8,48.76,14.55,0.13,2.83,4,0,UP
2026-10-02 22:15:22.167756,SW1,Gi0/11,34.73,46.76,42.5,11.63,0.0,1.62,1,0,UP
2026-10-02 22:15:22.167756,SW2,Gi0/2,49.45,51.13,38.62,11.12,0.24,1.81,1,0,UP
2026-10-02 22:15:22.167756,SW2,Gi0/10,37.23,52.4,33.95,9.83,0.11,1.45,1,0,UP
2026-10-02 22:15:22.167756,SW2,Gi0/11,44.48,55.18,47.17,12.43,0.13,0.96,3,0,UP
2026-10-02 22:16:22.167756,R1,Gi0/1,41.49,46.63,36.39,9.45,0.22,2.04,5,0,UP
2026-10-02 22:16:22.167756,R1,Gi0/2,35.97,48.56,45.14,10.9,0.28,2.62,0,0,UP
2026-10-02 22:16:22.167756,SW1,Gi0/1,37.71,56.62,47.59,12.23,0.23,2.33,3,0,UP
2026-10-02 22:16:22.167756,SW1,Gi0/10,41.07,50.05,55.79,11.47,0.2,2.78,3,0,UP
2026-10-02 22:16:22.167756,SW1,Gi0/11,39.67,53.15,46.82,10.52,0.22,1.6,6,0,UP
2026-10-02 22:16:22.167756,SW2,Gi0/2,41.19,45.31,41.86,13.52,0.09,3.36,0,0,UP
2026-10-02 22:16:22.167756,SW2,Gi0/10,44.63,47.57,38.53,13.08,0.15,2.8,0,0,UP
2026-10-02 22:16:22.167756,SW2,Gi0/11,42.81,48.62,47.37,13.03,0.03,2.12,5,0,UP
2026-10-02 22:17:22.167756,R1,Gi0/1,42.33,48.16,33.69,13.02,0.39,2.33,5,0,UP
2026-10-02 22:17:22.167756,R1,Gi0/2,44.67,48.03,45.72,13.74,0.04,2.33,5,0,UP
2026-10-02 22:17:22.167756,SW1,Gi0/1,39.74,54.07,40.57,12.08,0.17,2.23,2,0,UP
2026-10-02 22:17:22.167756,SW1,Gi0/10,31.62,46.41,60.54,13.14,0.0,2.6,0,0,UP
2026-10-02 22:17:22.167756,SW1,Gi0/11,44.47,56.46,45.81,10.01,0.13,2.31,0,0,UP
2026-10-02 22:17:22.167756,SW2,Gi0/2,37.09,52.56,39.79,14.84,0.1,0.36,1,0,UP
2026-10-02 22:17:22.167756,SW2,Gi0/10,41.55,54.32,41.73,11.45,0.2,2.87,3,0,UP
2026-10-02 22:17:22.167756,SW2,Gi0/11,37.54,60.26,45.09,7.85,0.06,2.28,0,0,UP
2026-10-02 22:18:22.167756,R1,Gi0/1,42.49,46.1,54.42,12.34,0.04,2.46,5,0,UP
2026-10-02 22:18:22.167756,R1,Gi0/2,33.62,45.99,49.02,13.36,0.44,2.45,7,0,UP
2026-10-02 22:18:22.167756,SW1,Gi0/1,40.1,51.92,40.45,10.95,0.21,1.71,0,0,UP
2026-10-02 22:18:22.167756,SW1,Gi0/10,36.67,55.38,45.58,12.16,0.12,2.17,6,0,UP
2026-10-02 22:18:22.167756,SW1,Gi0/11,47.0,51.83,38.17,15.53,0.31,1.26,0,0,UP
2026-10-02 22:18:22.167756,SW2,Gi0/2,32.87,47.53,52.21,13.76,0.23,1.93,7,0,UP
2026-10-02 22:18:22.167756,SW2,Gi0/10,40.17,49.57,40.94,16.42,0.27,1.48,0,0,UP
2026-10-02 22:18:22.167756,SW2,Gi0/11,31.6,49.52,33.01,9.66,0.31,2.45,5,0,UP
2026-10-02 22:19:22.167756,R1,Gi0/1,32.65,44.99,39.97,15.28,0.21,2.91,4,0,UP
2026-10-02 22:19:22.167756,R1,Gi0/2,39.44,52.87,31.16,7.89,0.23,2.01,6,0,UP
2026-10-02 22:19:22.167756,SW1,Gi0/1,33.11,51.86,50.56,12.69,0.31,1.68,4,0,UP
2026-10-02 22:19:22.167756,SW1,Gi0/10,42.81,55.83,40.91,9.63,0.14,1.47,1,0,UP
2026-10-02 22:19:22.167756,SW1,Gi0/11,38.33,45.44,45.06,9.64,0.19,1.75,2,0,UP
2026-10-02 22:19:22.167756,SW2,Gi0/2,41.97,47.91,38.78,10.69,0.3,2.64,1,0,UP
2026-10-02 22:19:22.167756,SW2,Gi0/10,39.23,41.48,43.54,9.1,0.15,2.54,0,0,UP
2026-10-02 22:19:22.167756,SW2,Gi0/11,35.49,45.51,31.65,13.73,0.23,2.9,1,0,UP
2026-10-02 22:20:22.167756,R1,Gi0/1,31.14,54.71,42.11,11.07,0.35,2.08,4,0,UP
2026-10-02 22:20:22.167756,R1,Gi0/2,36.89,46.37,42.08,13.34,0.21,2.23,0,0,UP
2026-10-02 22:20:22.167756,SW1,Gi0/1,30.59,39.23,41.97,9.2,0.37,1.99,3,0,UP
2026-10-02 22:20:22.167756,SW1,Gi0/10,34.55,44.4,57.41,15.56,0.24,0.98,2,0,UP
2026-10-02 22:20:22.167756,SW1,Gi0/11,41.57,48.86,28.04,15.7,0.12,1.33,2,0,UP
2026-10-02 22:20:22.167756,SW2,Gi0/2,45.92,52.57,34.47,9.04,0.0,1.85,2,0,UP
2026-10-02 22:20:22.167756,SW2,Gi0/10,42.57,46.57,52.79,13.31,0.13,2.2,5,0,UP
2026-10-02 22:20:22.167756,SW2,Gi0/11,35.2,48.93,43.14,11.28,0.28,2.44,3,0,UP
2026-10-02 22:21:22.167756,R1,Gi0/1,41.79,47.19,47.64,9.43,0.45,2.68,4,0,UP
2026-10-02 22:21:22.167756,R1,Gi0/2,42.04,52.05,31.48,9.48,0.09,2.03,2,0,UP
2026-10-02 22:21:22.167756,SW1,Gi0/1,44.06,45.17,53.21,10.36,0.16,2.45,4,0,UP
2026-10-02 22:21:22.167756,SW1,Gi0/10,33.74,55.32,45.71,7.72,0.12,1.8,0,0,UP
2026-10-02 22:21:22.167756,SW1,Gi0/11,46.71,48.13,48.68,12.41,0.27,2.84,4,0,UP
2026-10-02 22:21:22.167756,SW2,Gi0/2,48.71,53.51,46.05,12.64,0.0,1.77,2,0,UP
2026-10-02 22:21:22.167756,SW2,Gi0/10,42.19,49.87,47.67,9.35,0.04,1.41,6,0,UP
2026-10-02 22:21:22.167756,SW2,Gi0/11,33.66,46.06,45.84,8.82,0.11,2.34,2,0,UP
2026-10-02 22:22:22.167756,R1,Gi0/1,48.42,41.51,42.24,11.12,0.2,1.39,1,0,UP
2026-10-02 22:22:22.167756,R1,Gi0/2,43.95,48.65,36.44,16.16,0.2,2.31,4,0,UP
2026-10-02 22:22:22.167756,SW1,Gi0/1,39.65,46.05,46.59,10.6,0.24,1.92,5,0,UP
2026-10-02 22:22:22.167756,SW1,Gi0/10,34.29,53.59,49.91,11.52,0.27,2.21,4,0,UP
2026-10-02 22:22:22.167756,SW1,Gi0/11,43.02,50.25,40.23,10.78,0.18,2.42,4,0,UP
2026-10-02 22:22:22.167756,SW2,Gi0/2,45.03,55.53,43.26,15.92,0.19,1.75,3,0,UP
2026-10-02 22:22:22.167756,SW2,Gi0/10,42.42,46.29,43.73,11.11,0.21,2.4,2,0,UP
2026-10-02 22:22:22.167756,SW2,Gi0/11,42.86,43.06,52.12,11.09,0.15,2.2,3,0,UP
2026-10-02 22:23:22.167756,R1,Gi0/1,39.44,45.56,41.16,12.19,0.25,1.59,1,0,UP
2026-10-02 22:23:22.167756,R1,Gi0/2,41.31,49.58,46.17,6.77,0.17,2.43,1,0,UP
2026-10-02 22:23:22.167756,SW1,Gi0/1,42.43,43.96,32.5,12.84,0.19,1.83,4,0,UP
2026-10-02 22:23:22.167756,SW1,Gi0/10,38.44,46.84,39.07,10.1,0.25,1.84,5,0,UP
2026-10-02 22:23:22.167756,SW1,Gi0/11,25.24,54.61,47.88,11.82,0.07,1.17,4,0,UP
2026-10-02 22:23:22.167756,SW2,Gi0/2,41.21,51.12,44.18,13.7,0.14,1.83,2,0,UP
2026-10-02 22:23:22.167756,SW2,Gi0/10,38.93,56.68,34.96,8.09,0.05,2.34,2,0,UP
2026-10-02 22:23:22.167756,SW2,Gi0/11,32.01,50.5,42.41,13.12,0.28,3.26,0,0,UP
2026-10-02 22:24:22.167756,R1,Gi0/1,30.69,52.95,52.89,9.45,0.07,2.17,6,0,UP
2026-10-02 22:24:22.167756,R1,Gi0/2,35.62,50.44,29.81,11.6,0.19,2.73,1,0,UP
2026-10-02 22:24:22.167756,SW1,Gi0/1,43.43,46.14,45.72,16.15,0.38,2.98,3,0,UP
2026-10-02 22:24:22.167756,SW1,Gi0/10,38.95,51.42,48.73,12.78,0.13,1.62,1,0,UP
2026-10-02 22:24:22.167756,SW1,Gi0/11,45.35,55.9,70.47,12.85,0.12,1.76,2,0,UP
2026-10-02 22:24:22.167756,SW2,Gi0/2,47.53,53.66,34.23,11.89,0.05,2.3,1,0,UP
2026-10-02 22:24:22.167756,SW2,Gi0/10,36.94,40.61,51.05,14.42,0.13,1.92,2,0,UP
2026-10-02 22:24:22.167756,SW2,Gi0/11,38.91,45.9,36.2,14.74,0.0,2.25,3,0,UP
2026-10-02 22:25:22.167756,R1,Gi0/1,48.27,48.82,42.03,10.38,0.24,1.65,0,0,UP
2026-10-02 22:25:22.167756,R1,Gi0/2,36.31,45.27,36.95,12.17,0.18,2.27,3,0,UP
2026-10-02 22:25:22.167756,SW1,Gi0/1,33.99,39.39,36.55,13.53,0.27,2.49,4,0,UP
2026-10-02 22:25:22.167756,SW1,Gi0/10,45.44,52.03,59.42,12.59,0.4,1.69,1,0,UP
2026-10-02 22:25:22.167756,SW1,Gi0/11,39.04,49.81,42.43,13.08,0.19,1.7,2,0,UP
2026-10-02 22:25:22.167756,SW2,Gi0/2,46.09,51.59,31.59,15.02,0.24,2.32,4,0,UP
2026-10-02 22:25:22.167756,SW2,Gi0/10,44.9,45.4,36.44,16.79,0.13,2.19,6,0,UP
2026-10-02 22:25:22.167756,SW2,Gi0/11,37.78,48.2,52.41,12.43,0.25,1.96,1,0,UP
2026-10-02 22:26:22.167756,R1,Gi0/1,38.34,55.97,42.64,12.86,0.1,3.02,3,0,UP
2026-10-02 22:26:22.167756,R1,Gi0/2,41.7,54.63,41.15,14.39,0.05,1.69,1,0,UP
2026-10-02 22:26:22.167756,SW1,Gi0/1,30.6,47.36,44.58,9.82,0.08,2.02,2,0,UP
2026-10-02 22:26:22.167756,SW1,Gi0/10,38.67,43.67,41.84,10.67,0.21,1.72,2,0,UP
2026-10-02 22:26:22.167756,SW1,Gi0/11,33.45,43.02,49.46,13.53,0.16,2.01,2,0,UP
2026-10-02 22:26:22.167756,SW2,Gi0/2,45.49,48.98,41.01,13.93,0.12,2.08,0,0,UP
2026-10-02 22:26:22.167756,SW2,Gi0/10,43.32,54.08,34.69,9.11,0.23,2.97,4,0,UP
2026-10-02 22:26:22.167756,SW2,Gi0/11,38.94,45.73,35.27,13.43,0.29,1.68,2,0,UP
2026-10-02 22:27:22.167756,R1,Gi0/1,40.23,59.06,45.52,10.04,0.08,1.54,5,0,UP
2026-10-02 22:27:22.167756,R1,Gi0/2,42.57,48.27,21.6,10.29,0.23,2.18,3,0,UP
2026-10-02 22:27:22.167756,SW1,Gi0/1,33.26,50.89,37.19,12.0,0.12,2.54,3,0,UP
2026-10-02 22:27:22.167756,SW1,Gi0/10,39.28,56.9,42.02,9.17,0.31,2.13,2,0,UP
2026-10-02 22:27:22.167756,SW1,Gi0/11,36.78,52.55,51.51,10.47,0.26,2.13,1,0,UP
2026-10-02 22:27:22.167756,SW2,Gi0/2,40.02,47.27,54.92,10.7,0.35,2.07,0,0,UP
2026-10-02 22:27:22.167756,SW2,Gi0/10,29.13,48.96,55.67,14.46,0.22,1.63,2,0,UP
2026-10-02 22:27:22.167756,SW2,Gi0/11,41.04,55.44,49.55,13.94,0.26,2.47,0,0,UP
2026-10-02 22:28:22.167756,R1,Gi0/1,35.54,44.48,35.4,12.01,0.06,1.53,2,0,UP
2026-10-02 22:28:22.167756,R1,Gi0/2,31.98,47.57,50.11,9.55,0.28,1.6,3,0,UP
2026-10-02 22:28:22.167756,SW1,Gi0/1,34.47,52.27,42.57,12.93,0.15,2.28,4,0,UP
2026-10-02 22:28:22.167756,SW1,Gi0/10,40.6,47.6,43.13,9.47,0.22,2.31,6,0,UP
2026-10-02 22:28:22.167756,SW1,Gi0/11,46.54,45.11,46.7,11.73,0.32,1.65,4,0,UP
2026-10-02 22:28:22.167756,SW2,Gi0/2,35.06,49.47,37.92,8.07,0.11,1.87,5,0,UP
2026-10-02 22:28:22.167756,SW2,Gi0/10,34.56,46.97,33.48,14.31,0.15,1.83,2,0,UP
2026-10-02 22:28:22.167756,SW2,Gi0/11,30.25,42.67,37.39,13.23,0.0,2.27,3,0,UP
2026-10-02 22:29:22.167756,R1,Gi0/1,30.93,48.42,54.31,9.86,0.14,3.38,3,0,UP
2026-10-02 22:29:22.167756,R1,Gi0/2,38.71,47.61,47.98,13.37,0.0,0.88,1,0,UP
2026-10-02 22:29:22.167756,SW1,Gi0/1,39.23,50.38,31.37,11.59,0.19,1.58,1,0,UP
2026-10-02 22:29:22.167756,SW1,Gi0/10,36.37,52.32,45.05,9.72,0.3,1.32,0,0,UP
2026-10-02 22:29:22.167756,SW1,Gi0/11,38.77,48.75,45.58,9.64,0.29,2.86,2,0,UP
2026-10-02 22:29:22.167756,SW2,Gi0/2,41.58,39.42,41.52,10.61,0.11,1.67,1,0,UP
2026-10-02 22:29:22.167756,SW2,Gi0/10,32.73,47.56,36.67,13.58,0.23,2.17,4,0,UP
2026-10-02 22:29:22.167756,SW2,Gi0/11,35.87,51.35,53.56,10.21,0.0,1.65,4,0,UP
2026-10-02 22:30:22.167756,R1,Gi0/1,35.23,47.67,38.76,11.62,0.1,1.26,2,0,UP
2026-10-02 22:30:22.167756,R1,Gi0/2,38.65,55.58,45.53,9.66,0.13,2.36,2,0,UP
2026-10-02 22:30:22.167756,SW1,Gi0/1,34.53,50.41,38.68,12.96,0.24,1.43,6,0,UP
2026-10-02 22:30:22.167756,SW1,Gi0/10,39.39,36.68,48.04,6.8,0.3,2.03,2,0,UP
2026-10-02 22:30:22.167756,SW1,Gi0/11,39.58,52.51,40.48,11.81,0.2,0.52,4,0,UP
2026-10-02 22:30:22.167756,SW2,Gi0/2,43.39,51.84,47.37,15.02,0.19,1.95,1,0,UP
2026-10-02 22:30:22.167756,SW2,Gi0/10,30.01,51.86,39.97,7.98,0.18,1.91,2,0,UP
2026-10-02 22:30:22.167756,SW2,Gi0/11,40.25,41.77,52.26,12.7,0.32,1.68,3,0,UP
2026-10-02 22:31:22.167756,R1,Gi0/1,30.23,45.41,33.34,12.35,0.08,1.74,2,0,UP
2026-10-02 22:31:22.167756,R1,Gi0/2,37.54,42.99,57.49,12.06,0.36,1.44,2,0,UP
2026-10-02 22:31:22.167756,SW1,Gi0/1,40.01,57.24,57.5,10.96,0.12,1.95,5,0,UP
2026-10-02 22:31:22.167756,SW1,Gi0/10,40.25,51.17,53.85,13.89,0.3,2.31,5,0,UP
2026-10-02 22:31:22.167756,SW1,Gi0/11,33.92,61.25,53.48,11.68,0.31,1.83,3,0,UP
2026-10-02 22:31:22.167756,SW2,Gi0/2,42.96,54.31,41.32,13.77,0.16,2.37,2,0,UP
2026-10-02 22:31:22.167756,SW2,Gi0/10,30.88,46.32,51.78,11.39,0.32,1.39,4,0,UP
2026-10-02 22:31:22.167756,SW2,Gi0/11,39.76,48.77,35.57,12.42,0.1,1.68,2,0,UP
2026-10-02 22:32:22.167756,R1,Gi0/1,38.17,55.14,24.28,11.64,0.16,2.0,1,0,UP
2026-10-02 22:32:22.167756,R1,Gi0/2,45.12,48.71,46.06,13.78,0.21,1.37,2,0,UP
2026-10-02 22:32:22.167756,SW1,Gi0/1,39.38,41.77,39.31,11.86,0.4,2.19,3,0,UP
2026-10-02 22:32:22.167756,SW1,Gi0/10,48.45,52.94,50.83,11.19,0.07,2.13,6,0,UP
2026-10-02 22:32:22.167756,SW1,Gi0/11,47.57,53.29,39.51,8.9,0.12,2.11,2,0,UP
2026-10-02 22:32:22.167756,SW2,Gi0/2,45.01,42.55,43.97,10.47,0.3,2.27,1,0,UP
2026-10-02 22:32:22.167756,SW2,Gi0/10,44.27,41.89,30.71,10.23,0.0,1.94,2,0,UP
2026-10-02 22:32:22.167756,SW2,Gi0/11,37.97,52.69,39.21,9.4,0.12,1.39,1,0,UP
2026-10-02 22:33:22.167756,R1,Gi0/1,42.98,41.22,42.28,13.92,0.31,1.66,7,0,UP
2026-10-02 22:33:22.167756,R1,Gi0/2,34.74,48.86,35.64,12.87,0.48,2.92,4,0,UP
2026-10-02 22:33:22.167756,SW1,Gi0/1,36.96,49.16,53.93,13.5,0.21,2.07,5,0,UP
2026-10-02 22:33:22.167756,SW1,Gi0/10,46.52,42.5,46.82,13.16,0.15,2.64,2,0,UP
2026-10-02 22:33:22.167756,SW1,Gi0/11,46.53,48.16,47.07,12.47,0.37,2.37,2,0,UP
2026-10-02 22:33:22.167756,SW2,Gi0/2,38.64,48.62,45.15,10.11,0.19,2.68,5,0,UP
2026-10-02 22:33:22.167756,SW2,Gi0/10,32.18,41.38,40.25,8.44,0.07,2.18,2,0,UP
2026-10-02 22:33:22.167756,SW2,Gi0/11,31.4,55.85,41.62,10.96,0.3,2.21,2,0,UP
2026-10-02 22:34:22.167756,R1,Gi0/1,37.53,52.85,41.54,11.54,0.08,2.57,6,0,UP
2026-10-02 22:34:22.167756,R1,Gi0/2,41.06,47.57,52.48,13.18,0.16,2.58,2,0,UP
2026-10-02 22:34:22.167756,SW1,Gi0/1,33.57,49.67,53.67,12.21,0.08,1.8,5,0,UP
2026-10-02 22:34:22.167756,SW1,Gi0/10,41.37,49.91,43.96,14.16,0.3,1.3,4,0,UP
2026-10-02 22:34:22.167756,SW1,Gi0/11,42.58,57.96,44.45,14.27,0.25,1.44,5,0,UP
2026-10-02 22:34:22.167756,SW2,Gi0/2,44.05,46.75,47.32,16.22,0.15,2.36,0,0,UP
2026-10-02 22:34:22.167756,SW2,Gi0/10,37.15,54.05,47.05,11.6,0.37,1.54,2,0,UP
2026-10-02 22:34:22.167756,SW2,Gi0/11,42.46,45.64,49.07,14.15,0.19,1.66,2,0,UP
2026-10-02 22:35:22.167756,R1,Gi0/1,26.61,55.03,47.12,11.65,0.03,2.55,2,0,UP
2026-10-02 22:35:22.167756,R1,Gi0/2,42.83,49.94,32.08,14.54,0.31,2.38,3,0,UP
2026-10-02 22:35:22.167756,SW1,Gi0/1,34.01,54.34,62.64,12.23,0.21,1.45,0,0,UP
2026-10-02 22:35:22.167756,SW1,Gi0/10,38.2,57.41,55.75,11.87,0.24,1.39,3,0,UP
2026-10-02 22:35:22.167756,SW1,Gi0/11,37.38,50.27,42.8,11.41,0.3,2.98,2,0,UP
2026-10-02 22:35:22.167756,SW2,Gi0/2,47.09,43.79,44.26,9.41,0.17,2.36,5,0,UP
2026-10-02 22:35:22.167756,SW2,Gi0/10,36.11,52.29,54.84,14.18,0.23,1.71,1,0,UP
2026-10-02 22:35:22.167756,SW2,Gi0/11,35.79,49.84,38.41,13.36,0.22,2.09,0,0,UP
2026-10-02 22:36:22.167756,R1,Gi0/1,40.14,47.7,62.33,9.44,0.18,2.19,1,0,UP
2026-10-02 22:36:22.167756,R1,Gi0/2,49.64,59.74,38.13,10.82,0.41,2.7,2,0,UP
2026-10-02 22:36:22.167756,SW1,Gi0/1,42.16,43.07,62.57,12.15,0.26,1.53,0,0,UP
2026-10-02 22:36:22.167756,SW1,Gi0/10,42.26,59.58,40.68,10.04,0.23,2.82,1,0,UP
2026-10-02 22:36:22.167756,SW1,Gi0/11,38.75,54.19,52.56,11.43,0.31,2.26,3,0,UP
2026-10-02 22:36:22.167756,SW2,Gi0/2,44.51,53.82,36.62,14.97,0.23,2.69,3,0,UP
2026-10-02 22:36:22.167756,SW2,Gi0/10,41.24,51.99,49.37,15.06,0.25,1.99,5,0,UP
2026-10-02 22:36:22.167756,SW2,Gi0/11,42.15,64.78,47.33,14.48,0.29,0.98,1,0,UP
2026-10-02 22:37:22.167756,R1,Gi0/1,37.8,42.5,41.84,9.26,0.09,2.12,6,0,UP
2026-10-02 22:37:22.167756,R1,Gi0/2,33.19,43.92,40.74,11.71,0.05,1.65,1,0,UP
2026-10-02 22:37:22.167756,SW1,Gi0/1,41.59,52.13,43.78,11.24,0.13,2.03,1,0,UP
2026-10-02 22:37:22.167756,SW1,Gi0/10,47.74,42.51,39.75,13.74,0.16,2.34,6,0,UP
2026-10-02 22:37:22.167756,SW1,Gi0/11,44.17,43.99,35.77,11.63,0.24,2.6,1,0,UP
2026-10-02 22:37:22.167756,SW2,Gi0/2,37.58,48.75,42.83,14.99,0.19,2.08,4,0,UP
2026-10-02 22:37:22.167756,SW2,Gi0/10,47.96,49.82,55.07,15.66,0.19,1.72,7,0,UP
2026-10-02 22:37:22.167756,SW2,Gi0/11,45.61,50.06,50.2,9.91,0.31,1.1,5,0,UP
2026-10-02 22:38:22.167756,R1,Gi0/1,36.39,41.73,28.99,11.05,0.27,1.31,0,0,UP
2026-10-02 22:38:22.167756,R1,Gi0/2,37.53,54.04,52.46,12.28,0.3,2.34,2,0,UP
2026-10-02 22:38:22.167756,SW1,Gi0/1,44.55,43.58,48.89,9.67,0.21,2.61,3,0,UP
2026-10-02 22:38:22.167756,SW1,Gi0/10,39.94,51.13,50.31,16.27,0.27,1.75,2,0,UP
2026-10-02 22:38:22.167756,SW1,Gi0/11,35.49,43.8,25.54,11.08,0.06,2.05,1,0,UP
2026-10-02 22:38:22.167756,SW2,Gi0/2,34.57,39.48,42.21,8.5,0.27,2.13,2,0,UP
2026-10-02 22:38:22.167756,SW2,Gi0/10,47.25,50.05,48.09,13.37,0.15,1.74,3,0,UP
2026-10-02 22:38:22.167756,SW2,Gi0/11,33.27,58.93,46.29,11.6,0.41,1.45,6,0,UP
2026-10-02 22:39:22.167756,R1,Gi0/1,44.07,55.59,43.6,12.11,0.17,2.5,3,0,UP
2026-10-02 22:39:22.167756,R1,Gi0/2,37.21,47.44,44.88,11.34,0.34,2.4,4,0,UP
2026-10-02 22:39:22.167756,SW1,Gi0/1,41.17,45.87,50.57,7.8,0.22,1.59,1,0,UP
2026-10-02 22:39:22.167756,SW1,Gi0/10,37.68,49.58,44.81,13.58,0.18,1.95,0,0,UP
2026-10-02 22:39:22.167756,SW1,Gi0/11,33.67,51.44,50.05,11.48,0.29,1.3,3,0,UP
2026-10-02 22:39:22.167756,SW2,Gi0/2,35.74,45.35,38.88,11.84,0.24,2.18,2,0,UP
2026-10-02 22:39:22.167756,SW2,Gi0/10,43.16,58.43,44.04,12.19,0.14,1.8,5,0,UP
2026-10-02 22:39:22.167756,SW2,Gi0/11,46.29,48.99,48.92,13.84,0.16,1.35,4,0,UP
2026-10-02 22:40:22.167756,R1,Gi0/1,44.48,53.75,42.01,15.05,0.23,1.43,0,0,UP
2026-10-02 22:40:22.167756,R1,Gi0/2,38.51,51.12,42.7,15.99,0.24,1.51,0,0,UP
2026-10-02 22:40:22.167756,SW1,Gi0/1,41.18,54.94,59.91,11.6,0.37,1.32,2,0,UP
2026-10-02 22:40:22.167756,SW1,Gi0/10,34.93,53.96,34.59,12.8,0.08,2.88,2,0,UP
2026-10-02 22:40:22.167756,SW1,Gi0/11,41.89,41.06,33.04,10.45,0.29,2.33,5,0,UP
2026-10-02 22:40:22.167756,SW2,Gi0/2,32.45,52.53,40.52,10.38,0.15,1.94,4,0,UP
2026-10-02 22:40:22.167756,SW2,Gi0/10,45.61,52.61,50.07,15.65,0.27,1.89,4,0,UP
2026-10-02 22:40:22.167756,SW2,Gi0/11,48.54,45.65,41.55,14.9,0.17,2.38,5,0,UP
2026-10-02 22:41:22.167756,R1,Gi0/1,33.72,47.96,54.64,11.75,0.0,1.75,4,0,UP
2026-10-02 22:41:22.167756,R1,Gi0/2,46.38,50.25,48.87,11.26,0.29,2.71,4,0,UP
2026-10-02 22:41:22.167756,SW1,Gi0/1,39.41,52.17,52.62,12.06,0.28,2.19,5,0,UP
2026-10-02 22:41:22.167756,SW1,Gi0/10,43.5,47.51,56.24,12.92,0.19,1.32,3,0,UP
2026-10-02 22:41:22.167756,SW1,Gi0/11,49.17,36.35,23.48,13.53,0.22,2.34,1,0,UP
2026-10-02 22:41:22.167756,SW2,Gi0/2,29.29,45.84,57.48,11.1,0.16,0.69,0,0,UP
2026-10-02 22:41:22.167756,SW2,Gi0/10,45.55,48.7,52.93,10.49,0.05,1.87,1,0,UP
2026-10-02 22:41:22.167756,SW2,Gi0/11,35.83,45.96,43.92,11.02,0.11,2.9,3,0,UP
2026-10-02 22:42:22.167756,R1,Gi0/1,40.79,49.67,50.32,13.06,0.1,1.23,0,0,UP
2026-10-02 22:42:22.167756,R1,Gi0/2,48.96,47.77,49.74,12.4,0.29,1.97,0,0,UP
2026-10-02 22:42:22.167756,SW1,Gi0/1,34.81,48.25,32.32,10.29,0.08,1.84,2,0,UP
2026-10-02 22:42:22.167756,SW1,Gi0/10,40.6,54.27,43.06,9.0,0.0,2.08,1,0,UP
2026-10-02 22:42:22.167756,SW1,Gi0/11,39.21,51.65,56.55,8.5,0.1,1.96,0,0,UP
2026-10-02 22:42:22.167756,SW2,Gi0/2,32.55,56.55,36.62,9.38,0.09,2.54,1,0,UP
2026-10-02 22:42:22.167756,SW2,Gi0/10,33.07,45.8,44.61,13.78,0.28,1.61,1,0,UP
2026-10-02 22:42:22.167756,SW2,Gi0/11,50.51,54.98,42.99,7.41,0.15,1.34,1,0,UP
2026-10-02 22:43:22.167756,R1,Gi0/1,35.17,48.84,45.56,10.54,0.07,1.91,2,0,UP
2026-10-02 22:43:22.167756,R1,Gi0/2,30.51,53.04,39.17,11.46,0.18,1.99,3,0,UP
2026-10-02 22:43:22.167756,SW1,Gi0/1,33.48,51.56,42.25,14.17,0.28,2.66,1,0,UP
2026-10-02 22:43:22.167756,SW1,Gi0/10,46.43,50.47,50.52,13.35,0.25,1.46,4,0,UP
2026-10-02 22:43:22.167756,SW1,Gi0/11,41.76,42.63,41.13,9.57,0.06,2.43,0,0,UP
2026-10-02 22:43:22.167756,SW2,Gi0/2,33.39,59.89,41.42,13.32,0.31,2.39,3,0,UP
2026-10-02 22:43:22.167756,SW2,Gi0/10,39.81,52.69,43.2,13.39,0.17,1.93,6,0,UP
2026-10-02 22:43:22.167756,SW2,Gi0/11,37.6,50.1,48.44,12.99,0.23,1.37,3,0,UP
2026-10-02 22:44:22.167756,R1,Gi0/1,41.21,55.7,50.91,14.41,0.1,1.5,3,0,UP
2026-10-02 22:44:22.167756,R1,Gi0/2,45.66,49.0,39.08,8.8,0.24,1.94,2,0,UP
2026-10-02 22:44:22.167756,SW1,Gi0/1,44.53,49.57,45.01,13.8,0.42,1.78,1,0,UP
2026-10-02 22:44:22.167756,SW1,Gi0/10,35.05,52.38,36.28,11.25,0.17,2.78,5,0,UP
2026-10-02 22:44:22.167756,SW1,Gi0/11,32.32,57.92,35.27,12.32,0.12,1.81,1,0,UP
2026-10-02 22:44:22.167756,SW2,Gi0/2,48.38,49.3,46.8,9.86,0.06,1.78,4,0,UP
2026-10-02 22:44:22.167756,SW2,Gi0/10,39.39,54.87,45.99,12.01,0.25,2.05,4,0,UP
2026-10-02 22:44:22.167756,SW2,Gi0/11,42.78,54.55,50.73,14.72,0.28,2.87,1,0,UP
2026-10-02 22:45:22.167756,R1,Gi0/1,44.17,43.1,52.58,12.11,0.29,2.84,4,0,UP
2026-10-02 22:45:22.167756,R1,Gi0/2,37.94,44.56,49.29,11.43,0.27,1.75,1,0,UP
2026-10-02 22:45:22.167756,SW1,Gi0/1,38.79,52.5,45.98,10.37,0.38,1.93,0,0,UP
2026-10-02 22:45:22.167756,SW1,Gi0/10,44.66,49.94,43.64,11.62,0.18,2.83,3,0,UP
2026-10-02 22:45:22.167756,SW1,Gi0/11,41.3,48.69,58.83,13.69,0.3,2.14,4,0,UP
2026-10-02 22:45:22.167756,SW2,Gi0/2,41.97,48.14,47.96,16.19,0.22,2.64,5,0,UP
2026-10-02 22:45:22.167756,SW2,Gi0/10,42.81,58.28,27.62,8.33,0.37,1.68,3,0,UP
2026-10-02 22:45:22.167756,SW2,Gi0/11,48.75,51.0,58.52,11.22,0.26,2.03,5,0,UP
2026-10-02 22:46:22.167756,R1,Gi0/1,38.69,45.18,41.26,11.15,0.14,1.66,5,0,UP
2026-10-02 22:46:22.167756,R1,Gi0/2,47.04,51.96,39.82,10.83,0.0,2.19,1,0,UP
2026-10-02 22:46:22.167756,SW1,Gi0/1,47.36,43.11,40.26,11.81,0.25,2.9,0,0,UP
2026-10-02 22:46:22.167756,SW1,Gi0/10,38.49,42.86,51.32,10.71,0.19,1.91,3,0,UP
2026-10-02 22:46:22.167756,SW1,Gi0/11,39.22,45.14,45.68,10.41,0.28,2.03,0,0,UP
2026-10-02 22:46:22.167756,SW2,Gi0/2,52.03,58.29,64.55,11.31,0.12,2.4,5,0,UP
2026-10-02 22:46:22.167756,SW2,Gi0/10,40.98,39.48,37.15,12.85,0.13,1.32,2,0,UP
2026-10-02 22:46:22.167756,SW2,Gi0/11,23.77,46.98,41.59,12.62,0.25,2.19,4,0,UP
2026-10-02 22:47:22.167756,R1,Gi0/1,39.16,42.72,45.35,10.25,0.06,2.29,0,0,UP
2026-10-02 22:47:22.167756,R1,Gi0/2,43.4,43.54,42.68,10.87,0.31,2.3,1,0,UP
2026-10-02 22:47:22.167756,SW1,Gi0/1,39.21,56.65,56.94,9.26,0.33,2.62,3,0,UP
2026-10-02 22:47:22.167756,SW1,Gi0/10,39.55,47.25,34.97,12.68,0.18,2.22,3,0,UP
2026-10-02 22:47:22.167756,SW1,Gi0/11,52.59,55.98,49.38,7.73,0.24,2.79,2,0,UP
2026-10-02 22:47:22.167756,SW2,Gi0/2,50.95,52.72,47.36,10.02,0.35,1.58,1,0,UP
2026-10-02 22:47:22.167756,SW2,Gi0/10,30.59,54.48,49.7,12.02,0.27,2.32,2,0,UP
2026-10-02 22:47:22.167756,SW2,Gi0/11,36.08,41.42,43.58,9.38,0.22,1.92,2,0,UP
2026-10-02 22:48:22.167756,R1,Gi0/1,45.23,45.07,30.22,11.55,0.13,2.06,1,0,UP
2026-10-02 22:48:22.167756,R1,Gi0/2,42.1,45.14,37.13,13.23,0.2,1.41,1,0,UP
2026-10-02 22:48:22.167756,SW1,Gi0/1,38.14,44.29,42.7,11.49,0.11,2.33,0,0,UP
2026-10-02 22:48:22.167756,SW1,Gi0/10,46.23,48.91,39.72,13.08,0.2,2.38,0,0,UP
2026-10-02 22:48:22.167756,SW1,Gi0/11,42.58,47.4,45.3,11.82,0.33,1.07,6,0,UP
2026-10-02 22:48:22.167756,SW2,Gi0/2,43.53,50.76,33.53,8.66,0.14,2.32,2,0,UP
2026-10-02 22:48:22.167756,SW2,Gi0/10,42.89,42.68,45.36,14.19,0.35,1.37,2,0,UP
2026-10-02 22:48:22.167756,SW2,Gi0/11,38.3,46.87,52.26,17.74,0.09,2.21,3,0,UP
2026-10-02 22:49:22.167756,R1,Gi0/1,41.58,56.66,47.99,7.73,0.06,1.47,1,0,UP
2026-10-02 22:49:22.167756,R1,Gi0/2,39.3,48.93,30.41,8.78,0.0,1.22,4,0,UP
2026-10-02 22:49:22.167756,SW1,Gi0/1,38.65,45.24,29.66,9.97,0.26,2.24,2,0,UP
2026-10-02 22:49:22.167756,SW1,Gi0/10,38.66,41.14,38.79,13.11,0.13,2.81,5,0,UP
2026-10-02 22:49:22.167756,SW1,Gi0/11,37.73,48.67,62.78,13.69,0.21,2.09,3,0,UP
2026-10-02 22:49:22.167756,SW2,Gi0/2,39.92,44.65,41.78,9.13,0.27,1.93,4,0,UP
2026-10-02 22:49:22.167756,SW2,Gi0/10,33.63,57.11,55.38,8.85,0.15,1.8,0,0,UP
2026-10-02 22:49:22.167756,SW2,Gi0/11,38.7,52.79,41.24,8.57,0.28,1.6,1,0,UP
2026-10-02 22:50:22.167756,R1,Gi0/1,48.41,51.98,38.53,9.62,0.3,2.45,1,0,UP
2026-10-02 22:50:22.167756,R1,Gi0/2,33.7,51.93,49.75,11.25,0.09,2.01,3,0,UP
2026-10-02 22:50:22.167756,SW1,Gi0/1,37.56,51.31,47.89,14.29,0.16,1.43,2,0,UP
2026-10-02 22:50:22.167756,SW1,Gi0/10,48.44,41.18,26.5,11.78,0.16,1.9,2,0,UP
2026-10-02 22:50:22.167756,SW1,Gi0/11,45.03,49.79,51.56,7.04,0.15,1.59,0,0,UP
2026-10-02 22:50:22.167756,SW2,Gi0/2,40.52,49.5,41.26,11.75,0.21,2.51,4,0,UP
2026-10-02 22:50:22.167756,SW2,Gi0/10,41.64,61.54,39.34,9.28,0.32,2.93,1,0,UP
2026-10-02 22:50:22.167756,SW2,Gi0/11,46.89,47.33,49.68,13.28,0.14,2.92,6,0,UP
2026-10-02 22:51:22.167756,R1,Gi0/1,34.89,51.01,52.32,8.23,0.2,1.17,4,0,UP
2026-10-02 22:51:22.167756,R1,Gi0/2,40.43,48.13,32.46,10.8,0.25,1.98,5,0,UP
2026-10-02 22:51:22.167756,SW1,Gi0/1,45.64,55.43,40.7,12.59,0.1,1.37,5,0,UP
2026-10-02 22:51:22.167756,SW1,Gi0/10,34.07,43.53,45.84,11.46,0.18,3.15,1,0,UP
2026-10-02 22:51:22.167756,SW1,Gi0/11,42.48,50.43,53.07,10.43,0.18,2.06,0,0,UP
2026-10-02 22:51:22.167756,SW2,Gi0/2,30.97,49.9,55.7,11.3,0.18,2.58,2,0,UP
2026-10-02 22:51:22.167756,SW2,Gi0/10,43.88,63.33,40.38,11.65,0.24,2.75,2,0,UP
2026-10-02 22:51:22.167756,SW2,Gi0/11,43.65,51.74,44.42,11.16,0.14,3.53,0,0,UP
2026-10-02 22:52:22.167756,R1,Gi0/1,32.77,51.22,46.63,12.85,0.11,1.49,2,0,UP
2026-10-02 22:52:22.167756,R1,Gi0/2,44.54,44.91,46.21,10.98,0.05,1.36,4,0,UP
2026-10-02 22:52:22.167756,SW1,Gi0/1,36.98,56.22,44.7,9.26,0.25,1.6,2,0,UP
2026-10-02 22:52:22.167756,SW1,Gi0/10,45.66,43.55,41.4,9.83,0.08,1.76,1,0,UP
2026-10-02 22:52:22.167756,SW1,Gi0/11,38.63,53.19,38.99,9.06,0.26,1.62,6,0,UP
2026-10-02 22:52:22.167756,SW2,Gi0/2,37.96,49.32,26.57,9.68,0.0,2.15,2,0,UP
2026-10-02 22:52:22.167756,SW2,Gi0/10,43.15,54.04,52.69,11.55,0.21,2.29,1,0,UP
2026-10-02 22:52:22.167756,SW2,Gi0/11,35.31,57.7,30.55,13.0,0.23,1.44,1,0,UP
2026-10-02 22:53:22.167756,R1,Gi0/1,38.22,51.08,47.81,11.94,0.22,2.33,4,0,UP
2026-10-02 22:53:22.167756,R1,Gi0/2,47.67,55.22,45.14,13.28,0.24,2.08,1,0,UP
2026-10-02 22:53:22.167756,SW1,Gi0/1,40.81,39.67,53.58,12.7,0.18,1.79,4,0,UP
2026-10-02 22:53:22.167756,SW1,Gi0/10,49.19,51.88,60.22,13.57,0.12,2.24,3,0,UP
2026-10-02 22:53:22.167756,SW1,Gi0/11,35.97,47.96,41.58,12.2,0.17,2.13,3,0,UP
2026-10-02 22:53:22.167756,SW2,Gi0/2,46.34,52.75,39.38,16.22,0.13,1.81,4,0,UP
2026-10-02 22:53:22.167756,SW2,Gi0/10,54.48,52.01,39.87,8.72,0.03,2.01,4,0,UP
2026-10-02 22:53:22.167756,SW2,Gi0/11,32.9,51.11,34.49,10.15,0.26,1.63,5,0,UP
2026-10-02 22:54:22.167756,R1,Gi0/1,37.08,55.55,63.12,10.51,0.45,2.01,1,0,UP
2026-10-02 22:54:22.167756,R1,Gi0/2,38.52,47.98,56.21,14.64,0.33,1.35,3,0,UP
2026-10-02 22:54:22.167756,SW1,Gi0/1,32.25,55.06,41.13,13.01,0.15,1.12,4,0,UP
2026-10-02 22:54:22.167756,SW1,Gi0/10,44.81,50.7,28.11,13.5,0.13,2.26,2,0,UP
2026-10-02 22:54:22.167756,SW1,Gi0/11,38.06,52.49,38.43,11.67,0.25,3.08,2,0,UP
2026-10-02 22:54:22.167756,SW2,Gi0/2,44.2,44.14,58.56,10.38,0.19,2.26,1,0,UP
2026-10-02 22:54:22.167756,SW2,Gi0/10,45.4,46.69,51.64,14.14,0.26,2.35,8,0,UP
2026-10-02 22:54:22.167756,SW2,Gi0/11,42.08,50.55,47.69,14.54,0.43,1.92,1,0,UP
2026-10-02 22:55:22.167756,R1,Gi0/1,45.81,43.18,47.06,12.61,0.19,1.98,0,0,UP
2026-10-02 22:55:22.167756,R1,Gi0/2,35.66,54.69,28.67,11.83,0.17,1.0,6,0,UP
2026-10-02 22:55:22.167756,SW1,Gi0/1,34.85,52.74,41.25,10.31,0.18,1.82,2,0,UP
2026-10-02 22:55:22.167756,SW1,Gi0/10,36.07,44.93,53.04,12.01,0.19,1.55,6,0,UP
2026-10-02 22:55:22.167756,SW1,Gi0/11,39.56,40.52,47.21,10.47,0.29,2.52,4,0,UP
2026-10-02 22:55:22.167756,SW2,Gi0/2,37.69,49.44,46.99,13.79,0.1,2.05,6,0,UP
2026-10-02 22:55:22.167756,SW2,Gi0/10,37.32,49.87,65.91,11.52,0.05,1.97,6,0,UP
2026-10-02 22:55:22.167756,SW2,Gi0/11,45.28,45.1,48.32,11.65,0.28,1.69,3,0,UP
2026-10-02 22:56:22.167756,R1,Gi0/1,49.55,36.94,49.74,14.64,0.04,1.64,2,0,UP
2026-10-02 22:56:22.167756,R1,Gi0/2,36.35,45.97,42.0,13.7,0.35,2.65,4,0,UP
2026-10-02 22:56:22.167756,SW1,Gi0/1,49.16,60.16,46.33,14.86,0.24,1.89,2,0,UP
2026-10-02 22:56:22.167756,SW1,Gi0/10,45.06,57.33,49.64,11.21,0.15,1.07,3,0,UP
2026-10-02 22:56:22.167756,SW1,Gi0/11,41.46,44.78,48.78,12.91,0.05,1.84,5,0,UP
2026-10-02 22:56:22.167756,SW2,Gi0/2,36.83,50.09,46.28,11.95,0.27,2.47,5,0,UP
2026-10-02 22:56:22.167756,SW2,Gi0/10,38.43,52.62,51.72,11.76,0.13,2.07,1,0,UP
2026-10-02 22:56:22.167756,SW2,Gi0/11,36.48,51.1,43.49,12.35,0.04,1.91,0,0,UP
2026-10-02 22:57:22.167756,R1,Gi0/1,34.77,49.56,54.7,13.07,0.21,1.81,2,0,UP
2026-10-02 22:57:22.167756,R1,Gi0/2,46.53,44.47,39.2,14.13,0.17,2.97,4,0,UP
2026-10-02 22:57:22.167756,SW1,Gi0/1,45.77,41.87,53.48,10.3,0.27,1.82,3,0,UP
2026-10-02 22:57:22.167756,SW1,Gi0/10,34.47,41.4,46.2,11.41,0.11,1.16,0,0,UP
2026-10-02 22:57:22.167756,SW1,Gi0/11,42.62,48.72,40.17,12.43,0.3,2.13,2,0,UP
2026-10-02 22:57:22.167756,SW2,Gi0/2,50.66,46.82,33.72,12.2,0.17,2.47,1,0,UP
2026-10-02 22:57:22.167756,SW2,Gi0/10,39.17,45.67,51.46,12.29,0.17,1.93,2,0,UP
2026-10-02 22:57:22.167756,SW2,Gi0/11,32.81,55.81,53.83,12.08,0.19,1.5,6,0,UP
2026-10-02 22:58:22.167756,R1,Gi0/1,47.43,51.97,51.56,14.46,0.3,1.57,2,0,UP
2026-10-02 22:58:22.167756,R1,Gi0/2,42.34,51.02,51.02,13.29,0.22,0.7,5,0,UP
2026-10-02 22:58:22.167756,SW1,Gi0/1,44.2,60.35,41.18,8.31,0.18,2.23,2,0,UP
2026-10-02 22:58:22.167756,SW1,Gi0/10,46.86,46.7,44.19,11.51,0.48,1.55,4,0,UP
2026-10-02 22:58:22.167756,SW1,Gi0/11,33.99,51.71,37.36,14.2,0.29,2.14,0,0,UP
2026-10-02 22:58:22.167756,SW2,Gi0/2,39.73,48.48,51.64,10.2,0.32,2.48,0,0,UP
2026-10-02 22:58:22.167756,SW2,Gi0/10,38.9,49.74,53.05,10.63,0.22,2.55,3,0,UP
2026-10-02 22:58:22.167756,SW2,Gi0/11,30.71,47.53,52.23,13.56,0.0,2.1,4,0,UP
2026-10-02 22:59:22.167756,R1,Gi0/1,42.69,53.27,61.5,11.91,0.23,1.53,1,0,UP
2026-10-02 22:59:22.167756,R1,Gi0/2,38.34,54.25,39.02,14.47,0.09,2.32,4,0,UP
2026-10-02 22:59:22.167756,SW1,Gi0/1,41.29,54.92,39.06,11.07,0.1,2.0,2,0,UP
2026-10-02 22:59:22.167756,SW1,Gi0/10,44.28,51.93,50.52,11.61,0.24,2.91,0,0,UP
2026-10-02 22:59:22.167756,SW1,Gi0/11,30.8,53.18,38.21,9.24,0.25,1.5,6,0,UP
2026-10-02 22:59:22.167756,SW2,Gi0/2,40.78,48.99,38.43,12.43,0.04,0.77,0,0,UP
2026-10-02 22:59:22.167756,SW2,Gi0/10,45.69,45.38,33.52,11.82,0.42,2.55,1,0,UP
2026-10-02 22:59:22.167756,SW2,Gi0/11,35.91,46.02,37.72,13.09,0.17,1.44,0,0,UP
2026-10-02 23:00:22.167756,R1,Gi0/1,51.51,53.69,38.15,14.42,0.08,1.93,2,0,UP
2026-10-02 23:00:22.167756,R1,Gi0/2,40.91,45.29,46.03,8.5,0.16,2.67,5,0,UP
2026-10-02 23:00:22.167756,SW1,Gi0/1,36.52,42.37,27.53,13.23,0.23,2.19,6,0,UP
2026-10-02 23:00:22.167756,SW1,Gi0/10,40.76,51.14,33.82,15.25,0.18,1.59,3,0,UP
2026-10-02 23:00:22.167756,SW1,Gi0/11,50.0,60.68,37.24,14.35,0.23,2.49,3,0,UP
2026-10-02 23:00:22.167756,SW2,Gi0/2,43.07,56.61,31.01,12.72,0.08,1.77,3,0,UP
2026-10-02 23:00:22.167756,SW2,Gi0/10,34.96,47.09,33.79,10.81,0.25,2.43,1,0,UP
2026-10-02 23:00:22.167756,SW2,Gi0/11,46.64,52.89,56.47,8.46,0.23,2.31,0,0,UP
2026-10-02 23:01:22.167756,R1,Gi0/1,52.07,46.82,49.35,13.85,0.21,2.69,6,0,UP
2026-10-02 23:01:22.167756,R1,Gi0/2,34.45,50.58,52.33,8.73,0.31,2.85,5,0,UP
2026-10-02 23:01:22.167756,SW1,Gi0/1,42.19,57.7,47.86,9.36,0.15,1.87,2,0,UP
2026-10-02 23:01:22.167756,SW1,Gi0/10,39.53,48.31,46.75,15.01,0.22,2.31,0,0,UP
2026-10-02 23:01:22.167756,SW1,Gi0/11,40.63,55.43,54.97,14.29,0.23,2.21,1,0,UP
2026-10-02 23:01:22.167756,SW2,Gi0/2,44.23,46.66,50.45,12.08,0.2,2.5,4,0,UP
2026-10-02 23:01:22.167756,SW2,Gi0/10,41.41,47.51,57.82,12.67,0.27,2.04,1,0,UP
2026-10-02 23:01:22.167756,SW2,Gi0/11,41.77,47.02,48.5,5.47,0.16,1.99,1,0,UP
2026-10-02 23:02:22.167756,R1,Gi0/1,41.82,47.89,44.95,10.9,0.3,2.27,3,0,UP
2026-10-02 23:02:22.167756,R1,Gi0/2,40.31,62.65,43.74,10.61,0.08,2.45,6,0,UP
2026-10-02 23:02:22.167756,SW1,Gi0/1,35.76,48.58,42.12,11.75,0.02,2.4,5,0,UP
2026-10-02 23:02:22.167756,SW1,Gi0/10,30.48,58.79,57.94,5.86,0.0,1.93,5,0,UP
2026-10-02 23:02:22.167756,SW1,Gi0/11,41.45,50.11,49.59,10.38,0.33,1.95,0,0,UP
2026-10-02 23:02:22.167756,SW2,Gi0/2,36.02,51.85,42.68,11.21,0.22,2.18,0,0,UP
2026-10-02 23:02:22.167756,SW2,Gi0/10,46.12,49.34,48.36,12.19,0.16,2.46,3,0,UP
2026-10-02 23:02:22.167756,SW2,Gi0/11,40.37,37.56,51.56,11.66,0.28,2.82,4,0,UP
2026-10-02 23:03:22.167756,R1,Gi0/1,40.27,48.57,65.21,12.97,0.22,1.91,1,0,UP
2026-10-02 23:03:22.167756,R1,Gi0/2,30.25,57.61,38.76,11.62,0.19,2.72,1,0,UP
2026-10-02 23:03:22.167756,SW1,Gi0/1,41.29,52.56,33.92,9.04,0.13,2.12,3,0,UP
2026-10-02 23:03:22.167756,SW1,Gi0/10,39.4,53.26,38.15,11.66,0.19,1.59,7,0,UP
2026-10-02 23:03:22.167756,SW1,Gi0/11,29.2,56.2,51.4,13.62,0.21,2.67,2,0,UP
2026-10-02 23:03:22.167756,SW2,Gi0/2,41.96,50.37,43.14,12.24,0.11,1.67,6,0,UP
2026-10-02 23:03:22.167756,SW2,Gi0/10,54.41,52.6,51.67,12.5,0.25,2.27,5,0,UP
2026-10-02 23:03:22.167756,SW2,Gi0/11,47.68,45.58,67.62,12.28,0.21,1.79,2,0,UP
2026-10-02 23:04:22.167756,R1,Gi0/1,43.08,53.19,49.52,11.09,0.0,1.1,3,0,UP
2026-10-02 23:04:22.167756,R1,Gi0/2,41.68,47.9,39.46,12.59,0.19,1.76,0,0,UP
2026-10-02 23:04:22.167756,SW1,Gi0/1,35.78,54.66,37.3,13.33,0.34,1.6,2,0,UP
2026-10-02 23:04:22.167756,SW1,Gi0/10,44.94,56.16,39.84,8.76,0.33,2.29,3,0,UP
2026-10-02 23:04:22.167756,SW1,Gi0/11,44.58,44.07,48.13,11.43,0.26,2.4,4,0,UP
2026-10-02 23:04:22.167756,SW2,Gi0/2,42.99,51.25,47.27,12.73,0.14,1.81,3,0,UP
2026-10-02 23:04:22.167756,SW2,Gi0/10,43.25,46.75,36.39,8.65,0.07,1.73,2,0,UP
2026-10-02 23:04:22.167756,SW2,Gi0/11,38.59,43.97,30.5,12.25,0.21,2.31,4,0,UP
2026-10-02 23:05:22.167756,R1,Gi0/1,41.96,50.57,52.01,14.85,0.13,2.39,1,0,UP
2026-10-02 23:05:22.167756,R1,Gi0/2,41.1,55.35,42.81,10.1,0.15,1.52,0,0,UP
2026-10-02 23:05:22.167756,SW1,Gi0/1,46.03,52.66,39.24,10.03,0.11,1.64,5,0,UP
2026-10-02 23:05:22.167756,SW1,Gi0/10,39.45,60.66,44.68,10.85,0.29,1.16,3,0,UP
2026-10-02 23:05:22.167756,SW1,Gi0/11,33.94,39.09,44.06,13.67,0.22,2.05,0,0,UP
2026-10-02 23:05:22.167756,SW2,Gi0/2,39.23,49.27,49.97,9.88,0.28,1.75,2,0,UP
2026-10-02 23:05:22.167756,SW2,Gi0/10,42.64,44.05,51.59,9.29,0.27,1.88,2,0,UP
2026-10-02 23:05:22.167756,SW2,Gi0/11,24.67,47.05,43.32,15.1,0.2,1.67,4,0,UP
2026-10-02 23:06:22.167756,R1,Gi0/1,37.47,55.16,47.09,10.2,0.29,2.3,4,0,UP
2026-10-02 23:06:22.167756,R1,Gi0/2,39.09,53.01,60.36,12.34,0.16,2.77,4,0,UP
2026-10-02 23:06:22.167756,SW1,Gi0/1,37.75,58.68,35.37,13.06,0.31,2.54,1,0,UP
2026-10-02 23:06:22.167756,SW1,Gi0/10,33.8,51.15,50.64,9.84,0.23,1.27,5,0,UP
2026-10-02 23:06:22.167756,SW1,Gi0/11,37.14,49.18,51.91,13.54,0.25,2.51,3,0,UP
2026-10-02 23:06:22.167756,SW2,Gi0/2,47.24,41.45,44.52,11.8,0.18,2.25,3,0,UP
2026-10-02 23:06:22.167756,SW2,Gi0/10,44.12,44.08,63.34,11.22,0.23,1.9,3,0,UP
2026-10-02 23:06:22.167756,SW2,Gi0/11,37.33,51.03,49.64,7.2,0.17,1.82,7,0,UP
2026-10-02 23:07:22.167756,R1,Gi0/1,44.3,57.5,49.46,12.16,0.24,2.56,6,0,UP
2026-10-02 23:07:22.167756,R1,Gi0/2,41.51,46.89,52.4,10.29,0.24,2.34,2,0,UP
2026-10-02 23:07:22.167756,SW1,Gi0/1,35.48,47.73,42.47,9.89,0.16,1.27,4,0,UP
2026-10-02 23:07:22.167756,SW1,Gi0/10,41.67,51.33,41.91,11.5,0.12,2.25,0,0,UP
2026-10-02 23:07:22.167756,SW1,Gi0/11,40.42,46.83,59.06,13.05,0.2,1.45,0,0,UP
2026-10-02 23:07:22.167756,SW2,Gi0/2,42.48,58.99,48.27,12.35,0.22,2.05,3,0,UP
2026-10-02 23:07:22.167756,SW2,Gi0/10,36.57,45.13,45.87,14.99,0.28,1.38,2,0,UP
2026-10-02 23:07:22.167756,SW2,Gi0/11,43.64,57.58,59.33,11.58,0.28,2.12,2,0,UP
2026-10-02 23:08:22.167756,R1,Gi0/1,40.31,50.37,54.4,9.19,0.25,2.77,5,0,UP
2026-10-02 23:08:22.167756,R1,Gi0/2,42.84,46.21,51.21,14.65,0.15,2.18,2,0,UP
2026-10-02 23:08:22.167756,SW1,Gi0/1,36.93,48.42,46.03,10.16,0.09,1.56,3,0,UP
2026-10-02 23:08:22.167756,SW1,Gi0/10,32.67,38.92,55.98,9.97,0.18,2.46,0,0,UP
2026-10-02 23:08:22.167756,SW1,Gi0/11,32.8,46.84,52.69,11.96,0.2,1.85,4,0,UP
2026-10-02 23:08:22.167756,SW2,Gi0/2,47.16,64.92,43.82,15.05,0.3,2.13,0,0,UP
2026-10-02 23:08:22.167756,SW2,Gi0/10,38.11,48.31,47.87,11.61,0.14,3.02,5,0,UP
2026-10-02 23:08:22.167756,SW2,Gi0/11,29.89,48.59,50.05,14.66,0.16,1.89,3,0,UP
2026-10-02 23:09:22.167756,R1,Gi0/1,43.31,42.32,28.88,14.51,0.1,3.06,1,0,UP
2026-10-02 23:09:22.167756,R1,Gi0/2,39.08,51.84,27.94,17.73,0.16,1.58,0,0,UP
2026-10-02 23:09:22.167756,SW1,Gi0/1,41.81,51.45,35.94,9.26,0.31,1.67,0,0,UP
2026-10-02 23:09:22.167756,SW1,Gi0/10,39.26,47.99,60.6,10.96,0.17,2.11,1,0,UP
2026-10-02 23:09:22.167756,SW1,Gi0/11,42.2,44.92,43.09,12.81,0.31,1.71,1,0,UP
2026-10-02 23:09:22.167756,SW2,Gi0/2,47.71,47.24,44.55,15.43,0.21,1.88,2,0,UP
2026-10-02 23:09:22.167756,SW2,Gi0/10,36.3,52.25,37.61,13.56,0.2,2.12,6,0,UP
2026-10-02 23:09:22.167756,SW2,Gi0/11,32.75,50.12,50.1,10.77,0.3,1.73,3,0,UP
2026-10-02 23:10:22.167756,R1,Gi0/1,39.38,50.81,45.59,11.94,0.15,1.67,3,0,UP
2026-10-02 23:10:22.167756,R1,Gi0/2,40.26,46.54,47.75,11.07,0.36,3.24,5,0,UP
2026-10-02 23:10:22.167756,SW1,Gi0/1,46.67,54.07,43.32,8.2,0.1,1.66,5,0,UP
2026-10-02 23:10:22.167756,SW1,Gi0/10,41.28,46.7,30.24,16.64,0.25,2.45,1,0,UP
2026-10-02 23:10:22.167756,SW1,Gi0/11,39.31,48.28,45.51,15.69,0.08,1.98,3,0,UP
2026-10-02 23:10:22.167756,SW2,Gi0/2,39.42,54.98,31.11,15.77,0.06,1.43,2,0,UP
2026-10-02 23:10:22.167756,SW2,Gi0/10,36.76,52.12,47.47,12.23,0.06,1.93,3,0,UP
2026-10-02 23:10:22.167756,SW2,Gi0/11,46.16,51.0,48.06,15.92,0.08,1.81,0,0,UP
2026-10-02 23:11:22.167756,R1,Gi0/1,48.03,58.37,57.23,13.09,0.24,1.77,4,0,UP
2026-10-02 23:11:22.167756,R1,Gi0/2,33.59,43.58,41.64,15.77,0.15,1.81,3,0,UP
2026-10-02 23:11:22.167756,SW1,Gi0/1,44.49,56.26,36.04,11.81,0.22,2.16,4,0,UP
2026-10-02 23:11:22.167756,SW1,Gi0/10,44.1,50.13,54.22,13.94,0.29,1.74,4,0,UP
2026-10-02 23:11:22.167756,SW1,Gi0/11,46.02,47.43,46.05,15.13,0.24,1.96,5,0,UP
2026-10-02 23:11:22.167756,SW2,Gi0/2,37.65,41.52,38.77,14.27,0.25,2.03,5,0,UP
2026-10-02 23:11:22.167756,SW2,Gi0/10,40.83,48.89,51.68,11.24,0.25,1.6,0,0,UP
2026-10-02 23:11:22.167756,SW2,Gi0/11,35.67,49.87,39.82,10.76,0.18,1.96,0,0,UP
2026-10-02 23:12:22.167756,R1,Gi0/1,27.39,52.0,46.11,9.26,0.24,2.22,2,0,UP
2026-10-02 23:12:22.167756,R1,Gi0/2,49.8,56.35,41.81,11.24,0.05,2.61,3,0,UP
2026-10-02 23:12:22.167756,SW1,Gi0/1,44.12,39.33,51.22,10.98,0.26,2.26,2,0,UP
2026-10-02 23:12:22.167756,SW1,Gi0/10,36.51,51.99,38.31,14.1,0.13,2.01,1,0,UP
2026-10-02 23:12:22.167756,SW1,Gi0/11,40.79,44.84,38.53,16.59,0.28,2.18,4,0,UP
2026-10-02 23:12:22.167756,SW2,Gi0/2,41.53,49.56,51.05,10.35,0.36,2.06,4,0,UP
2026-10-02 23:12:22.167756,SW2,Gi0/10,47.87,52.46,38.52,14.44,0.37,1.03,2,0,UP
2026-10-02 23:12:22.167756,SW2,Gi0/11,41.46,48.68,35.03,10.23,0.02,2.48,5,0,UP
2026-10-02 23:13:22.167756,R1,Gi0/1,46.8,49.85,47.18,14.14,0.18,1.53,1,0,UP
2026-10-02 23:13:22.167756,R1,Gi0/2,40.88,46.43,48.79,9.29,0.18,2.2,3,0,UP
2026-10-02 23:13:22.167756,SW1,Gi0/1,36.32,53.68,47.1,7.82,0.25,1.79,1,0,UP
2026-10-02 23:13:22.167756,SW1,Gi0/10,35.85,44.98,46.65,13.09,0.22,2.47,4,0,UP
2026-10-02 23:13:22.167756,SW1,Gi0/11,29.97,45.42,54.51,9.46,0.0,2.92,3,0,UP
2026-10-02 23:13:22.167756,SW2,Gi0/2,36.58,45.76,50.04,12.96,0.23,1.91,0,0,UP
2026-10-02 23:13:22.167756,SW2,Gi0/10,39.82,55.33,40.66,13.2,0.16,2.4,1,0,UP
2026-10-02 23:13:22.167756,SW2,Gi0/11,40.07,52.28,39.6,12.73,0.2,1.98,1,0,UP
2026-10-02 23:14:22.167756,R1,Gi0/1,44.99,45.27,47.24,10.3,0.19,2.32,2,0,UP
2026-10-02 23:14:22.167756,R1,Gi0/2,24.62,43.28,27.74,12.14,0.2,1.82,1,0,UP
2026-10-02 23:14:22.167756,SW1,Gi0/1,41.11,42.76,52.65,12.15,0.11,1.79,2,0,UP
2026-10-02 23:14:22.167756,SW1,Gi0/10,33.1,53.35,52.72,12.23,0.29,3.33,0,0,UP
2026-10-02 23:14:22.167756,SW1,Gi0/11,40.26,43.28,57.49,12.49,0.13,1.87,5,0,UP
2026-10-02 23:14:22.167756,SW2,Gi0/2,42.26,52.89,56.9,13.91,0.31,1.94,0,0,UP
2026-10-02 23:14:22.167756,SW2,Gi0/10,40.52,46.68,51.31,8.46,0.28,2.09,3,0,UP
2026-10-02 23:14:22.167756,SW2,Gi0/11,43.09,49.86,42.34,14.27,0.26,2.34,2,0,UP
2026-10-02 23:15:22.167756,R1,Gi0/1,40.55,49.93,31.05,9.24,0.19,1.06,2,0,UP
2026-10-02 23:15:22.167756,R1,Gi0/2,35.53,49.62,46.36,8.28,0.23,1.78,0,0,UP
2026-10-02 23:15:22.167756,SW1,Gi0/1,37.7,51.9,41.75,11.07,0.22,1.76,2,0,UP
2026-10-02 23:15:22.167756,SW1,Gi0/10,33.37,47.41,60.07,12.36,0.23,1.68,2,0,UP
2026-10-02 23:15:22.167756,SW1,Gi0/11,38.86,54.37,54.59,11.09,0.2,1.88,4,0,UP
2026-10-02 23:15:22.167756,SW2,Gi0/2,42.34,49.55,53.08,13.04,0.12,2.0,2,0,UP
2026-10-02 23:15:22.167756,SW2,Gi0/10,35.06,48.87,54.11,14.19,0.29,2.39,3,0,UP
2026-10-02 23:15:22.167756,SW2,Gi0/11,36.99,52.82,31.83,10.66,0.31,1.75,4,0,UP
2026-10-02 23:16:22.167756,R1,Gi0/1,38.18,52.75,32.68,14.54,0.09,1.32,5,0,UP
2026-10-02 23:16:22.167756,R1,Gi0/2,39.99,48.47,57.54,13.46,0.16,1.93,5,0,UP
2026-10-02 23:16:22.167756,SW1,Gi0/1,35.18,57.22,41.45,10.26,0.31,2.37,0,0,UP
2026-10-02 23:16:22.167756,SW1,Gi0/10,39.47,44.47,51.39,15.44,0.25,1.62,4,0,UP
2026-10-02 23:16:22.167756,SW1,Gi0/11,39.75,49.63,41.12,12.21,0.19,0.8,3,0,UP
2026-10-02 23:16:22.167756,SW2,Gi0/2,39.31,51.73,28.95,13.02,0.2,2.25,0,0,UP
2026-10-02 23:16:22.167756,SW2,Gi0/10,33.83,40.63,46.17,11.31,0.19,1.3,0,0,UP
2026-10-02 23:16:22.167756,SW2,Gi0/11,27.52,43.27,39.8,10.8,0.19,2.38,1,0,UP
2026-10-02 23:17:22.167756,R1,Gi0/1,42.44,53.89,54.2,12.98,0.21,1.46,3,0,UP
2026-10-02 23:17:22.167756,R1,Gi0/2,38.12,56.88,45.73,11.68,0.34,1.76,2,0,UP
2026-10-02 23:17:22.167756,SW1,Gi0/1,50.05,51.33,54.0,15.01,0.14,2.45,2,0,UP
2026-10-02 23:17:22.167756,SW1,Gi0/10,50.2,57.22,50.95,14.09,0.13,2.86,1,0,UP
2026-10-02 23:17:22.167756,SW1,Gi0/11,42.04,46.43,51.88,15.49,0.25,2.16,2,0,UP
2026-10-02 23:17:22.167756,SW2,Gi0/2,40.5,48.32,58.07,13.59,0.17,2.03,8,0,UP
2026-10-02 23:17:22.167756,SW2,Gi0/10,41.36,57.26,40.39,12.95,0.14,1.73,4,0,UP
2026-10-02 23:17:22.167756,SW2,Gi0/11,35.52,44.04,50.48,11.02,0.17,1.1,0,0,UP
2026-10-02 23:18:22.167756,R1,Gi0/1,41.1,48.83,52.27,10.2,0.18,2.02,2,0,UP
2026-10-02 23:18:22.167756,R1,Gi0/2,42.99,44.57,49.1,14.28,0.12,2.2,3,0,UP
2026-10-02 23:18:22.167756,SW1,Gi0/1,42.94,50.01,56.35,16.22,0.26,2.16,3,0,UP
2026-10-02 23:18:22.167756,SW1,Gi0/10,33.43,42.86,35.77,12.53,0.18,2.76,0,0,UP
2026-10-02 23:18:22.167756,SW1,Gi0/11,40.2,52.17,52.18,12.29,0.24,2.09,3,0,UP
2026-10-02 23:18:22.167756,SW2,Gi0/2,39.9,60.58,49.62,12.39,0.13,1.83,6,0,UP
2026-10-02 23:18:22.167756,SW2,Gi0/10,27.58,50.28,44.8,13.0,0.23,2.76,3,0,UP
2026-10-02 23:18:22.167756,SW2,Gi0/11,39.68,54.76,57.26,13.37,0.3,1.89,3,0,UP
2026-10-02 23:19:22.167756,R1,Gi0/1,47.43,52.63,43.06,12.07,0.3,2.56,1,0,UP
2026-10-02 23:19:22.167756,R1,Gi0/2,41.81,49.96,44.48,14.66,0.18,1.71,1,0,UP
2026-10-02 23:19:22.167756,SW1,Gi0/1,39.13,46.32,38.08,10.22,0.12,1.62,3,0,UP
2026-10-02 23:19:22.167756,SW1,Gi0/10,30.2,46.49,44.2,14.3,0.18,1.92,2,0,UP
2026-10-02 23:19:22.167756,SW1,Gi0/11,30.88,53.3,49.94,13.63,0.45,1.35,0,0,UP
2026-10-02 23:19:22.167756,SW2,Gi0/2,43.53,48.31,37.11,11.43,0.14,2.86,7,0,UP
2026-10-02 23:19:22.167756,SW2,Gi0/10,31.82,42.62,38.93,10.62,0.12,1.9,2,0,UP
2026-10-02 23:19:22.167756,SW2,Gi0/11,33.23,44.87,57.37,11.29,0.16,1.24,2,0,UP
2026-10-02 23:20:22.167756,R1,Gi0/1,44.8,52.98,51.49,9.59,0.08,2.57,4,0,UP
2026-10-02 23:20:22.167756,R1,Gi0/2,38.71,54.27,35.38,9.51,0.04,2.18,3,0,UP
2026-10-02 23:20:22.167756,SW1,Gi0/1,37.39,46.1,64.32,11.48,0.34,1.93,1,0,UP
2026-10-02 23:20:22.167756,SW1,Gi0/10,47.08,53.95,44.81,14.27,0.45,1.63,3,0,UP
2026-10-02 23:20:22.167756,SW1,Gi0/11,37.95,45.33,37.3,15.18,0.02,2.25,1,0,UP
2026-10-02 23:20:22.167756,SW2,Gi0/2,48.86,48.63,42.09,15.14,0.29,2.28,4,0,UP
2026-10-02 23:20:22.167756,SW2,Gi0/10,34.58,53.71,43.41,12.72,0.25,1.44,4,0,UP
2026-10-02 23:20:22.167756,SW2,Gi0/11,39.07,43.8,43.83,12.04,0.26,0.81,3,0,UP
2026-10-02 23:21:22.167756,R1,Gi0/1,37.44,54.05,44.99,11.33,0.18,2.17,4,0,UP
2026-10-02 23:21:22.167756,R1,Gi0/2,35.54,48.28,56.75,11.28,0.24,1.38,0,0,UP
2026-10-02 23:21:22.167756,SW1,Gi0/1,34.8,46.55,53.32,14.3,0.01,1.73,4,0,UP
2026-10-02 23:21:22.167756,SW1,Gi0/10,39.47,57.52,50.39,11.46,0.18,1.97,1,0,UP
2026-10-02 23:21:22.167756,SW1,Gi0/11,44.7,53.71,48.63,12.49,0.1,2.25,3,0,UP
2026-10-02 23:21:22.167756,SW2,Gi0/2,50.01,43.53,39.21,8.83,0.18,1.13,5,0,UP
2026-10-02 23:21:22.167756,SW2,Gi0/10,45.46,49.2,36.89,8.95,0.13,2.31,1,0,UP
2026-10-02 23:21:22.167756,SW2,Gi0/11,49.54,57.45,45.01,11.08,0.14,2.8,1,0,UP
2026-10-02 23:22:22.167756,R1,Gi0/1,44.67,50.11,50.71,10.36,0.17,1.99,1,0,UP
2026-10-02 23:22:22.167756,R1,Gi0/2,46.25,46.18,40.38,14.72,0.32,2.79,0,0,UP
2026-10-02 23:22:22.167756,SW1,Gi0/1,41.0,50.45,40.51,12.65,0.17,2.08,9,0,UP
2026-10-02 23:22:22.167756,SW1,Gi0/10,41.59,51.8,51.57,12.36,0.09,1.18,2,0,UP
2026-10-02 23:22:22.167756,SW1,Gi0/11,38.65,40.18,58.04,12.21,0.34,0.88,5,0,UP
2026-10-02 23:22:22.167756,SW2,Gi0/2,37.57,56.3,46.72,12.91,0.25,1.79,1,0,UP
2026-10-02 23:22:22.167756,SW2,Gi0/10,38.19,42.64,41.15,10.61,0.05,2.23,3,0,UP
2026-10-02 23:22:22.167756,SW2,Gi0/11,41.23,53.49,43.1,10.12,0.23,0.54,2,0,UP
2026-10-02 23:23:22.167756,R1,Gi0/1,43.83,55.23,40.76,7.52,0.0,2.32,2,0,UP
2026-10-02 23:23:22.167756,R1,Gi0/2,50.09,42.94,47.74,15.32,0.22,1.2,8,0,UP
2026-10-02 23:23:22.167756,SW1,Gi0/1,47.9,48.86,51.55,13.66,0.26,1.31,3,0,UP
2026-10-02 23:23:22.167756,SW1,Gi0/10,47.3,52.52,48.18,10.93,0.11,1.21,4,0,UP
2026-10-02 23:23:22.167756,SW1,Gi0/11,38.9,43.29,52.81,10.83,0.11,1.75,2,0,UP
2026-10-02 23:23:22.167756,SW2,Gi0/2,42.29,45.62,53.08,12.97,0.15,1.92,2,0,UP
2026-10-02 23:23:22.167756,SW2,Gi0/10,40.33,57.6,41.54,12.38,0.13,2.27,3,0,UP
2026-10-02 23:23:22.167756,SW2,Gi0/11,46.65,45.85,50.52,14.53,0.16,1.94,3,0,UP
2026-10-02 23:24:22.167756,R1,Gi0/1,38.82,50.89,50.39,11.77,0.19,2.13,2,0,UP
2026-10-02 23:24:22.167756,R1,Gi0/2,38.25,45.51,44.66,12.9,0.17,1.61,2,0,UP
2026-10-02 23:24:22.167756,SW1,Gi0/1,41.99,50.64,62.84,10.69,0.18,2.39,1,0,UP
2026-10-02 23:24:22.167756,SW1,Gi0/10,49.64,50.02,49.49,12.04,0.3,1.47,6,0,UP
2026-10-02 23:24:22.167756,SW1,Gi0/11,41.16,53.29,39.09,12.67,0.1,2.59,0,0,UP
2026-10-02 23:24:22.167756,SW2,Gi0/2,40.77,48.06,32.5,10.13,0.24,1.55,1,0,UP
2026-10-02 23:24:22.167756,SW2,Gi0/10,41.87,54.57,50.29,11.91,0.22,2.06,0,0,UP
2026-10-02 23:24:22.167756,SW2,Gi0/11,41.4,44.77,49.91,12.27,0.0,2.49,1,0,UP
2026-10-02 23:25:22.167756,R1,Gi0/1,36.98,54.78,43.69,13.19,0.13,2.4,3,0,UP
2026-10-02 23:25:22.167756,R1,Gi0/2,42.02,49.11,58.04,15.74,0.0,2.46,0,0,UP
2026-10-02 23:25:22.167756,SW1,Gi0/1,42.55,41.11,48.23,10.33,0.15,1.78,1,0,UP
2026-10-02 23:25:22.167756,SW1,Gi0/10,36.46,48.01,43.77,12.65,0.39,1.53,3,0,UP
2026-10-02 23:25:22.167756,SW1,Gi0/11,43.86,46.46,26.94,8.18,0.0,2.77,4,0,UP
2026-10-02 23:25:22.167756,SW2,Gi0/2,43.78,54.91,40.4,16.61,0.23,1.96,5,0,UP
2026-10-02 23:25:22.167756,SW2,Gi0/10,43.34,56.68,56.15,11.29,0.22,1.55,0,0,UP
2026-10-02 23:25:22.167756,SW2,Gi0/11,44.18,54.79,29.14,10.57,0.21,2.08,7,0,UP
2026-10-02 23:26:22.167756,R1,Gi0/1,36.87,49.14,50.2,11.3,0.15,1.71,3,0,UP
2026-10-02 23:26:22.167756,R1,Gi0/2,39.12,53.41,47.86,6.17,0.02,1.75,4,0,UP
2026-10-02 23:26:22.167756,SW1,Gi0/1,36.74,51.87,49.79,13.08,0.15,1.43,0,0,UP
2026-10-02 23:26:22.167756,SW1,Gi0/10,54.85,52.28,59.72,10.33,0.32,1.76,2,0,UP
2026-10-02 23:26:22.167756,SW1,Gi0/11,38.57,45.6,38.09,11.92,0.14,2.06,1,0,UP
2026-10-02 23:26:22.167756,SW2,Gi0/2,43.54,47.7,58.1,11.9,0.19,2.8,2,0,UP
2026-10-02 23:26:22.167756,SW2,Gi0/10,37.97,46.5,46.64,10.53,0.28,1.98,4,0,UP
2026-10-02 23:26:22.167756,SW2,Gi0/11,43.63,47.44,39.1,11.34,0.2,2.17,3,0,UP
2026-10-02 23:27:22.167756,R1,Gi0/1,39.84,46.59,40.31,13.04,0.13,2.28,4,0,UP
2026-10-02 23:27:22.167756,R1,Gi0/2,47.67,47.6,42.4,7.37,0.11,1.52,4,0,UP
2026-10-02 23:27:22.167756,SW1,Gi0/1,49.04,52.9,52.93,10.58,0.08,1.88,1,0,UP
2026-10-02 23:27:22.167756,SW1,Gi0/10,35.69,51.09,35.51,13.65,0.16,1.98,3,0,UP
2026-10-02 23:27:22.167756,SW1,Gi0/11,37.67,56.33,32.15,14.57,0.17,2.46,3,0,UP
2026-10-02 23:27:22.167756,SW2,Gi0/2,44.25,49.41,46.91,14.2,0.21,2.67,3,0,UP
2026-10-02 23:27:22.167756,SW2,Gi0/10,36.34,48.23,52.1,9.52,0.28,1.82,0,0,UP
2026-10-02 23:27:22.167756,SW2,Gi0/11,41.04,46.5,40.43,10.75,0.21,1.81,3,0,UP
2026-10-02 23:28:22.167756,R1,Gi0/1,45.06,52.71,59.44,16.1,0.17,1.42,2,0,UP
2026-10-02 23:28:22.167756,R1,Gi0/2,40.59,61.13,42.0,12.56,0.13,1.83,0,0,UP
2026-10-02 23:28:22.167756,SW1,Gi0/1,32.69,56.8,53.53,11.26,0.31,1.35,2,0,UP
2026-10-02 23:28:22.167756,SW1,Gi0/10,40.87,56.33,46.58,13.09,0.15,2.13,5,0,UP
2026-10-02 23:28:22.167756,SW1,Gi0/11,31.92,55.68,43.32,9.19,0.17,2.65,2,0,UP
2026-10-02 23:28:22.167756,SW2,Gi0/2,41.5,41.93,30.39,9.85,0.3,1.97,5,0,UP
2026-10-02 23:28:22.167756,SW2,Gi0/10,45.79,46.21,57.54,10.91,0.3,2.48,3,0,UP
2026-10-02 23:28:22.167756,SW2,Gi0/11,40.33,51.6,45.92,11.22,0.15,1.81,5,0,UP
2026-10-02 23:29:22.167756,R1,Gi0/1,32.06,47.52,42.39,11.54,0.23,1.33,5,0,UP
2026-10-02 23:29:22.167756,R1,Gi0/2,44.43,53.37,43.34,10.52,0.17,2.03,4,0,UP
2026-10-02 23:29:22.167756,SW1,Gi0/1,39.59,51.8,41.53,12.57,0.18,2.13,0,0,UP
2026-10-02 23:29:22.167756,SW1,Gi0/10,42.44,52.7,49.23,10.03,0.13,1.57,3,0,UP
2026-10-02 23:29:22.167756,SW1,Gi0/11,43.29,46.52,55.52,14.6,0.21,2.19,0,0,UP
2026-10-02 23:29:22.167756,SW2,Gi0/2,37.35,43.74,37.72,13.03,0.28,2.4,3,0,UP
2026-10-02 23:29:22.167756,SW2,Gi0/10,42.62,42.05,34.68,11.58,0.26,1.78,0,0,UP
2026-10-02 23:29:22.167756,SW2,Gi0/11,36.54,45.33,31.2,16.45,0.32,1.01,0,0,UP
2026-10-02 23:30:22.167756,R1,Gi0/1,35.97,42.55,64.06,10.4,0.24,1.75,0,0,UP
2026-10-02 23:30:22.167756,R1,Gi0/2,45.24,53.27,44.52,16.76,0.22,1.77,6,0,UP
2026-10-02 23:30:22.167756,SW1,Gi0/1,42.02,58.14,44.69,5.97,0.04,2.54,1,0,UP
2026-10-02 23:30:22.167756,SW1,Gi0/10,41.27,55.67,46.44,10.28,0.2,2.05,2,0,UP
2026-10-02 23:30:22.167756,SW1,Gi0/11,33.08,48.22,44.26,9.11,0.11,1.64,0,0,UP
2026-10-02 23:30:22.167756,SW2,Gi0/2,40.64,51.18,40.65,9.26,0.24,2.27,3,0,UP
2026-10-02 23:30:22.167756,SW2,Gi0/10,40.21,52.97,44.24,10.16,0.19,1.8,2,0,UP
2026-10-02 23:30:22.167756,SW2,Gi0/11,44.42,43.99,46.42,9.49,0.11,2.79,3,0,UP
2026-10-02 23:31:22.167756,R1,Gi0/1,40.8,41.71,43.11,7.85,0.2,1.38,4,0,UP
2026-10-02 23:31:22.167756,R1,Gi0/2,40.81,43.92,48.05,16.19,0.18,2.44,0,0,UP
2026-10-02 23:31:22.167756,SW1,Gi0/1,42.34,47.15,42.85,13.19,0.18,1.19,6,0,UP
2026-10-02 23:31:22.167756,SW1,Gi0/10,32.75,45.8,46.02,12.27,0.24,2.07,5,0,UP
2026-10-02 23:31:22.167756,SW1,Gi0/11,42.45,44.07,24.22,12.3,0.35,1.37,0,0,UP
2026-10-02 23:31:22.167756,SW2,Gi0/2,41.77,52.41,53.98,15.28,0.22,1.54,1,0,UP
2026-10-02 23:31:22.167756,SW2,Gi0/10,37.28,55.16,41.0,13.92,0.05,2.14,1,0,UP
2026-10-02 23:31:22.167756,SW2,Gi0/11,42.61,48.72,51.38,11.13,0.2,2.4,2,0,UP
2026-10-02 23:32:22.167756,R1,Gi0/1,40.29,53.8,44.39,8.83,0.14,1.04,2,0,UP
2026-10-02 23:32:22.167756,R1,Gi0/2,42.36,50.62,56.16,14.57,0.23,0.8,4,0,UP
2026-10-02 23:32:22.167756,SW1,Gi0/1,36.14,54.41,47.5,13.31,0.25,3.2,4,0,UP
2026-10-02 23:32:22.167756,SW1,Gi0/10,33.6,55.36,41.56,14.69,0.35,2.31,0,0,UP
2026-10-02 23:32:22.167756,SW1,Gi0/11,37.7,56.7,60.99,12.12,0.17,1.41,0,0,UP
2026-10-02 23:32:22.167756,SW2,Gi0/2,41.16,53.5,33.1,13.66,0.34,2.32,6,0,UP
2026-10-02 23:32:22.167756,SW2,Gi0/10,41.78,51.83,47.77,14.72,0.25,1.74,3,0,UP
2026-10-02 23:32:22.167756,SW2,Gi0/11,42.17,48.94,53.18,12.18,0.27,2.25,1,0,UP
2026-10-02 23:33:22.167756,R1,Gi0/1,35.1,46.42,44.35,15.18,0.2,2.19,4,0,UP
2026-10-02 23:33:22.167756,R1,Gi0/2,38.21,47.93,53.41,13.14,0.14,1.79,3,0,UP
2026-10-02 23:33:22.167756,SW1,Gi0/1,41.65,56.22,49.26,10.03,0.12,2.15,3,0,UP
2026-10-02 23:33:22.167756,SW1,Gi0/10,35.78,55.26,27.02,12.67,0.05,2.44,2,0,UP
2026-10-02 23:33:22.167756,SW1,Gi0/11,43.74,48.05,55.61,8.27,0.29,1.7,3,0,UP
2026-10-02 23:33:22.167756,SW2,Gi0/2,42.09,43.04,52.98,12.79,0.21,2.19,3,0,UP
2026-10-02 23:33:22.167756,SW2,Gi0/10,44.17,47.64,51.69,13.14,0.18,2.92,3,0,UP
2026-10-02 23:33:22.167756,SW2,Gi0/11,40.98,52.87,44.16,14.4,0.2,2.41,0,0,UP
2026-10-02 23:34:22.167756,R1,Gi0/1,31.02,52.01,41.93,11.61,0.0,2.85,3,0,UP
2026-10-02 23:34:22.167756,R1,Gi0/2,46.67,43.04,45.79,12.82,0.21,2.12,0,0,UP
2026-10-02 23:34:22.167756,SW1,Gi0/1,41.59,45.79,40.06,12.03,0.16,1.85,5,0,UP
2026-10-02 23:34:22.167756,SW1,Gi0/10,39.22,48.02,44.02,9.78,0.22,2.36,3,0,UP
2026-10-02 23:34:22.167756,SW1,Gi0/11,40.18,53.01,40.57,12.08,0.34,1.85,4,0,UP
2026-10-02 23:34:22.167756,SW2,Gi0/2,43.16,46.21,50.5,10.79,0.24,1.69,3,0,UP
2026-10-02 23:34:22.167756,SW2,Gi0/10,40.65,50.56,47.18,10.94,0.08,2.04,5,0,UP
2026-10-02 23:34:22.167756,SW2,Gi0/11,42.92,52.24,40.91,12.37,0.12,1.79,3,0,UP
2026-10-02 23:35:22.167756,R1,Gi0/1,30.92,58.65,34.33,15.78,0.12,1.58,2,0,UP
2026-10-02 23:35:22.167756,R1,Gi0/2,37.8,46.97,42.04,12.18,0.11,2.42,5,0,UP
2026-10-02 23:35:22.167756,SW1,Gi0/1,30.28,59.28,51.18,12.52,0.14,2.08,4,0,UP
2026-10-02 23:35:22.167756,SW1,Gi0/10,53.05,60.96,32.77,11.58,0.21,2.67,2,0,UP
2026-10-02 23:35:22.167756,SW1,Gi0/11,36.22,50.27,41.92,13.97,0.44,2.46,4,0,UP
2026-10-02 23:35:22.167756,SW2,Gi0/2,46.18,52.27,41.81,11.4,0.31,2.14,1,0,UP
2026-10-02 23:35:22.167756,SW2,Gi0/10,46.55,46.13,35.98,10.25,0.23,2.49,3,0,UP
2026-10-02 23:35:22.167756,SW2,Gi0/11,37.22,45.96,51.17,11.81,0.23,1.93,3,0,UP
2026-10-02 23:36:22.167756,R1,Gi0/1,41.95,62.13,48.22,11.23,0.22,1.53,1,0,UP
2026-10-02 23:36:22.167756,R1,Gi0/2,46.25,51.52,53.95,8.75,0.1,2.15,1,0,UP
2026-10-02 23:36:22.167756,SW1,Gi0/1,32.88,44.61,42.43,12.83,0.37,1.47,0,0,UP
2026-10-02 23:36:22.167756,SW1,Gi0/10,32.75,52.87,46.0,10.07,0.12,1.94,2,0,UP
2026-10-02 23:36:22.167756,SW1,Gi0/11,34.8,50.89,33.99,12.1,0.18,2.2,5,0,UP
2026-10-02 23:36:22.167756,SW2,Gi0/2,38.15,50.0,29.15,15.94,0.01,1.96,0,0,UP
2026-10-02 23:36:22.167756,SW2,Gi0/10,35.87,58.68,54.16,13.97,0.18,2.83,3,0,UP
2026-10-02 23:36:22.167756,SW2,Gi0/11,43.45,63.23,53.72,11.87,0.25,2.7,4,0,UP
2026-10-02 23:37:22.167756,R1,Gi0/1,43.92,56.44,65.24,10.13,0.27,2.23,2,0,UP
2026-10-02 23:37:22.167756,R1,Gi0/2,36.76,58.26,36.82,9.18,0.14,1.11,1,0,UP
2026-10-02 23:37:22.167756,SW1,Gi0/1,34.74,50.43,56.56,10.82,0.29,2.38,0,0,UP
2026-10-02 23:37:22.167756,SW1,Gi0/10,37.24,48.12,48.05,13.14,0.23,1.55,1,0,UP
2026-10-02 23:37:22.167756,SW1,Gi0/11,32.48,50.33,42.06,13.07,0.27,1.83,3,0,UP
2026-10-02 23:37:22.167756,SW2,Gi0/2,38.92,44.43,38.6,7.46,0.16,1.7,0,0,UP
2026-10-02 23:37:22.167756,SW2,Gi0/10,44.1,52.63,49.43,13.38,0.2,1.99,4,0,UP
2026-10-02 23:37:22.167756,SW2,Gi0/11,43.34,55.14,44.65,10.03,0.22,1.71,4,0,UP
2026-10-02 23:38:22.167756,R1,Gi0/1,41.44,50.26,41.86,14.0,0.29,1.72,0,0,UP
2026-10-02 23:38:22.167756,R1,Gi0/2,40.9,55.93,34.91,12.94,0.12,1.49,4,0,UP
2026-10-02 23:38:22.167756,SW1,Gi0/1,43.25,49.24,51.32,13.37,0.05,2.04,5,0,UP
2026-10-02 23:38:22.167756,SW1,Gi0/10,42.37,36.92,36.43,13.99,0.14,2.56,7,0,UP
2026-10-02 23:38:22.167756,SW1,Gi0/11,38.81,46.91,36.95,13.52,0.14,1.8,0,0,UP
2026-10-02 23:38:22.167756,SW2,Gi0/2,37.84,46.47,29.14,10.32,0.27,2.67,2,0,UP
2026-10-02 23:38:22.167756,SW2,Gi0/10,40.17,51.43,60.7,9.98,0.07,1.97,3,0,UP
2026-10-02 23:38:22.167756,SW2,Gi0/11,39.83,43.18,52.08,11.72,0.26,2.78,0,0,UP
2026-10-02 23:39:22.167756,R1,Gi0/1,31.41,52.83,28.72,11.2,0.14,2.18,1,0,UP
2026-10-02 23:39:22.167756,R1,Gi0/2,42.46,44.67,35.06,12.04,0.21,2.15,5,0,UP
2026-10-02 23:39:22.167756,SW1,Gi0/1,46.4,52.26,51.48,12.52,0.32,2.18,1,0,UP
2026-10-02 23:39:22.167756,SW1,Gi0/10,36.24,55.75,43.54,15.83,0.09,2.63,2,0,UP
2026-10-02 23:39:22.167756,SW1,Gi0/11,42.04,43.49,30.29,14.96,0.16,2.49,1,0,UP
2026-10-02 23:39:22.167756,SW2,Gi0/2,44.93,47.86,35.32,13.29,0.29,2.32,2,0,UP
2026-10-02 23:39:22.167756,SW2,Gi0/10,31.26,44.66,39.38,11.48,0.31,1.94,0,0,UP
2026-10-02 23:39:22.167756,SW2,Gi0/11,27.05,46.53,40.89,12.71,0.05,1.31,3,0,UP
2026-10-02 23:40:22.167756,R1,Gi0/1,46.67,40.18,38.85,14.22,0.29,1.54,5,0,UP
2026-10-02 23:40:22.167756,R1,Gi0/2,40.22,53.3,39.37,12.58,0.08,1.73,2,0,UP
2026-10-02 23:40:22.167756,SW1,Gi0/1,40.7,62.03,65.48,11.22,0.35,1.45,3,0,UP
2026-10-02 23:40:22.167756,SW1,Gi0/10,36.57,47.75,66.29,11.23,0.14,1.5,1,0,UP
2026-10-02 23:40:22.167756,SW1,Gi0/11,32.89,51.11,46.64,12.68,0.2,1.72,1,0,UP
2026-10-02 23:40:22.167756,SW2,Gi0/2,40.8,49.74,39.91,11.43,0.35,2.99,2,0,UP
2026-10-02 23:40:22.167756,SW2,Gi0/10,36.33,49.78,54.09,11.91,0.24,1.67,0,0,UP
2026-10-02 23:40:22.167756,SW2,Gi0/11,43.81,50.97,50.25,8.58,0.38,2.13,0,0,UP
2026-10-02 23:41:22.167756,R1,Gi0/1,44.93,48.13,45.24,11.04,0.19,1.98,0,0,UP
2026-10-02 23:41:22.167756,R1,Gi0/2,44.33,50.56,48.57,13.63,0.21,2.17,0,0,UP
2026-10-02 23:41:22.167756,SW1,Gi0/1,35.85,50.43,46.49,12.8,0.34,1.95,3,0,UP
2026-10-02 23:41:22.167756,SW1,Gi0/10,40.29,48.75,43.31,10.43,0.19,1.89,2,0,UP
2026-10-02 23:41:22.167756,SW1,Gi0/11,31.29,49.51,37.98,11.88,0.09,2.02,2,0,UP
2026-10-02 23:41:22.167756,SW2,Gi0/2,36.87,51.45,48.0,11.9,0.26,1.79,3,0,UP
2026-10-02 23:41:22.167756,SW2,Gi0/10,39.79,45.0,38.59,14.33,0.36,2.36,1,0,UP
2026-10-02 23:41:22.167756,SW2,Gi0/11,47.14,53.06,47.69,15.68,0.11,2.39,1,0,UP
2026-10-02 23:42:22.167756,R1,Gi0/1,36.97,63.01,49.02,15.7,0.25,2.2,1,0,UP
2026-10-02 23:42:22.167756,R1,Gi0/2,44.89,50.13,45.64,11.48,0.19,2.01,3,0,UP
2026-10-02 23:42:22.167756,SW1,Gi0/1,39.75,42.22,49.34,11.75,0.0,1.21,2,0,UP
2026-10-02 23:42:22.167756,SW1,Gi0/10,46.39,53.04,39.5,11.62,0.31,1.69,0,0,UP
2026-10-02 23:42:22.167756,SW1,Gi0/11,44.4,55.58,40.16,12.98,0.2,1.7,5,0,UP
2026-10-02 23:42:22.167756,SW2,Gi0/2,36.68,53.78,45.54,11.66,0.14,1.51,2,0,UP
2026-10-02 23:42:22.167756,SW2,Gi0/10,37.44,50.46,35.42,11.7,0.24,1.66,4,0,UP
2026-10-02 23:42:22.167756,SW2,Gi0/11,44.25,43.96,38.93,9.32,0.24,2.06,0,0,UP
2026-10-02 23:43:22.167756,R1,Gi0/1,36.74,51.54,45.9,14.42,0.08,2.0,0,0,UP
2026-10-02 23:43:22.167756,R1,Gi0/2,40.55,49.09,47.17,11.18,0.28,1.64,0,0,UP
2026-10-02 23:43:22.167756,SW1,Gi0/1,41.13,59.27,32.83,9.71,0.22,2.56,3,0,UP
2026-10-02 23:43:22.167756,SW1,Gi0/10,36.96,52.1,49.13,10.64,0.28,1.98,0,0,UP
2026-10-02 23:43:22.167756,SW1,Gi0/11,39.33,47.15,55.44,9.34,0.15,2.13,7,0,UP
2026-10-02 23:43:22.167756,SW2,Gi0/2,49.77,49.77,47.79,13.2,0.1,2.01,5,0,UP
2026-10-02 23:43:22.167756,SW2,Gi0/10,40.71,59.75,41.43,11.82,0.19,1.35,5,0,UP
2026-10-02 23:43:22.167756,SW2,Gi0/11,38.33,51.29,40.21,15.45,0.32,2.03,0,0,UP
2026-10-02 23:44:22.167756,R1,Gi0/1,43.72,55.41,37.58,11.71,0.21,2.54,2,0,UP
2026-10-02 23:44:22.167756,R1,Gi0/2,44.81,46.14,36.56,15.66,0.07,1.62,4,0,UP
2026-10-02 23:44:22.167756,SW1,Gi0/1,37.35,47.21,43.42,7.69,0.31,2.09,1,0,UP
2026-10-02 23:44:22.167756,SW1,Gi0/10,31.42,43.17,32.25,12.45,0.22,2.31,4,0,UP
2026-10-02 23:44:22.167756,SW1,Gi0/11,43.14,57.69,54.56,13.92,0.22,2.36,2,0,UP
2026-10-02 23:44:22.167756,SW2,Gi0/2,38.9,58.61,40.54,10.74,0.16,1.73,2,0,UP
2026-10-02 23:44:22.167756,SW2,Gi0/10,41.21,51.38,52.29,16.38,0.16,1.97,0,0,UP
2026-10-02 23:44:22.167756,SW2,Gi0/11,33.54,49.27,48.71,12.98,0.26,2.63,6,0,UP
2026-10-02 23:45:22.167756,R1,Gi0/1,38.78,45.99,50.24,13.87,0.21,1.91,1,0,UP
2026-10-02 23:45:22.167756,R1,Gi0/2,39.79,53.45,39.65,10.4,0.26,1.58,3,0,UP
2026-10-02 23:45:22.167756,SW1,Gi0/1,40.49,50.0,39.86,15.47,0.24,1.74,3,0,UP
2026-10-02 23:45:22.167756,SW1,Gi0/10,49.16,50.45,57.27,9.7,0.11,0.93,6,0,UP
2026-10-02 23:45:22.167756,SW1,Gi0/11,31.49,50.87,58.9,13.94,0.24,2.64,1,0,UP
2026-10-02 23:45:22.167756,SW2,Gi0/2,42.59,49.44,43.93,12.38,0.32,2.78,2,0,UP
2026-10-02 23:45:22.167756,SW2,Gi0/10,34.56,45.9,60.58,14.96,0.09,2.83,1,0,UP
2026-10-02 23:45:22.167756,SW2,Gi0/11,43.32,46.44,62.3,10.86,0.1,1.77,8,0,UP
2026-10-02 23:46:22.167756,R1,Gi0/1,41.3,44.86,38.69,8.5,0.25,1.37,5,0,UP
2026-10-02 23:46:22.167756,R1,Gi0/2,43.95,49.5,54.89,13.85,0.22,1.62,3,0,UP
2026-10-02 23:46:22.167756,SW1,Gi0/1,42.04,52.46,45.63,12.65,0.23,2.68,0,0,UP
2026-10-02 23:46:22.167756,SW1,Gi0/10,34.99,50.38,38.92,12.42,0.09,1.52,7,0,UP
2026-10-02 23:46:22.167756,SW1,Gi0/11,38.85,44.14,44.08,14.07,0.32,1.27,1,0,UP
2026-10-02 23:46:22.167756,SW2,Gi0/2,41.11,49.83,32.2,9.12,0.09,1.11,2,0,UP
2026-10-02 23:46:22.167756,SW2,Gi0/10,45.97,46.67,53.66,12.06,0.18,1.17,5,0,UP
2026-10-02 23:46:22.167756,SW2,Gi0/11,40.58,42.0,48.05,10.82,0.21,2.12,5,0,UP
2026-10-02 23:47:22.167756,R1,Gi0/1,34.36,52.86,55.63,17.04,0.3,2.18,3,0,UP
2026-10-02 23:47:22.167756,R1,Gi0/2,47.76,48.57,51.37,16.39,0.19,0.99,1,0,UP
2026-10-02 23:47:22.167756,SW1,Gi0/1,41.47,45.82,42.22,11.41,0.26,1.53,1,0,UP
2026-10-02 23:47:22.167756,SW1,Gi0/10,47.04,47.59,50.81,12.03,0.2,2.37,0,0,UP
2026-10-02 23:47:22.167756,SW1,Gi0/11,42.22,52.76,51.79,11.25,0.2,0.77,1,0,UP
2026-10-02 23:47:22.167756,SW2,Gi0/2,40.88,57.35,59.77,11.32,0.29,1.93,0,0,UP
2026-10-02 23:47:22.167756,SW2,Gi0/10,43.03,59.16,41.95,10.19,0.21,1.94,8,0,UP
2026-10-02 23:47:22.167756,SW2,Gi0/11,45.03,50.65,21.84,11.71,0.39,2.04,4,0,UP
2026-10-02 23:48:22.167756,R1,Gi0/1,41.96,47.57,58.53,12.38,0.13,2.01,5,0,UP
2026-10-02 23:48:22.167756,R1,Gi0/2,32.6,51.35,45.59,8.92,0.28,2.13,4,0,UP
2026-10-02 23:48:22.167756,SW1,Gi0/1,45.69,49.72,40.56,9.15,0.14,2.01,1,0,UP
2026-10-02 23:48:22.167756,SW1,Gi0/10,42.92,45.48,30.9,10.84,0.22,1.37,1,0,UP
2026-10-02 23:48:22.167756,SW1,Gi0/11,36.85,47.51,47.38,13.28,0.15,1.48,3,0,UP
2026-10-02 23:48:22.167756,SW2,Gi0/2,42.59,58.07,54.17,9.48,0.19,2.23,1,0,UP
2026-10-02 23:48:22.167756,SW2,Gi0/10,38.25,53.37,47.0,12.0,0.13,1.28,2,0,UP
2026-10-02 23:48:22.167756,SW2,Gi0/11,39.54,42.66,45.38,12.78,0.13,2.2,3,0,UP
2026-10-02 23:49:22.167756,R1,Gi0/1,38.48,47.92,42.34,10.29,0.23,1.58,1,0,UP
2026-10-02 23:49:22.167756,R1,Gi0/2,42.49,48.79,45.49,8.58,0.15,2.84,0,0,UP
2026-10-02 23:49:22.167756,SW1,Gi0/1,48.75,51.31,40.74,11.59,0.32,0.86,5,0,UP
2026-10-02 23:49:22.167756,SW1,Gi0/10,41.33,55.06,31.01,11.55,0.0,2.6,1,0,UP
2026-10-02 23:49:22.167756,SW1,Gi0/11,35.01,40.33,48.55,12.14,0.13,2.13,1,0,UP
2026-10-02 23:49:22.167756,SW2,Gi0/2,31.2,48.18,58.16,13.94,0.25,2.12,2,0,UP
2026-10-02 23:49:22.167756,SW2,Gi0/10,43.68,52.83,44.34,12.4,0.04,1.76,0,0,UP
2026-10-02 23:49:22.167756,SW2,Gi0/11,33.94,52.35,34.88,13.54,0.3,1.97,1,0,UP
2026-10-02 23:50:22.167756,R1,Gi0/1,45.16,52.76,54.56,9.84,0.17,1.89,3,0,UP
2026-10-02 23:50:22.167756,R1,Gi0/2,43.12,50.69,55.68,11.25,0.1,1.67,1,0,UP
2026-10-02 23:50:22.167756,SW1,Gi0/1,37.72,48.65,43.19,12.46,0.15,2.52,0,0,UP
2026-10-02 23:50:22.167756,SW1,Gi0/10,28.87,55.01,52.38,14.48,0.26,2.0,2,0,UP
2026-10-02 23:50:22.167756,SW1,Gi0/11,31.99,50.74,33.51,16.93,0.1,1.96,6,0,UP
2026-10-02 23:50:22.167756,SW2,Gi0/2,38.17,48.2,24.31,9.38,0.26,2.84,1,0,UP
2026-10-02 23:50:22.167756,SW2,Gi0/10,40.98,63.54,49.53,13.95,0.12,2.78,1,0,UP
2026-10-02 23:50:22.167756,SW2,Gi0/11,35.66,57.4,39.9,11.99,0.36,1.54,2,0,UP
2026-10-02 23:51:22.167756,R1,Gi0/1,36.95,48.36,45.31,14.68,0.36,2.08,1,0,UP
2026-10-02 23:51:22.167756,R1,Gi0/2,43.39,50.03,45.3,9.94,0.04,1.99,0,0,UP
2026-10-02 23:51:22.167756,SW1,Gi0/1,37.35,57.41,44.44,14.21,0.23,2.29,1,0,UP
2026-10-02 23:51:22.167756,SW1,Gi0/10,45.76,51.55,42.88,12.62,0.13,1.85,2,0,UP
2026-10-02 23:51:22.167756,SW1,Gi0/11,37.37,57.79,41.68,16.17,0.21,1.88,1,0,UP
2026-10-02 23:51:22.167756,SW2,Gi0/2,42.11,54.47,24.7,12.01,0.0,2.49,4,0,UP
2026-10-02 23:51:22.167756,SW2,Gi0/10,40.2,51.04,33.56,10.91,0.14,1.78,4,0,UP
2026-10-02 23:51:22.167756,SW2,Gi0/11,46.41,53.05,42.41,10.51,0.21,2.15,2,0,UP
2026-10-02 23:52:22.167756,R1,Gi0/1,36.7,53.08,50.71,9.38,0.16,2.39,4,0,UP
2026-10-02 23:52:22.167756,R1,Gi0/2,40.32,51.83,47.02,13.91,0.09,2.13,1,0,UP
2026-10-02 23:52:22.167756,SW1,Gi0/1,45.44,44.71,48.27,10.23,0.28,2.22,3,0,UP
2026-10-02 23:52:22.167756,SW1,Gi0/10,49.8,46.49,52.41,14.34,0.29,1.66,2,0,UP
2026-10-02 23:52:22.167756,SW1,Gi0/11,36.97,48.51,38.27,11.27,0.35,1.84,3,0,UP
2026-10-02 23:52:22.167756,SW2,Gi0/2,36.37,49.93,51.61,12.98,0.34,1.4,1,0,UP
2026-10-02 23:52:22.167756,SW2,Gi0/10,37.94,57.62,47.39,9.17,0.31,2.05,4,0,UP
2026-10-02 23:52:22.167756,SW2,Gi0/11,47.92,45.11,57.67,11.85,0.16,2.08,0,0,UP
2026-10-02 23:53:22.167756,R1,Gi0/1,39.9,48.79,37.49,10.71,0.31,1.91,1,0,UP
2026-10-02 23:53:22.167756,R1,Gi0/2,42.24,53.83,44.98,9.53,0.0,1.55,5,0,UP
2026-10-02 23:53:22.167756,SW1,Gi0/1,44.81,46.02,43.11,13.4,0.19,2.47,2,0,UP
2026-10-02 23:53:22.167756,SW1,Gi0/10,42.41,48.39,38.73,14.33,0.05,1.7,2,0,UP
2026-10-02 23:53:22.167756,SW1,Gi0/11,44.29,45.61,46.01,9.23,0.24,2.91,0,0,UP
2026-10-02 23:53:22.167756,SW2,Gi0/2,36.36,54.18,68.55,13.18,0.13,1.93,0,0,UP
2026-10-02 23:53:22.167756,SW2,Gi0/10,44.03,55.23,56.25,11.34,0.12,2.75,5,0,UP
2026-10-02 23:53:22.167756,SW2,Gi0/11,35.06,48.12,51.32,11.5,0.2,1.27,0,0,UP
2026-10-02 23:54:22.167756,R1,Gi0/1,39.54,46.51,35.82,11.37,0.11,2.01,4,0,UP
2026-10-02 23:54:22.167756,R1,Gi0/2,38.49,47.87,53.59,13.47,0.28,0.74,2,0,UP
2026-10-02 23:54:22.167756,SW1,Gi0/1,37.14,45.87,53.43,10.91,0.06,2.12,2,0,UP
2026-10-02 23:54:22.167756,SW1,Gi0/10,35.39,55.09,49.25,13.06,0.25,2.54,2,0,UP
2026-10-02 23:54:22.167756,SW1,Gi0/11,33.79,48.96,31.76,9.88,0.36,1.45,0,0,UP
2026-10-02 23:54:22.167756,SW2,Gi0/2,43.35,54.32,31.67,12.5,0.15,2.17,2,0,UP
2026-10-02 23:54:22.167756,SW2,Gi0/10,33.17,47.59,50.01,15.89,0.24,1.8,0,0,UP
2026-10-02 23:54:22.167756,SW2,Gi0/11,39.21,48.11,47.45,11.88,0.25,1.82,6,0,UP
2026-10-02 23:55:22.167756,R1,Gi0/1,42.92,46.47,53.01,9.69,0.11,1.6,5,0,UP
2026-10-02 23:55:22.167756,R1,Gi0/2,39.11,46.86,46.31,13.08,0.36,1.25,5,0,UP
2026-10-02 23:55:22.167756,SW1,Gi0/1,29.66,54.53,54.31,14.43,0.26,1.47,4,0,UP
2026-10-02 23:55:22.167756,SW1,Gi0/10,34.66,45.31,41.35,11.27,0.22,1.65,3,0,UP
2026-10-02 23:55:22.167756,SW1,Gi0/11,33.14,50.19,42.82,14.03,0.31,1.92,0,0,UP
2026-10-02 23:55:22.167756,SW2,Gi0/2,32.63,55.62,43.85,15.5,0.29,2.13,3,0,UP
2026-10-02 23:55:22.167756,SW2,Gi0/10,34.26,46.84,48.33,11.31,0.25,2.51,2,0,UP
2026-10-02 23:55:22.167756,SW2,Gi0/11,37.84,45.52,51.68,13.51,0.42,2.09,2,0,UP
2026-10-02 23:56:22.167756,R1,Gi0/1,42.34,48.56,37.92,12.18,0.25,2.26,3,0,UP
2026-10-02 23:56:22.167756,R1,Gi0/2,45.32,52.6,47.16,9.47,0.22,1.91,0,0,UP
2026-10-02 23:56:22.167756,SW1,Gi0/1,42.5,52.59,48.4,13.11,0.21,1.88,6,0,UP
2026-10-02 23:56:22.167756,SW1,Gi0/10,40.74,37.29,25.58,14.41,0.02,1.73,0,0,UP
2026-10-02 23:56:22.167756,SW1,Gi0/11,38.49,51.93,39.68,10.37,0.27,3.32,4,0,UP
2026-10-02 23:56:22.167756,SW2,Gi0/2,35.43,54.36,58.95,14.13,0.05,2.26,2,0,UP
2026-10-02 23:56:22.167756,SW2,Gi0/10,40.26,48.13,50.94,11.29,0.34,2.0,2,0,UP
2026-10-02 23:56:22.167756,SW2,Gi0/11,42.86,51.79,49.8,11.73,0.33,2.5,2,0,UP
2026-10-02 23:57:22.167756,R1,Gi0/1,44.11,48.68,49.56,13.65,0.22,1.59,0,0,UP
2026-10-02 23:57:22.167756,R1,Gi0/2,41.47,46.38,53.43,8.98,0.33,2.03,1,0,UP
2026-10-02 23:57:22.167756,SW1,Gi0/1,37.74,48.98,48.86,9.55,0.1,1.84,2,0,UP
2026-10-02 23:57:22.167756,SW1,Gi0/10,43.58,51.35,41.88,12.47,0.22,1.87,3,0,UP
2026-10-02 23:57:22.167756,SW1,Gi0/11,29.24,54.67,49.38,15.0,0.12,2.29,0,0,UP
2026-10-02 23:57:22.167756,SW2,Gi0/2,31.17,48.82,40.37,14.09,0.32,2.64,4,0,UP
2026-10-02 23:57:22.167756,SW2,Gi0/10,43.21,43.59,56.2,14.5,0.06,2.23,1,0,UP
2026-10-02 23:57:22.167756,SW2,Gi0/11,49.25,45.12,45.74,12.37,0.19,3.07,6,0,UP
2026-10-02 23:58:22.167756,R1,Gi0/1,31.81,52.44,44.91,13.67,0.22,1.59,0,0,UP
2026-10-02 23:58:22.167756,R1,Gi0/2,37.99,49.4,46.55,10.86,0.37,2.27,4,0,UP
2026-10-02 23:58:22.167756,SW1,Gi0/1,39.31,44.81,52.07,10.01,0.0,2.28,1,0,UP
2026-10-02 23:58:22.167756,SW1,Gi0/10,38.33,53.47,37.56,8.8,0.32,1.97,5,0,UP
2026-10-02 23:58:22.167756,SW1,Gi0/11,43.13,53.28,46.31,12.33,0.31,2.41,1,0,UP
2026-10-02 23:58:22.167756,SW2,Gi0/2,42.47,46.9,42.5,13.14,0.14,2.07,3,0,UP
2026-10-02 23:58:22.167756,SW2,Gi0/10,38.3,53.6,41.48,13.89,0.21,2.09,1,0,UP
2026-10-02 23:58:22.167756,SW2,Gi0/11,38.83,50.97,53.2,11.36,0.3,1.62,3,0,UP
2026-10-02 23:59:22.167756,R1,Gi0/1,37.47,57.72,55.91,12.57,0.15,1.24,3,0,UP
2026-10-02 23:59:22.167756,R1,Gi0/2,41.04,54.29,33.27,12.28,0.24,1.55,3,0,UP
2026-10-02 23:59:22.167756,SW1,Gi0/1,36.37,45.87,40.76,11.47,0.32,1.84,1,0,UP
2026-10-02 23:59:22.167756,SW1,Gi0/10,44.06,55.14,51.56,14.74,0.22,2.08,1,0,UP
2026-10-02 23:59:22.167756,SW1,Gi0/11,47.0,49.54,42.57,11.21,0.26,2.04,3,0,UP
2026-10-02 23:59:22.167756,SW2,Gi0/2,38.38,49.01,43.82,14.84,0.02,2.22,5,0,UP
2026-10-02 23:59:22.167756,SW2,Gi0/10,30.81,49.64,52.86,10.49,0.23,1.53,3,0,UP
2026-10-02 23:59:22.167756,SW2,Gi0/11,46.39,58.48,47.04,9.44,0.17,1.09,2,0,UP
2026-10-03 00:00:22.167756,R1,Gi0/1,44.82,43.19,43.34,10.37,0.38,2.2,4,0,UP
2026-10-03 00:00:22.167756,R1,Gi0/2,41.46,53.8,53.65,12.08,0.15,1.53,6,0,UP
2026-10-03 00:00:22.167756,SW1,Gi0/1,44.1,38.88,43.04,12.83,0.37,1.45,3,0,UP
2026-10-03 00:00:22.167756,SW1,Gi0/10,38.0,44.02,55.76,10.07,0.3,1.2,2,0,UP
2026-10-03 00:00:22.167756,SW1,Gi0/11,42.86,53.58,48.5,13.97,0.17,2.7,3,0,UP
2026-10-03 00:00:22.167756,SW2,Gi0/2,43.67,51.82,48.93,10.0,0.11,1.73,4,0,UP
2026-10-03 00:00:22.167756,SW2,Gi0/10,37.06,48.52,44.42,14.84,0.26,1.27,3,0,UP
2026-10-03 00:00:22.167756,SW2,Gi0/11,38.48,48.86,45.01,14.25,0.12,2.1,3,0,UP
2026-10-03 00:01:22.167756,R1,Gi0/1,38.89,46.81,38.96,11.16,0.27,1.82,2,0,UP
2026-10-03 00:01:22.167756,R1,Gi0/2,34.22,47.63,46.83,8.67,0.3,1.7,6,0,UP
2026-10-03 00:01:22.167756,SW1,Gi0/1,42.1,40.83,47.22,11.36,0.23,2.81,4,0,UP
2026-10-03 00:01:22.167756,SW1,Gi0/10,38.87,43.02,51.98,13.02,0.32,1.93,3,0,UP
2026-10-03 00:01:22.167756,SW1,Gi0/11,38.77,50.43,32.88,12.64,0.24,1.75,4,0,UP
2026-10-03 00:01:22.167756,SW2,Gi0/2,44.36,57.0,36.84,13.34,0.33,1.82,5,0,UP
2026-10-03 00:01:22.167756,SW2,Gi0/10,36.37,50.35,31.18,8.27,0.04,2.71,1,0,UP
2026-10-03 00:01:22.167756,SW2,Gi0/11,36.13,52.04,39.05,14.41,0.39,0.89,4,0,UP
2026-10-03 00:02:22.167756,R1,Gi0/1,29.7,43.2,48.82,10.11,0.23,2.02,0,0,UP
2026-10-03 00:02:22.167756,R1,Gi0/2,43.29,51.49,45.31,10.7,0.24,1.35,0,0,UP
2026-10-03 00:02:22.167756,SW1,Gi0/1,41.6,55.15,41.18,12.91,0.22,2.21,1,0,UP
2026-10-03 00:02:22.167756,SW1,Gi0/10,39.25,49.81,56.99,9.79,0.06,3.5,3,0,UP
2026-10-03 00:02:22.167756,SW1,Gi0/11,42.74,53.21,51.18,13.8,0.28,2.56,3,0,UP
2026-10-03 00:02:22.167756,SW2,Gi0/2,45.36,59.46,46.57,12.96,0.14,1.92,3,0,UP
2026-10-03 00:02:22.167756,SW2,Gi0/10,38.05,50.46,47.73,15.04,0.11,2.21,1,0,UP
2026-10-03 00:02:22.167756,SW2,Gi0/11,43.83,54.23,58.42,11.15,0.21,2.4,4,0,UP
2026-10-03 00:03:22.167756,R1,Gi0/1,27.56,46.56,49.56,11.58,0.28,2.52,2,0,UP
2026-10-03 00:03:22.167756,R1,Gi0/2,43.0,57.28,53.15,10.46,0.18,2.01,1,0,UP
2026-10-03 00:03:22.167756,SW1,Gi0/1,45.35,46.78,44.19,14.14,0.15,1.83,3,0,UP
2026-10-03 00:03:22.167756,SW1,Gi0/10,37.96,57.66,37.68,7.41,0.28,1.82,1,0,UP
2026-10-03 00:03:22.167756,SW1,Gi0/11,41.92,52.1,38.9,14.37,0.29,2.99,2,0,UP
2026-10-03 00:03:22.167756,SW2,Gi0/2,40.78,51.17,42.38,12.81,0.25,2.24,2,0,UP
2026-10-03 00:03:22.167756,SW2,Gi0/10,38.95,47.16,38.99,11.87,0.35,3.02,5,0,UP
2026-10-03 00:03:22.167756,SW2,Gi0/11,37.68,52.04,28.62,11.69,0.16,2.94,3,0,UP
2026-10-03 00:04:22.167756,R1,Gi0/1,40.25,49.66,42.67,13.06,0.13,2.27,5,0,UP
2026-10-03 00:04:22.167756,R1,Gi0/2,40.56,48.43,44.4,14.4,0.21,1.7,4,0,UP
2026-10-03 00:04:22.167756,SW1,Gi0/1,36.45,48.83,46.83,10.39,0.02,2.22,0,0,UP
2026-10-03 00:04:22.167756,SW1,Gi0/10,35.37,53.89,48.35,11.68,0.11,1.78,4,0,UP
2026-10-03 00:04:22.167756,SW1,Gi0/11,39.34,43.82,37.96,11.13,0.24,2.05,0,0,UP
2026-10-03 00:04:22.167756,SW2,Gi0/2,46.74,46.29,48.53,10.11,0.45,2.66,1,0,UP
2026-10-03 00:04:22.167756,SW2,Gi0/10,40.44,44.85,42.15,12.85,0.28,1.38,1,0,UP
2026-10-03 00:04:22.167756,SW2,Gi0/11,44.71,56.62,38.81,13.91,0.08,1.85,0,0,UP
2026-10-03 00:05:22.167756,R1,Gi0/1,37.97,59.55,44.56,11.44,0.14,1.85,1,0,UP
2026-10-03 00:05:22.167756,R1,Gi0/2,40.68,49.84,41.34,10.91,0.22,1.64,2,0,UP
2026-10-03 00:05:22.167756,SW1,Gi0/1,37.74,38.97,51.88,8.33,0.02,2.45,0,0,UP
2026-10-03 00:05:22.167756,SW1,Gi0/10,29.62,56.69,39.9,14.43,0.11,1.18,2,0,UP
2026-10-03 00:05:22.167756,SW1,Gi0/11,33.96,52.02,50.41,13.86,0.17,2.69,1,0,UP
2026-10-03 00:05:22.167756,SW2,Gi0/2,40.67,49.31,60.78,14.42,0.2,2.1,6,0,UP
2026-10-03 00:05:22.167756,SW2,Gi0/10,36.24,39.83,37.26,11.17,0.34,2.52,2,0,UP
2026-10-03 00:05:22.167756,SW2,Gi0/11,42.33,46.46,61.71,14.43,0.21,1.96,4,0,UP
2026-10-03 00:06:22.167756,R1,Gi0/1,39.71,40.89,57.27,14.34,0.24,1.79,3,0,UP
2026-10-03 00:06:22.167756,R1,Gi0/2,26.78,44.46,59.14,13.03,0.01,1.59,0,0,UP
2026-10-03 00:06:22.167756,SW1,Gi0/1,36.1,49.17,57.81,13.57,0.17,1.87,1,0,UP
2026-10-03 00:06:22.167756,SW1,Gi0/10,45.45,56.05,34.29,8.56,0.17,1.9,3,0,UP
2026-10-03 00:06:22.167756,SW1,Gi0/11,31.63,46.42,44.34,10.44,0.29,2.93,1,0,UP
2026-10-03 00:06:22.167756,SW2,Gi0/2,44.45,48.21,37.56,10.58,0.28,1.68,2,0,UP
2026-10-03 00:06:22.167756,SW2,Gi0/10,34.28,53.17,48.67,14.91,0.26,2.21,4,0,UP
2026-10-03 00:06:22.167756,SW2,Gi0/11,38.72,50.55,52.45,10.36,0.37,2.32,7,0,UP
2026-10-03 00:07:22.167756,R1,Gi0/1,34.12,44.12,47.98,12.25,0.15,1.37,2,0,UP
2026-10-03 00:07:22.167756,R1,Gi0/2,41.09,43.46,41.72,12.76,0.28,1.86,1,0,UP
2026-10-03 00:07:22.167756,SW1,Gi0/1,40.58,48.97,33.28,11.1,0.14,2.01,1,0,UP
2026-10-03 00:07:22.167756,SW1,Gi0/10,37.26,49.09,50.11,12.19,0.47,1.37,4,0,UP
2026-10-03 00:07:22.167756,SW1,Gi0/11,39.61,43.03,41.97,8.97,0.21,1.85,1,0,UP
2026-10-03 00:07:22.167756,SW2,Gi0/2,34.7,55.08,43.72,12.42,0.22,2.05,2,0,UP
2026-10-03 00:07:22.167756,SW2,Gi0/10,47.59,61.18,56.58,12.04,0.2,2.55,1,0,UP
2026-10-03 00:07:22.167756,SW2,Gi0/11,48.55,53.96,42.76,12.56,0.26,1.79,5,0,UP
2026-10-03 00:08:22.167756,R1,Gi0/1,46.36,48.69,41.19,11.79,0.08,1.17,2,0,UP
2026-10-03 00:08:22.167756,R1,Gi0/2,35.2,58.85,41.35,12.91,0.14,2.89,2,0,UP
2026-10-03 00:08:22.167756,SW1,Gi0/1,33.78,53.35,47.08,14.41,0.18,2.05,0,0,UP
2026-10-03 00:08:22.167756,SW1,Gi0/10,44.18,50.31,44.01,11.54,0.17,2.42,1,0,UP
2026-10-03 00:08:22.167756,SW1,Gi0/11,43.72,41.97,29.67,14.82,0.1,2.05,2,0,UP
2026-10-03 00:08:22.167756,SW2,Gi0/2,41.72,50.26,53.34,9.14,0.27,1.97,0,0,UP
2026-10-03 00:08:22.167756,SW2,Gi0/10,37.35,41.98,31.61,11.13,0.32,2.16,5,0,UP
2026-10-03 00:08:22.167756,SW2,Gi0/11,40.38,57.75,56.57,10.1,0.21,1.64,2,0,UP
2026-10-03 00:09:22.167756,R1,Gi0/1,48.29,46.79,35.51,9.76,0.16,3.87,5,0,UP
2026-10-03 00:09:22.167756,R1,Gi0/2,25.64,49.82,39.97,13.97,0.08,1.48,1,0,UP
2026-10-03 00:09:22.167756,SW1,Gi0/1,36.54,53.26,42.32,14.01,0.12,2.43,0,0,UP
2026-10-03 00:09:22.167756,SW1,Gi0/10,43.07,47.5,52.13,7.12,0.12,2.58,2,0,UP
2026-10-03 00:09:22.167756,SW1,Gi0/11,31.49,46.47,48.07,10.38,0.32,2.54,4,0,UP
2026-10-03 00:09:22.167756,SW2,Gi0/2,45.15,47.42,56.9,14.15,0.19,1.19,0,0,UP
2026-10-03 00:09:22.167756,SW2,Gi0/10,44.95,41.94,37.63,12.95,0.07,3.22,3,0,UP
2026-10-03 00:09:22.167756,SW2,Gi0/11,47.39,55.21,24.7,13.49,0.2,1.97,2,0,UP
2026-10-03 00:10:22.167756,R1,Gi0/1,45.27,58.23,35.46,12.15,0.34,1.9,3,0,UP
2026-10-03 00:10:22.167756,R1,Gi0/2,41.09,60.57,50.99,16.14,0.37,1.89,3,0,UP
2026-10-03 00:10:22.167756,SW1,Gi0/1,50.26,44.29,51.09,13.54,0.17,1.81,2,0,UP
2026-10-03 00:10:22.167756,SW1,Gi0/10,43.51,57.36,50.91,9.48,0.35,2.6,2,0,UP
2026-10-03 00:10:22.167756,SW1,Gi0/11,36.73,45.46,53.59,8.24,0.31,1.77,3,0,UP
2026-10-03 00:10:22.167756,SW2,Gi0/2,22.89,41.13,39.57,10.18,0.28,2.15,6,0,UP
2026-10-03 00:10:22.167756,SW2,Gi0/10,42.57,46.75,54.79,11.07,0.15,2.0,6,0,UP
2026-10-03 00:10:22.167756,SW2,Gi0/11,45.26,55.1,60.68,13.99,0.08,2.27,6,0,UP
2026-10-03 00:11:22.167756,R1,Gi0/1,32.41,49.92,36.46,12.26,0.31,2.67,2,0,UP
2026-10-03 00:11:22.167756,R1,Gi0/2,43.31,42.48,31.01,14.24,0.0,1.66,4,0,UP
2026-10-03 00:11:22.167756,SW1,Gi0/1,41.1,35.82,49.21,10.28,0.21,1.69,1,0,UP
2026-10-03 00:11:22.167756,SW1,Gi0/10,31.0,48.2,54.89,11.15,0.16,1.65,0,0,UP
2026-10-03 00:11:22.167756,SW1,Gi0/11,35.01,51.11,64.67,13.95,0.26,3.0,3,0,UP
2026-10-03 00:11:22.167756,SW2,Gi0/2,45.37,51.07,48.62,9.18,0.17,1.72,1,0,UP
2026-10-03 00:11:22.167756,SW2,Gi0/10,36.63,57.16,42.05,11.71,0.43,2.39,3,0,UP
2026-10-03 00:11:22.167756,SW2,Gi0/11,45.29,46.65,41.6,11.28,0.22,2.23,1,0,UP
2026-10-03 00:12:22.167756,R1,Gi0/1,42.03,53.02,41.26,11.67,0.09,1.25,0,0,UP
2026-10-03 00:12:22.167756,R1,Gi0/2,43.6,52.62,60.42,12.08,0.21,2.17,0,0,UP
2026-10-03 00:12:22.167756,SW1,Gi0/1,44.52,51.91,37.42,12.74,0.28,1.33,5,0,UP
2026-10-03 00:12:22.167756,SW1,Gi0/10,37.75,34.65,52.78,14.69,0.09,1.16,5,0,UP
2026-10-03 00:12:22.167756,SW1,Gi0/11,36.91,56.72,30.66,14.81,0.31,2.27,0,0,UP
2026-10-03 00:12:22.167756,SW2,Gi0/2,38.19,55.04,31.5,10.96,0.24,1.42,5,0,UP
2026-10-03 00:12:22.167756,SW2,Gi0/10,45.51,51.21,48.47,10.92,0.26,1.7,2,0,UP
2026-10-03 00:12:22.167756,SW2,Gi0/11,37.54,57.18,54.66,9.99,0.33,1.6,6,0,UP
2026-10-03 00:13:22.167756,R1,Gi0/1,47.85,60.96,47.34,11.44,0.17,2.19,0,0,UP
2026-10-03 00:13:22.167756,R1,Gi0/2,27.95,48.0,45.33,13.11,0.24,2.07,5,0,UP
2026-10-03 00:13:22.167756,SW1,Gi0/1,35.64,46.64,61.87,5.63,0.31,2.28,2,0,UP
2026-10-03 00:13:22.167756,SW1,Gi0/10,44.48,53.59,33.33,10.05,0.15,0.94,2,0,UP
2026-10-03 00:13:22.167756,SW1,Gi0/11,43.19,55.83,45.62,10.5,0.22,1.96,4,0,UP
2026-10-03 00:13:22.167756,SW2,Gi0/2,39.77,54.45,42.91,14.58,0.22,1.7,2,0,UP
2026-10-03 00:13:22.167756,SW2,Gi0/10,43.64,43.65,43.96,14.14,0.25,1.42,3,0,UP
2026-10-03 00:13:22.167756,SW2,Gi0/11,33.29,50.93,56.04,12.15,0.09,1.9,3,0,UP
2026-10-03 00:14:22.167756,R1,Gi0/1,45.46,55.42,36.29,11.35,0.24,1.7,3,0,UP
2026-10-03 00:14:22.167756,R1,Gi0/2,33.26,51.31,53.22,12.11,0.22,2.42,2,0,UP
2026-10-03 00:14:22.167756,SW1,Gi0/1,43.11,49.85,37.74,13.8,0.34,2.58,4,0,UP
2026-10-03 00:14:22.167756,SW1,Gi0/10,42.55,51.81,44.25,10.67,0.0,1.22,3,0,UP
2026-10-03 00:14:22.167756,SW1,Gi0/11,33.62,52.07,58.98,5.55,0.1,3.09,4,0,UP
2026-10-03 00:14:22.167756,SW2,Gi0/2,39.44,47.34,49.69,13.96,0.07,2.75,3,0,UP
2026-10-03 00:14:22.167756,SW2,Gi0/10,44.69,55.12,47.5,12.89,0.25,1.82,4,0,UP
2026-10-03 00:14:22.167756,SW2,Gi0/11,38.7,50.0,57.51,11.93,0.24,1.91,2,0,UP
2026-10-03 00:15:22.167756,R1,Gi0/1,49.64,42.68,45.42,9.6,0.33,1.97,2,0,UP
2026-10-03 00:15:22.167756,R1,Gi0/2,30.82,57.88,34.38,12.97,0.29,3.09,1,0,UP
2026-10-03 00:15:22.167756,SW1,Gi0/1,35.72,47.86,40.29,8.23,0.36,1.79,2,0,UP
2026-10-03 00:15:22.167756,SW1,Gi0/10,43.14,56.93,35.72,12.72,0.08,2.17,3,0,UP
2026-10-03 00:15:22.167756,SW1,Gi0/11,37.63,51.17,47.01,11.84,0.18,1.32,0,0,UP
2026-10-03 00:15:22.167756,SW2,Gi0/2,36.93,44.96,40.41,11.85,0.21,2.28,3,0,UP
2026-10-03 00:15:22.167756,SW2,Gi0/10,40.6,52.68,37.66,10.33,0.16,1.65,0,0,UP
2026-10-03 00:15:22.167756,SW2,Gi0/11,42.88,45.01,59.49,12.33,0.05,2.33,3,0,UP
2026-10-03 00:16:22.167756,R1,Gi0/1,41.45,47.51,37.55,9.08,0.07,1.32,2,0,UP
2026-10-03 00:16:22.167756,R1,Gi0/2,39.74,42.26,52.22,12.28,0.44,1.8,7,0,UP
2026-10-03 00:16:22.167756,SW1,Gi0/1,43.73,40.2,35.47,12.64,0.03,1.55,0,0,UP
2026-10-03 00:16:22.167756,SW1,Gi0/10,50.69,55.49,42.29,15.02,0.33,2.66,1,0,UP
2026-10-03 00:16:22.167756,SW1,Gi0/11,38.46,44.52,44.09,10.37,0.09,2.57,4,0,UP
2026-10-03 00:16:22.167756,SW2,Gi0/2,35.59,54.73,47.47,11.37,0.36,2.15,6,0,UP
2026-10-03 00:16:22.167756,SW2,Gi0/10,42.83,53.26,36.39,10.89,0.35,2.58,2,0,UP
2026-10-03 00:16:22.167756,SW2,Gi0/11,33.24,58.3,53.53,9.71,0.09,2.92,1,0,UP
2026-10-03 00:17:22.167756,R1,Gi0/1,37.55,46.6,47.84,9.2,0.22,1.3,0,0,UP
2026-10-03 00:17:22.167756,R1,Gi0/2,33.17,43.36,50.78,13.45,0.18,1.68,5,0,UP
2026-10-03 00:17:22.167756,SW1,Gi0/1,43.47,44.11,47.8,12.6,0.27,3.37,1,0,UP
2026-10-03 00:17:22.167756,SW1,Gi0/10,42.77,57.48,58.75,12.36,0.07,1.1,4,0,UP
2026-10-03 00:17:22.167756,SW1,Gi0/11,41.71,50.64,47.26,13.96,0.25,2.19,1,0,UP
2026-10-03 00:17:22.167756,SW2,Gi0/2,45.2,47.11,52.74,11.21,0.26,2.88,4,0,UP
2026-10-03 00:17:22.167756,SW2,Gi0/10,47.08,48.14,45.77,11.29,0.03,2.53,4,0,UP
2026-10-03 00:17:22.167756,SW2,Gi0/11,42.49,56.16,35.92,9.25,0.32,1.96,3,0,UP
2026-10-03 00:18:22.167756,R1,Gi0/1,32.66,57.36,50.37,10.85,0.41,1.32,2,0,UP
2026-10-03 00:18:22.167756,R1,Gi0/2,44.93,55.77,33.05,11.43,0.27,2.74,5,0,UP
2026-10-03 00:18:22.167756,SW1,Gi0/1,43.5,50.45,43.56,13.0,0.34,1.89,2,0,UP
2026-10-03 00:18:22.167756,SW1,Gi0/10,45.73,55.31,41.0,9.36,0.03,2.07,0,0,UP
2026-10-03 00:18:22.167756,SW1,Gi0/11,44.48,41.42,57.91,11.33,0.12,1.73,1,0,UP
2026-10-03 00:18:22.167756,SW2,Gi0/2,47.57,53.36,45.77,9.59,0.19,1.61,0,0,UP
2026-10-03 00:18:22.167756,SW2,Gi0/10,36.53,53.03,41.59,11.71,0.3,2.43,6,0,UP
2026-10-03 00:18:22.167756,SW2,Gi0/11,29.03,45.79,52.27,12.86,0.21,1.7,3,0,UP
2026-10-03 00:19:22.167756,R1,Gi0/1,40.84,40.74,46.71,10.97,0.28,2.17,6,0,UP
2026-10-03 00:19:22.167756,R1,Gi0/2,40.0,44.54,25.09,10.12,0.24,2.32,1,0,UP
2026-10-03 00:19:22.167756,SW1,Gi0/1,37.85,50.35,48.04,14.04,0.14,1.63,7,0,UP
2026-10-03 00:19:22.167756,SW1,Gi0/10,48.92,47.35,54.14,16.41,0.33,1.62,3,0,UP
2026-10-03 00:19:22.167756,SW1,Gi0/11,31.24,45.18,44.88,12.44,0.13,0.62,3,0,UP
2026-10-03 00:19:22.167756,SW2,Gi0/2,43.64,53.83,43.35,11.73,0.22,2.2,2,0,UP
2026-10-03 00:19:22.167756,SW2,Gi0/10,28.39,56.99,41.29,9.55,0.16,2.06,1,0,UP
2026-10-03 00:19:22.167756,SW2,Gi0/11,37.3,48.38,47.89,10.4,0.23,1.31,7,0,UP
2026-10-03 00:20:22.167756,R1,Gi0/1,45.36,48.63,47.68,9.66,0.26,2.42,3,0,UP
2026-10-03 00:20:22.167756,R1,Gi0/2,44.51,49.96,44.19,10.68,0.26,1.58,3,0,UP
2026-10-03 00:20:22.167756,SW1,Gi0/1,41.52,56.72,49.67,8.49,0.13,1.66,1,0,UP
2026-10-03 00:20:22.167756,SW1,Gi0/10,44.83,38.98,56.4,14.0,0.22,2.17,3,0,UP
2026-10-03 00:20:22.167756,SW1,Gi0/11,40.79,55.63,43.21,13.2,0.11,2.27,2,0,UP
2026-10-03 00:20:22.167756,SW2,Gi0/2,42.14,45.68,48.59,11.91,0.36,2.13,3,0,UP
2026-10-03 00:20:22.167756,SW2,Gi0/10,37.79,51.56,48.79,11.29,0.16,1.6,2,0,UP
2026-10-03 00:20:22.167756,SW2,Gi0/11,36.73,51.46,38.68,11.76,0.11,2.57,3,0,UP
2026-10-03 00:21:22.167756,R1,Gi0/1,40.08,52.98,59.2,12.16,0.05,2.59,0,0,UP
2026-10-03 00:21:22.167756,R1,Gi0/2,37.52,55.96,42.32,10.86,0.23,2.0,1,0,UP
2026-10-03 00:21:22.167756,SW1,Gi0/1,44.39,56.14,56.1,13.1,0.13,1.37,0,0,UP
2026-10-03 00:21:22.167756,SW1,Gi0/10,45.17,50.97,41.65,8.13,0.08,1.12,5,0,UP
2026-10-03 00:21:22.167756,SW1,Gi0/11,43.18,43.47,58.08,10.56,0.23,2.18,2,0,UP
2026-10-03 00:21:22.167756,SW2,Gi0/2,38.48,50.17,42.76,12.5,0.23,1.74,5,0,UP
2026-10-03 00:21:22.167756,SW2,Gi0/10,35.81,51.95,42.28,10.26,0.17,1.67,4,0,UP
2026-10-03 00:21:22.167756,SW2,Gi0/11,39.53,56.85,37.39,7.61,0.24,2.86,3,0,UP
2026-10-03 00:22:22.167756,R1,Gi0/1,35.29,44.89,61.21,11.24,0.1,2.6,2,0,UP
2026-10-03 00:22:22.167756,R1,Gi0/2,29.86,60.41,49.68,8.98,0.34,1.48,0,0,UP
2026-10-03 00:22:22.167756,SW1,Gi0/1,35.54,59.7,61.36,10.9,0.37,0.86,4,0,UP
2026-10-03 00:22:22.167756,SW1,Gi0/10,46.82,57.53,45.62,13.13,0.13,2.01,2,0,UP
2026-10-03 00:22:22.167756,SW1,Gi0/11,38.89,55.67,46.72,15.39,0.22,3.1,5,0,UP
2026-10-03 00:22:22.167756,SW2,Gi0/2,39.57,50.87,38.28,12.32,0.1,2.67,2,0,UP
2026-10-03 00:22:22.167756,SW2,Gi0/10,41.78,38.59,42.86,11.26,0.29,2.26,5,0,UP
2026-10-03 00:22:22.167756,SW2,Gi0/11,42.21,56.15,48.35,9.25,0.19,1.98,0,0,UP
2026-10-03 00:23:22.167756,R1,Gi0/1,34.92,60.21,42.8,11.79,0.0,1.33,3,0,UP
2026-10-03 00:23:22.167756,R1,Gi0/2,37.68,44.46,55.38,10.6,0.07,2.02,1,0,UP
2026-10-03 00:23:22.167756,SW1,Gi0/1,35.92,49.69,39.85,8.67,0.26,2.43,2,0,UP
2026-10-03 00:23:22.167756,SW1,Gi0/10,43.1,48.16,29.72,13.79,0.19,2.08,2,0,UP
2026-10-03 00:23:22.167756,SW1,Gi0/11,39.09,50.71,46.29,14.53,0.24,2.59,6,0,UP
2026-10-03 00:23:22.167756,SW2,Gi0/2,31.94,56.38,50.22,12.98,0.3,1.87,4,0,UP
2026-10-03 00:23:22.167756,SW2,Gi0/10,34.71,42.94,49.25,11.86,0.2,1.6,3,0,UP
2026-10-03 00:23:22.167756,SW2,Gi0/11,37.87,49.77,41.11,10.4,0.18,2.59,2,0,UP
2026-10-03 00:24:22.167756,R1,Gi0/1,39.37,48.67,39.9,14.46,0.06,1.96,1,0,UP
2026-10-03 00:24:22.167756,R1,Gi0/2,42.84,50.67,54.46,13.47,0.21,2.37,4,0,UP
2026-10-03 00:24:22.167756,SW1,Gi0/1,35.44,53.87,47.38,12.98,0.16,1.57,0,0,UP
2026-10-03 00:24:22.167756,SW1,Gi0/10,22.96,46.45,64.51,13.64,0.23,2.48,2,0,UP
2026-10-03 00:24:22.167756,SW1,Gi0/11,38.04,48.55,39.11,10.69,0.2,2.03,5,0,UP
2026-10-03 00:24:22.167756,SW2,Gi0/2,45.12,42.57,42.64,9.79,0.0,2.04,4,0,UP
2026-10-03 00:24:22.167756,SW2,Gi0/10,40.36,52.18,42.32,9.94,0.16,2.68,3,0,UP
2026-10-03 00:24:22.167756,SW2,Gi0/11,32.4,50.65,55.19,13.52,0.33,1.26,3,0,UP
2026-10-03 00:25:22.167756,R1,Gi0/1,38.26,52.97,38.21,10.27,0.2,1.54,3,0,UP
2026-10-03 00:25:22.167756,R1,Gi0/2,29.8,55.88,22.72,13.81,0.14,1.28,3,0,UP
2026-10-03 00:25:22.167756,SW1,Gi0/1,44.43,55.79,54.01,10.28,0.22,1.11,3,0,UP
2026-10-03 00:25:22.167756,SW1,Gi0/10,41.69,48.12,30.31,10.81,0.39,2.2,2,0,UP
2026-10-03 00:25:22.167756,SW1,Gi0/11,39.2,51.92,32.61,9.01,0.13,1.74,6,0,UP
2026-10-03 00:25:22.167756,SW2,Gi0/2,40.35,47.42,45.45,7.95,0.11,1.63,0,0,UP
2026-10-03 00:25:22.167756,SW2,Gi0/10,46.17,53.3,35.32,9.47,0.07,1.91,3,0,UP
2026-10-03 00:25:22.167756,SW2,Gi0/11,42.08,44.93,43.57,11.89,0.32,2.39,0,0,UP
2026-10-03 00:26:22.167756,R1,Gi0/1,30.58,49.44,39.9,10.08,0.12,2.29,0,0,UP
2026-10-03 00:26:22.167756,R1,Gi0/2,49.24,46.41,50.06,10.66,0.05,1.93,0,0,UP
2026-10-03 00:26:22.167756,SW1,Gi0/1,40.74,49.87,39.44,12.3,0.3,1.95,1,0,UP
2026-10-03 00:26:22.167756,SW1,Gi0/10,42.0,52.21,42.72,14.75,0.17,2.74,1,0,UP
2026-10-03 00:26:22.167756,SW1,Gi0/11,44.25,48.9,47.15,7.95,0.42,2.16,5,0,UP
2026-10-03 00:26:22.167756,SW2,Gi0/2,33.11,50.86,43.56,9.88,0.33,2.07,2,0,UP
2026-10-03 00:26:22.167756,SW2,Gi0/10,43.12,45.73,46.29,12.18,0.21,2.51,2,0,UP
2026-10-03 00:26:22.167756,SW2,Gi0/11,37.35,46.93,39.75,14.2,0.19,2.51,3,0,UP
2026-10-03 00:27:22.167756,R1,Gi0/1,35.63,42.47,33.38,10.22,0.3,2.65,3,0,UP
2026-10-03 00:27:22.167756,R1,Gi0/2,44.63,47.23,39.98,13.54,0.22,2.37,3,0,UP
2026-10-03 00:27:22.167756,SW1,Gi0/1,38.12,48.92,47.46,12.48,0.11,1.94,0,0,UP
2026-10-03 00:27:22.167756,SW1,Gi0/10,38.25,45.4,20.63,16.42,0.12,1.53,6,0,UP
2026-10-03 00:27:22.167756,SW1,Gi0/11,34.14,42.74,43.36,11.01,0.14,1.54,2,0,UP
2026-10-03 00:27:22.167756,SW2,Gi0/2,48.18,41.95,51.72,15.07,0.14,2.19,2,0,UP
2026-10-03 00:27:22.167756,SW2,Gi0/10,31.4,56.09,45.28,10.96,0.05,2.26,3,0,UP
2026-10-03 00:27:22.167756,SW2,Gi0/11,43.03,52.78,38.49,5.16,0.19,1.91,3,0,UP
2026-10-03 00:28:22.167756,R1,Gi0/1,47.59,49.76,50.54,12.75,0.06,1.35,5,0,UP
2026-10-03 00:28:22.167756,R1,Gi0/2,35.6,51.85,36.81,13.49,0.22,1.85,4,0,UP
2026-10-03 00:28:22.167756,SW1,Gi0/1,41.3,46.39,45.1,13.34,0.31,1.94,6,0,UP
2026-10-03 00:28:22.167756,SW1,Gi0/10,36.28,42.22,33.71,11.98,0.2,2.06,1,0,UP
2026-10-03 00:28:22.167756,SW1,Gi0/11,51.13,57.55,35.85,11.8,0.2,2.34,0,0,UP
2026-10-03 00:28:22.167756,SW2,Gi0/2,31.43,43.91,57.03,10.69,0.28,2.29,2,0,UP
2026-10-03 00:28:22.167756,SW2,Gi0/10,44.14,43.86,41.23,7.57,0.21,1.6,7,0,UP
2026-10-03 00:28:22.167756,SW2,Gi0/11,40.29,54.1,50.22,11.84,0.3,2.02,3,0,UP
2026-10-03 00:29:22.167756,R1,Gi0/1,51.79,50.96,40.78,10.58,0.19,2.06,3,0,UP
2026-10-03 00:29:22.167756,R1,Gi0/2,32.09,38.68,37.25,12.12,0.21,2.23,3,0,UP
2026-10-03 00:29:22.167756,SW1,Gi0/1,37.5,44.9,49.17,12.45,0.09,2.31,4,0,UP
2026-10-03 00:29:22.167756,SW1,Gi0/10,43.95,54.82,39.0,13.7,0.18,3.02,4,0,UP
2026-10-03 00:29:22.167756,SW1,Gi0/11,42.15,58.58,40.95,13.1,0.42,2.41,3,0,UP
2026-10-03 00:29:22.167756,SW2,Gi0/2,38.65,45.16,42.68,10.36,0.18,1.94,4,0,UP
2026-10-03 00:29:22.167756,SW2,Gi0/10,37.96,47.02,52.1,13.39,0.18,2.3,2,0,UP
2026-10-03 00:29:22.167756,SW2,Gi0/11,38.93,57.77,43.9,11.19,0.2,1.02,2,0,UP
2026-10-03 00:30:22.167756,R1,Gi0/1,41.27,59.91,45.74,12.88,0.23,3.13,5,0,UP
2026-10-03 00:30:22.167756,R1,Gi0/2,32.75,56.15,37.44,10.69,0.07,2.91,5,0,UP
2026-10-03 00:30:22.167756,SW1,Gi0/1,46.15,55.18,50.53,11.36,0.22,1.74,1,0,UP
2026-10-03 00:30:22.167756,SW1,Gi0/10,36.8,61.77,41.94,14.0,0.41,2.39,1,0,UP
2026-10-03 00:30:22.167756,SW1,Gi0/11,36.32,50.59,63.05,14.85,0.25,1.9,3,0,UP
2026-10-03 00:30:22.167756,SW2,Gi0/2,40.95,50.91,38.0,10.21,0.23,1.42,1,0,UP
2026-10-03 00:30:22.167756,SW2,Gi0/10,40.15,51.65,53.93,9.49,0.07,2.65,6,0,UP
2026-10-03 00:30:22.167756,SW2,Gi0/11,34.78,45.77,49.36,12.1,0.21,1.61,4,0,UP
2026-10-03 00:31:22.167756,R1,Gi0/1,38.81,48.65,35.95,13.58,0.16,1.98,5,0,UP
2026-10-03 00:31:22.167756,R1,Gi0/2,34.77,49.57,32.53,10.95,0.33,1.23,3,0,UP
2026-10-03 00:31:22.167756,SW1,Gi0/1,48.02,52.74,40.33,9.78,0.01,2.78,2,0,UP
2026-10-03 00:31:22.167756,SW1,Gi0/10,30.99,44.89,36.38,11.01,0.44,2.46,3,0,UP
2026-10-03 00:31:22.167756,SW1,Gi0/11,45.99,59.17,49.23,14.88,0.14,1.57,0,0,UP
2026-10-03 00:31:22.167756,SW2,Gi0/2,41.47,36.85,55.6,11.01,0.28,1.3,5,0,UP
2026-10-03 00:31:22.167756,SW2,Gi0/10,46.91,50.51,49.22,9.95,0.2,2.49,2,0,UP
2026-10-03 00:31:22.167756,SW2,Gi0/11,47.63,41.08,42.37,8.16,0.23,1.89,2,0,UP
2026-10-03 00:32:22.167756,R1,Gi0/1,43.7,48.58,67.45,13.62,0.2,1.66,1,0,UP
2026-10-03 00:32:22.167756,R1,Gi0/2,42.19,47.37,52.93,11.84,0.19,2.06,2,0,UP
2026-10-03 00:32:22.167756,SW1,Gi0/1,41.39,60.35,49.33,12.85,0.28,1.95,1,0,UP
2026-10-03 00:32:22.167756,SW1,Gi0/10,24.9,39.75,50.98,12.74,0.19,3.18,2,0,UP
2026-10-03 00:32:22.167756,SW1,Gi0/11,28.19,53.75,54.29,13.44,0.32,1.12,3,0,UP
2026-10-03 00:32:22.167756,SW2,Gi0/2,35.85,52.62,57.16,11.26,0.27,1.56,2,0,UP
2026-10-03 00:32:22.167756,SW2,Gi0/10,37.43,59.01,36.36,12.18,0.34,1.03,3,0,UP
2026-10-03 00:32:22.167756,SW2,Gi0/11,40.56,46.59,54.73,15.43,0.27,1.85,0,0,UP
2026-10-03 00:33:22.167756,R1,Gi0/1,40.9,49.23,44.26,11.01,0.14,2.01,0,0,UP
2026-10-03 00:33:22.167756,R1,Gi0/2,45.18,46.18,45.9,11.35,0.27,2.3,4,0,UP
2026-10-03 00:33:22.167756,SW1,Gi0/1,34.16,49.04,57.82,11.32,0.3,1.99,2,0,UP
2026-10-03 00:33:22.167756,SW1,Gi0/10,40.93,45.84,52.2,10.29,0.26,2.54,3,0,UP
2026-10-03 00:33:22.167756,SW1,Gi0/11,37.15,50.93,39.13,11.58,0.15,1.62,4,0,UP
2026-10-03 00:33:22.167756,SW2,Gi0/2,44.92,55.27,46.94,14.94,0.13,2.64,4,0,UP
2026-10-03 00:33:22.167756,SW2,Gi0/10,40.2,51.12,53.29,13.32,0.23,1.77,1,0,UP
2026-10-03 00:33:22.167756,SW2,Gi0/11,40.54,44.28,50.86,8.45,0.23,1.86,2,0,UP
2026-10-03 00:34:22.167756,R1,Gi0/1,38.62,35.59,41.46,10.26,0.11,3.56,0,0,UP
2026-10-03 00:34:22.167756,R1,Gi0/2,41.98,46.02,37.7,9.31,0.31,2.6,1,0,UP
2026-10-03 00:34:22.167756,SW1,Gi0/1,44.56,44.82,41.79,13.36,0.1,1.63,3,0,UP
2026-10-03 00:34:22.167756,SW1,Gi0/10,40.19,44.61,62.86,10.31,0.3,2.3,1,0,UP
2026-10-03 00:34:22.167756,SW1,Gi0/11,42.32,45.8,45.57,13.65,0.14,2.21,1,0,UP
2026-10-03 00:34:22.167756,SW2,Gi0/2,40.88,50.53,42.07,8.34,0.28,3.0,3,0,UP
2026-10-03 00:34:22.167756,SW2,Gi0/10,36.93,51.04,54.17,14.56,0.29,2.22,4,0,UP
2026-10-03 00:34:22.167756,SW2,Gi0/11,40.59,45.22,41.97,11.35,0.23,1.12,4,0,UP
2026-10-03 00:35:22.167756,R1,Gi0/1,29.94,52.06,54.36,13.79,0.11,2.31,4,0,UP
2026-10-03 00:35:22.167756,R1,Gi0/2,48.53,51.83,53.21,11.13,0.11,2.43,4,0,UP
2026-10-03 00:35:22.167756,SW1,Gi0/1,36.82,43.94,45.99,12.09,0.22,2.44,5,0,UP
2026-10-03 00:35:22.167756,SW1,Gi0/10,40.04,45.02,39.19,10.81,0.19,1.74,2,0,UP
2026-10-03 00:35:22.167756,SW1,Gi0/11,40.37,46.78,47.58,15.66,0.18,1.66,3,0,UP
2026-10-03 00:35:22.167756,SW2,Gi0/2,36.02,49.26,39.57,9.86,0.11,1.67,0,0,UP
2026-10-03 00:35:22.167756,SW2,Gi0/10,46.39,52.16,52.53,9.28,0.17,2.21,6,0,UP
2026-10-03 00:35:22.167756,SW2,Gi0/11,36.24,43.57,46.53,10.65,0.37,2.27,2,0,UP
2026-10-03 00:36:22.167756,R1,Gi0/1,38.59,49.37,30.4,12.08,0.15,2.32,1,0,UP
2026-10-03 00:36:22.167756,R1,Gi0/2,43.41,52.71,46.28,14.51,0.01,2.22,2,0,UP
2026-10-03 00:36:22.167756,SW1,Gi0/1,39.63,45.09,33.64,13.78,0.28,2.9,6,0,UP
2026-10-03 00:36:22.167756,SW1,Gi0/10,32.26,49.23,47.01,13.92,0.34,1.49,1,0,UP
2026-10-03 00:36:22.167756,SW1,Gi0/11,46.85,41.63,36.39,12.88,0.41,1.16,3,0,UP
2026-10-03 00:36:22.167756,SW2,Gi0/2,42.77,57.35,48.57,8.32,0.07,2.69,3,0,UP
2026-10-03 00:36:22.167756,SW2,Gi0/10,34.37,52.47,47.46,7.01,0.0,2.16,7,0,UP
2026-10-03 00:36:22.167756,SW2,Gi0/11,41.32,37.75,32.1,13.25,0.27,1.9,2,0,UP
2026-10-03 00:37:22.167756,R1,Gi0/1,43.97,55.52,50.55,10.09,0.29,1.82,1,0,UP
2026-10-03 00:37:22.167756,R1,Gi0/2,36.8,50.11,49.56,7.96,0.13,1.77,5,0,UP
2026-10-03 00:37:22.167756,SW1,Gi0/1,35.67,48.35,51.48,12.08,0.35,1.92,6,0,UP
2026-10-03 00:37:22.167756,SW1,Gi0/10,50.31,52.29,48.35,13.12,0.28,2.06,5,0,UP
2026-10-03 00:37:22.167756,SW1,Gi0/11,42.5,56.93,33.38,12.43,0.3,1.43,3,0,UP
2026-10-03 00:37:22.167756,SW2,Gi0/2,43.04,58.64,42.28,12.42,0.14,1.93,6,0,UP
2026-10-03 00:37:22.167756,SW2,Gi0/10,39.85,46.45,43.54,10.96,0.16,1.73,2,0,UP
2026-10-03 00:37:22.167756,SW2,Gi0/11,34.07,50.35,37.17,14.28,0.17,2.2,3,0,UP
2026-10-03 00:38:22.167756,R1,Gi0/1,30.82,48.67,58.75,10.45,0.43,2.27,4,0,UP
2026-10-03 00:38:22.167756,R1,Gi0/2,41.2,55.23,53.81,11.96,0.16,1.29,4,0,UP
2026-10-03 00:38:22.167756,SW1,Gi0/1,40.33,45.78,40.36,11.86,0.1,2.02,0,0,UP
2026-10-03 00:38:22.167756,SW1,Gi0/10,37.34,44.19,46.6,10.04,0.14,3.13,4,0,UP
2026-10-03 00:38:22.167756,SW1,Gi0/11,43.0,56.49,49.1,9.19,0.07,0.65,3,0,UP
2026-10-03 00:38:22.167756,SW2,Gi0/2,34.7,47.15,42.44,10.78,0.2,1.86,2,0,UP
2026-10-03 00:38:22.167756,SW2,Gi0/10,32.26,51.21,62.41,12.55,0.43,1.72,2,0,UP
2026-10-03 00:38:22.167756,SW2,Gi0/11,39.9,49.15,54.32,7.62,0.15,2.83,2,0,UP
2026-10-03 00:39:22.167756,R1,Gi0/1,44.64,53.02,44.42,12.63,0.19,0.94,3,0,UP
2026-10-03 00:39:22.167756,R1,Gi0/2,36.92,43.12,48.1,12.64,0.3,1.87,4,0,UP
2026-10-03 00:39:22.167756,SW1,Gi0/1,40.11,51.73,48.42,9.34,0.24,2.05,2,0,UP
2026-10-03 00:39:22.167756,SW1,Gi0/10,40.57,62.75,29.64,11.74,0.28,1.38,3,0,UP
2026-10-03 00:39:22.167756,SW1,Gi0/11,41.51,42.05,40.33,15.57,0.04,1.78,2,0,UP
2026-10-03 00:39:22.167756,SW2,Gi0/2,40.02,47.93,45.66,11.93,0.27,2.42,3,0,UP
2026-10-03 00:39:22.167756,SW2,Gi0/10,41.18,42.18,45.93,14.23,0.04,1.34,5,0,UP
2026-10-03 00:39:22.167756,SW2,Gi0/11,32.51,49.49,40.59,14.86,0.23,2.4,3,0,UP
2026-10-03 00:40:22.167756,R1,Gi0/1,49.98,46.28,47.75,14.51,0.35,1.87,0,0,UP
2026-10-03 00:40:22.167756,R1,Gi0/2,38.08,58.72,38.89,12.58,0.17,1.96,5,0,UP
2026-10-03 00:40:22.167756,SW1,Gi0/1,41.27,60.21,52.81,12.26,0.19,2.17,0,0,UP
2026-10-03 00:40:22.167756,SW1,Gi0/10,34.71,53.79,52.36,9.35,0.29,1.91,1,0,UP
2026-10-03 00:40:22.167756,SW1,Gi0/11,38.43,54.44,49.87,12.59,0.24,1.43,4,0,UP
2026-10-03 00:40:22.167756,SW2,Gi0/2,37.71,60.11,41.96,16.45,0.18,1.95,2,0,UP
2026-10-03 00:40:22.167756,SW2,Gi0/10,33.71,56.63,45.78,13.25,0.36,1.93,2,0,UP
2026-10-03 00:40:22.167756,SW2,Gi0/11,40.72,43.59,30.37,8.99,0.32,1.84,4,0,UP
2026-10-03 00:41:22.167756,R1,Gi0/1,38.71,42.11,51.93,10.22,0.26,2.46,2,0,UP
2026-10-03 00:41:22.167756,R1,Gi0/2,42.37,42.88,68.4,12.88,0.28,2.47,2,0,UP
2026-10-03 00:41:22.167756,SW1,Gi0/1,40.39,55.42,42.06,12.78,0.25,1.63,3,0,UP
2026-10-03 00:41:22.167756,SW1,Gi0/10,31.53,54.59,57.56,13.81,0.35,1.62,2,0,UP
2026-10-03 00:41:22.167756,SW1,Gi0/11,40.63,50.64,41.5,10.17,0.37,1.58,6,0,UP
2026-10-03 00:41:22.167756,SW2,Gi0/2,42.48,51.02,49.34,15.05,0.0,2.18,3,0,UP
2026-10-03 00:41:22.167756,SW2,Gi0/10,40.93,54.7,40.12,9.7,0.06,1.55,4,0,UP
2026-10-03 00:41:22.167756,SW2,Gi0/11,42.52,54.42,41.32,11.17,0.37,2.51,4,0,UP
2026-10-03 00:42:22.167756,R1,Gi0/1,30.88,59.79,44.26,12.35,0.24,2.08,2,0,UP
2026-10-03 00:42:22.167756,R1,Gi0/2,40.73,53.18,51.79,14.44,0.09,1.73,4,0,UP
2026-10-03 00:42:22.167756,SW1,Gi0/1,32.15,50.81,38.71,13.1,0.12,1.82,2,0,UP
2026-10-03 00:42:22.167756,SW1,Gi0/10,41.23,54.79,53.26,12.41,0.09,3.29,2,0,UP
2026-10-03 00:42:22.167756,SW1,Gi0/11,41.37,51.21,47.83,10.31,0.24,2.91,0,0,UP
2026-10-03 00:42:22.167756,SW2,Gi0/2,40.16,44.39,52.91,14.28,0.19,2.03,1,0,UP
2026-10-03 00:42:22.167756,SW2,Gi0/10,28.21,48.65,43.29,12.09,0.0,1.14,0,0,UP
2026-10-03 00:42:22.167756,SW2,Gi0/11,40.42,52.93,35.7,11.45,0.14,3.02,2,0,UP
2026-10-03 00:43:22.167756,R1,Gi0/1,37.86,45.92,29.79,13.29,0.17,1.81,3,0,UP
2026-10-03 00:43:22.167756,R1,Gi0/2,32.11,58.85,30.44,15.55,0.2,1.81,4,0,UP
2026-10-03 00:43:22.167756,SW1,Gi0/1,38.27,54.66,47.46,13.43,0.3,1.91,4,0,UP
2026-10-03 00:43:22.167756,SW1,Gi0/10,42.59,56.67,42.06,14.73,0.12,1.0,0,0,UP
2026-10-03 00:43:22.167756,SW1,Gi0/11,38.34,51.31,45.13,13.57,0.08,2.86,5,0,UP
2026-10-03 00:43:22.167756,SW2,Gi0/2,44.68,56.33,32.58,13.4,0.27,2.48,4,0,UP
2026-10-03 00:43:22.167756,SW2,Gi0/10,42.22,52.02,54.54,10.75,0.24,1.72,2,0,UP
2026-10-03 00:43:22.167756,SW2,Gi0/11,26.64,45.65,41.51,11.15,0.17,1.41,2,0,UP
2026-10-03 00:44:22.167756,R1,Gi0/1,45.43,48.51,55.39,14.47,0.14,2.28,0,0,UP
2026-10-03 00:44:22.167756,R1,Gi0/2,34.73,50.56,49.07,15.23,0.18,2.09,3,0,UP
2026-10-03 00:44:22.167756,SW1,Gi0/1,48.97,56.71,48.08,13.59,0.23,2.54,4,0,UP
2026-10-03 00:44:22.167756,SW1,Gi0/10,38.49,50.5,46.29,12.3,0.15,2.17,1,0,UP
2026-10-03 00:44:22.167756,SW1,Gi0/11,37.07,49.41,47.16,14.45,0.27,2.56,6,0,UP
2026-10-03 00:44:22.167756,SW2,Gi0/2,37.07,53.56,51.01,12.51,0.29,2.04,4,0,UP
2026-10-03 00:44:22.167756,SW2,Gi0/10,32.92,50.01,50.67,14.06,0.11,1.96,0,0,UP
2026-10-03 00:44:22.167756,SW2,Gi0/11,38.06,51.58,53.28,13.81,0.22,1.67,2,0,UP
2026-10-03 00:45:22.167756,R1,Gi0/1,52.69,43.01,35.34,12.35,0.27,2.43,3,0,UP
2026-10-03 00:45:22.167756,R1,Gi0/2,32.4,48.9,30.87,12.79,0.25,1.94,0,0,UP
2026-10-03 00:45:22.167756,SW1,Gi0/1,35.91,41.88,44.59,18.34,0.19,1.79,3,0,UP
2026-10-03 00:45:22.167756,SW1,Gi0/10,34.25,44.42,40.05,13.77,0.23,1.92,4,0,UP
2026-10-03 00:45:22.167756,SW1,Gi0/11,48.54,53.68,36.86,8.23,0.03,2.43,1,0,UP
2026-10-03 00:45:22.167756,SW2,Gi0/2,44.09,47.73,48.1,13.4,0.12,2.41,1,0,UP
2026-10-03 00:45:22.167756,SW2,Gi0/10,36.49,54.11,50.06,12.92,0.09,1.81,4,0,UP
2026-10-03 00:45:22.167756,SW2,Gi0/11,51.42,59.06,41.26,10.68,0.37,2.3,2,0,UP
2026-10-03 00:46:22.167756,R1,Gi0/1,40.63,43.75,53.07,14.8,0.35,2.56,2,0,UP
2026-10-03 00:46:22.167756,R1,Gi0/2,44.47,57.3,52.56,13.71,0.22,1.55,6,0,UP
2026-10-03 00:46:22.167756,SW1,Gi0/1,39.82,56.07,64.82,13.82,0.32,1.53,1,0,UP
2026-10-03 00:46:22.167756,SW1,Gi0/10,46.32,47.25,34.27,8.68,0.18,1.89,4,0,UP
2026-10-03 00:46:22.167756,SW1,Gi0/11,35.05,56.89,35.3,9.63,0.21,2.03,4,0,UP
2026-10-03 00:46:22.167756,SW2,Gi0/2,34.12,51.77,93.820346011473,108.71634718020638,19.24697491795117,2.52,259,8,UP
2026-10-03 00:46:22.167756,SW2,Gi0/10,29.89,47.71,48.59,11.08,0.36,2.31,1,0,UP
2026-10-03 00:46:22.167756,SW2,Gi0/11,32.02,54.37,51.73,13.51,0.37,2.23,3,0,UP
2026-10-03 00:47:22.167756,R1,Gi0/1,43.82,56.17,50.5,12.06,0.3,2.05,2,0,UP
2026-10-03 00:47:22.167756,R1,Gi0/2,40.61,48.4,44.31,10.31,0.3,2.11,4,0,UP
2026-10-03 00:47:22.167756,SW1,Gi0/1,42.41,45.49,55.59,11.55,0.16,2.11,3,0,UP
2026-10-03 00:47:22.167756,SW1,Gi0/10,53.0,52.98,41.12,15.8,0.04,1.76,1,0,UP
2026-10-03 00:47:22.167756,SW1,Gi0/11,39.98,51.73,48.49,12.83,0.26,1.97,5,0,UP
2026-10-03 00:47:22.167756,SW2,Gi0/2,31.94,37.24,94.33151024773343,123.30518259781377,14.226705121160162,2.52,489,8,UP
2026-10-03 00:47:22.167756,SW2,Gi0/10,37.57,53.38,41.83,12.12,0.17,2.13,2,0,UP
2026-10-03 00:47:22.167756,SW2,Gi0/11,45.0,52.26,40.93,11.11,0.07,1.02,4,0,UP
2026-10-03 00:48:22.167756,R1,Gi0/1,38.22,43.91,48.56,10.56,0.19,1.35,4,0,UP
2026-10-03 00:48:22.167756,R1,Gi0/2,40.44,52.5,41.58,12.49,0.05,3.14,3,0,UP
2026-10-03 00:48:22.167756,SW1,Gi0/1,48.54,48.67,36.6,11.02,0.2,1.94,6,0,UP
2026-10-03 00:48:22.167756,SW1,Gi0/10,35.72,46.98,50.7,8.83,0.2,2.07,3,0,UP
2026-10-03 00:48:22.167756,SW1,Gi0/11,41.74,59.94,37.92,10.71,0.26,2.11,3,0,UP
2026-10-03 00:48:22.167756,SW2,Gi0/2,32.97,60.91,94.21999665330232,139.38592834660503,18.45343712324993,1.45,474,9,UP
2026-10-03 00:48:22.167756,SW2,Gi0/10,33.42,55.03,35.23,10.05,0.21,1.69,1,0,UP
2026-10-03 00:48:22.167756,SW2,Gi0/11,32.35,48.35,52.07,15.76,0.28,2.34,0,0,UP
2026-10-03 00:49:22.167756,R1,Gi0/1,39.86,46.74,32.91,9.46,0.27,1.72,0,0,UP
2026-10-03 00:49:22.167756,R1,Gi0/2,36.82,51.45,39.61,9.58,0.11,2.44,0,0,UP
2026-10-03 00:49:22.167756,SW1,Gi0/1,38.66,49.42,38.95,10.08,0.3,2.49,3,0,UP
2026-10-03 00:49:22.167756,SW1,Gi0/10,37.28,50.56,48.24,11.78,0.24,1.82,0,0,UP
2026-10-03 00:49:22.167756,SW1,Gi0/11,39.03,53.42,45.25,12.69,0.17,1.9,3,0,UP
2026-10-03 00:49:22.167756,SW2,Gi0/2,49.72,54.21,92.74420052725947,99.77848698609341,12.58234910268166,2.61,366,6,UP
2026-10-03 00:49:22.167756,SW2,Gi0/10,41.83,49.78,49.37,11.54,0.27,1.58,0,0,UP
2026-10-03 00:49:22.167756,SW2,Gi0/11,33.99,50.71,42.59,11.7,0.07,2.15,0,0,UP
2026-10-03 00:50:22.167756,R1,Gi0/1,42.48,42.93,38.29,10.05,0.26,1.77,3,0,UP
2026-10-03 00:50:22.167756,R1,Gi0/2,45.7,58.9,46.85,9.8,0.33,2.76,2,0,UP
2026-10-03 00:50:22.167756,SW1,Gi0/1,46.59,51.67,31.73,10.74,0.15,1.82,1,0,UP
2026-10-03 00:50:22.167756,SW1,Gi0/10,35.18,56.73,31.11,10.55,0.26,1.72,3,0,UP
2026-10-03 00:50:22.167756,SW1,Gi0/11,37.99,52.19,36.7,8.28,0.16,1.11,2,0,UP
2026-10-03 00:50:22.167756,SW2,Gi0/2,34.32,44.38,93.6680468537538,166.79226503923735,10.69362682271265,1.98,467,5,UP
2026-10-03 00:50:22.167756,SW2,Gi0/10,29.66,51.74,52.62,11.15,0.17,1.72,3,0,UP
2026-10-03 00:50:22.167756,SW2,Gi0/11,38.75,48.95,38.52,16.08,0.17,2.35,3,0,UP
2026-10-03 00:51:22.167756,R1,Gi0/1,27.2,48.15,35.78,13.95,0.07,2.25,4,0,UP
2026-10-03 00:51:22.167756,R1,Gi0/2,41.4,50.02,41.83,11.75,0.07,2.09,5,0,UP
2026-10-03 00:51:22.167756,SW1,Gi0/1,35.64,50.09,44.17,12.63,0.15,1.25,0,0,UP
2026-10-03 00:51:22.167756,SW1,Gi0/10,28.41,53.88,48.18,11.97,0.13,1.92,2,0,UP
2026-10-03 00:51:22.167756,SW1,Gi0/11,37.39,47.58,55.48,9.5,0.3,1.19,6,0,UP
2026-10-03 00:51:22.167756,SW2,Gi0/2,28.05,52.33,99.0236431674833,113.37586831213294,16.268534397280156,2.3,210,5,UP
2026-10-03 00:51:22.167756,SW2,Gi0/10,39.85,50.93,39.71,11.78,0.13,2.28,3,0,UP
2026-10-03 00:51:22.167756,SW2,Gi0/11,41.08,53.31,54.98,10.02,0.42,2.2,1,0,UP
2026-10-03 00:52:22.167756,R1,Gi0/1,51.5,47.92,35.31,10.98,0.14,2.54,2,0,UP
2026-10-03 00:52:22.167756,R1,Gi0/2,40.5,50.32,54.33,11.35,0.18,1.66,2,0,UP
2026-10-03 00:52:22.167756,SW1,Gi0/1,42.63,53.64,58.6,11.79,0.17,2.2,2,0,UP
2026-10-03 00:52:22.167756,SW1,Gi0/10,36.8,51.62,41.87,11.42,0.26,2.16,7,0,UP
2026-10-03 00:52:22.167756,SW1,Gi0/11,44.61,46.16,41.8,9.25,0.1,2.63,2,0,UP
2026-10-03 00:52:22.167756,SW2,Gi0/2,33.07,40.26,90.37472487755554,161.65024683204635,21.164510829522953,1.8,190,8,UP
2026-10-03 00:52:22.167756,SW2,Gi0/10,35.32,56.13,43.91,12.92,0.15,2.51,0,0,UP
2026-10-03 00:52:22.167756,SW2,Gi0/11,33.83,45.15,54.41,11.53,0.11,1.9,3,0,UP
2026-10-03 00:53:22.167756,R1,Gi0/1,34.61,50.8,43.91,10.99,0.07,2.44,2,0,UP
2026-10-03 00:53:22.167756,R1,Gi0/2,25.33,51.78,48.05,13.87,0.24,2.07,2,0,UP
2026-10-03 00:53:22.167756,SW1,Gi0/1,37.58,53.38,43.75,9.13,0.17,1.97,0,0,UP
2026-10-03 00:53:22.167756,SW1,Gi0/10,43.73,50.0,34.1,11.41,0.19,2.47,4,0,UP
2026-10-03 00:53:22.167756,SW1,Gi0/11,45.39,51.88,39.77,10.19,0.13,1.97,2,0,UP
2026-10-03 00:53:22.167756,SW2,Gi0/2,45.14,48.73,90.87785484188116,140.84546138767274,15.631270071701975,1.51,247,5,UP
2026-10-03 00:53:22.167756,SW2,Gi0/10,47.85,39.09,40.41,13.32,0.26,1.27,5,0,UP
2026-10-03 00:53:22.167756,SW2,Gi0/11,45.31,49.09,45.22,10.17,0.23,2.11,2,0,UP
2026-10-03 00:54:22.167756,R1,Gi0/1,43.23,51.66,70.71,10.2,0.33,1.57,4,0,UP
2026-10-03 00:54:22.167756,R1,Gi0/2,27.0,47.44,48.78,12.48,0.0,1.79,5,0,UP
2026-10-03 00:54:22.167756,SW1,Gi0/1,45.14,54.8,63.82,8.51,0.16,2.02,1,0,UP
2026-10-03 00:54:22.167756,SW1,Gi0/10,40.62,56.5,45.88,7.59,0.27,1.99,0,0,UP
2026-10-03 00:54:22.167756,SW1,Gi0/11,36.92,41.32,42.7,10.99,0.05,2.13,0,0,UP
2026-10-03 00:54:22.167756,SW2,Gi0/2,46.62,50.84,99.28844792482165,128.03351754827804,21.834347259439745,2.17,372,5,UP
2026-10-03 00:54:22.167756,SW2,Gi0/10,38.43,52.02,57.19,5.16,0.39,1.5,3,0,UP
2026-10-03 00:54:22.167756,SW2,Gi0/11,31.41,57.46,33.94,14.24,0.18,1.92,0,0,UP
2026-10-03 00:55:22.167756,R1,Gi0/1,46.1,49.26,50.74,7.87,0.11,2.13,0,0,UP
2026-10-03 00:55:22.167756,R1,Gi0/2,41.81,46.69,38.78,13.03,0.22,1.44,5,0,UP
2026-10-03 00:55:22.167756,SW1,Gi0/1,42.53,39.93,42.57,12.75,0.19,0.34,3,0,UP
2026-10-03 00:55:22.167756,SW1,Gi0/10,43.79,49.59,45.44,14.04,0.04,2.37,3,0,UP
2026-10-03 00:55:22.167756,SW1,Gi0/11,31.88,53.49,59.45,12.67,0.26,1.47,1,0,UP
2026-10-03 00:55:22.167756,SW2,Gi0/2,34.91,51.98,92.71000247708777,166.12048054213122,20.2282620324373,2.83,475,5,UP
2026-10-03 00:55:22.167756,SW2,Gi0/10,32.13,50.2,46.53,13.66,0.17,2.44,4,0,UP
2026-10-03 00:55:22.167756,SW2,Gi0/11,38.51,54.1,52.44,9.82,0.3,1.94,2,0,UP
2026-10-03 00:56:22.167756,R1,Gi0/1,94.63149321351315,93.37664672943542,54.91,12.95,0.23,1.95,8,0,UP
2026-10-03 00:56:22.167756,R1,Gi0/2,95.97100900420459,82.28646563435993,47.42,10.19,0.3,1.26,1,0,UP
2026-10-03 00:56:22.167756,SW1,Gi0/1,37.99,44.98,53.33,9.37,0.1,1.66,4,0,UP
2026-10-03 00:56:22.167756,SW1,Gi0/10,47.26,52.61,34.49,292.35867749959044,98.59157431631051,2.01,1132,0,DOWN
2026-10-03 00:56:22.167756,SW1,Gi0/11,50.97,47.15,44.43,10.63,0.1,2.65,3,0,UP
2026-10-03 00:56:22.167756,SW2,Gi0/2,41.58,43.6,93.04175796792144,119.57485283332022,21.11054400643723,2.23,257,8,UP
2026-10-03 00:56:22.167756,SW2,Gi0/10,43.46,53.6,41.52,12.91,0.15,1.61,0,0,UP
2026-10-03 00:56:22.167756,SW2,Gi0/11,40.43,46.29,56.03,15.25,0.25,2.12,3,0,UP
2026-10-03 00:57:22.167756,R1,Gi0/1,94.37975597907965,90.35742271663479,43.36,11.6,0.23,1.41,0,0,UP
2026-10-03 00:57:22.167756,R1,Gi0/2,91.3170919773313,93.71684193846009,37.44,14.91,0.05,1.33,0,0,UP
2026-10-03 00:57:22.167756,SW1,Gi0/1,36.77,48.01,44.36,11.93,0.14,1.47,3,0,UP
2026-10-03 00:57:22.167756,SW1,Gi0/10,35.5,53.91,33.14,204.4871341691972,80.9761772621224,3.09,1156,0,DOWN
2026-10-03 00:57:22.167756,SW1,Gi0/11,46.04,58.07,53.5,11.87,0.01,2.04,3,0,UP
2026-10-03 00:57:22.167756,SW2,Gi0/2,41.19,52.38,93.4408295375864,148.60298152188332,13.076024999643781,2.45,423,7,UP
2026-10-03 00:57:22.167756,SW2,Gi0/10,38.75,51.27,40.52,9.85,0.23,1.11,4,0,UP
2026-10-03 00:57:22.167756,SW2,Gi0/11,43.3,47.25,41.05,10.02,0.16,1.9,2,0,UP
2026-10-03 00:58:22.167756,R1,Gi0/1,99.47344231903699,90.0700965904028,37.74,13.46,0.41,1.57,5,0,UP
2026-10-03 00:58:22.167756,R1,Gi0/2,97.06364353818437,81.38882166874971,45.08,10.62,0.16,1.32,4,0,UP
2026-10-03 00:58:22.167756,SW1,Gi0/1,35.51,46.68,38.74,10.54,0.21,2.03,8,0,UP
2026-10-03 00:58:22.167756,SW1,Gi0/10,38.77,49.5,55.7,267.7621823290558,86.53575558175811,1.93,1097,0,DOWN
2026-10-03 00:58:22.167756,SW1,Gi0/11,44.87,56.73,53.25,12.93,0.22,3.02,2,0,UP
2026-10-03 00:58:22.167756,SW2,Gi0/2,43.49,55.87,91.03378289943488,120.5933408432691,11.168263767759846,2.84,235,8,UP
2026-10-03 00:58:22.167756,SW2,Gi0/10,34.97,54.9,26.51,11.54,0.21,1.78,6,0,UP
2026-10-03 00:58:22.167756,SW2,Gi0/11,40.52,45.19,51.03,12.8,0.02,2.67,3,0,UP
2026-10-03 00:59:22.167756,R1,Gi0/1,96.0060685630809,84.24702299915127,42.31,12.85,0.19,2.15,4,0,UP
2026-10-03 00:59:22.167756,R1,Gi0/2,95.6078595221936,82.84220393543512,42.02,10.86,0.28,2.73,1,0,UP
2026-10-03 00:59:22.167756,SW1,Gi0/1,41.58,42.95,59.44,14.29,0.14,1.82,5,0,UP
2026-10-03 00:59:22.167756,SW1,Gi0/10,40.88,53.16,37.11,163.69907331917815,88.86995247953152,2.15,1210,0,DOWN
2026-10-03 00:59:22.167756,SW1,Gi0/11,38.95,50.52,40.32,16.54,0.09,2.25,3,0,UP
2026-10-03 00:59:22.167756,SW2,Gi0/2,43.8,37.5,97.68982053055599,159.31104260626037,22.47239369545983,1.87,286,8,UP
2026-10-03 00:59:22.167756,SW2,Gi0/10,40.08,45.79,48.76,12.38,0.25,2.76,2,0,UP
2026-10-03 00:59:22.167756,SW2,Gi0/11,40.55,45.07,34.98,11.99,0.21,2.34,4,0,UP
2026-10-03 01:00:22.167756,R1,Gi0/1,97.22886958589224,93.68539804160925,42.5,11.62,0.23,1.41,4,0,UP
2026-10-03 01:00:22.167756,R1,Gi0/2,95.32547775537837,94.88070685246899,49.34,12.75,0.24,1.81,6,0,UP
2026-10-03 01:00:22.167756,SW1,Gi0/1,32.69,46.57,40.58,10.56,0.03,2.82,4,0,UP
2026-10-03 01:00:22.167756,SW1,Gi0/10,36.84,53.49,43.72,162.70368603253627,81.73870683989405,2.01,859,0,DOWN
2026-10-03 01:00:22.167756,SW1,Gi0/11,35.14,54.78,38.42,14.81,0.13,1.25,4,0,UP
2026-10-03 01:00:22.167756,SW2,Gi0/2,37.77,42.1,91.63168303498253,117.83383605034996,19.360582404148698,2.34,159,6,UP
2026-10-03 01:00:22.167756,SW2,Gi0/10,38.03,56.06,51.42,13.33,0.18,1.7,3,0,UP
2026-10-03 01:00:22.167756,SW2,Gi0/11,43.24,43.7,42.41,11.62,0.17,1.66,0,0,UP
2026-10-03 01:01:22.167756,R1,Gi0/1,92.15916091725029,86.49259906646763,41.22,13.3,0.06,2.14,0,0,UP
2026-10-03 01:01:22.167756,R1,Gi0/2,90.07310645695287,93.4429365438924,37.88,11.96,0.06,1.29,4,0,UP
2026-10-03 01:01:22.167756,SW1,Gi0/1,32.02,49.41,56.81,12.28,0.2,1.64,1,0,UP
2026-10-03 01:01:22.167756,SW1,Gi0/10,39.16,40.02,53.1,280.7627732119306,90.34191063865995,2.51,686,0,DOWN
2026-10-03 01:01:22.167756,SW1,Gi0/11,42.2,61.18,45.77,15.06,0.2,2.23,1,0,UP
2026-10-03 01:01:22.167756,SW2,Gi0/2,30.57,40.87,97.0175453836553,143.85879714773756,14.287691742475552,1.86,498,6,UP
2026-10-03 01:01:22.167756,SW2,Gi0/10,46.45,46.54,48.14,15.48,0.28,1.62,3,0,UP
2026-10-03 01:01:22.167756,SW2,Gi0/11,40.92,53.19,45.31,12.97,0.3,1.47,0,0,UP
2026-10-03 01:02:22.167756,R1,Gi0/1,93.8308357690866,82.02607674763897,51.9,14.18,0.01,1.58,2,0,UP
2026-10-03 01:02:22.167756,R1,Gi0/2,95.63611803250296,80.05155435465814,34.77,11.12,0.1,2.17,4,0,UP
2026-10-03 01:02:22.167756,SW1,Gi0/1,42.04,62.99,52.51,13.8,0.19,1.85,5,0,UP
2026-10-03 01:02:22.167756,SW1,Gi0/10,38.73,50.17,43.62,123.49529498477625,87.50604072402456,2.53,731,0,DOWN
2026-10-03 01:02:22.167756,SW1,Gi0/11,40.91,51.66,56.71,8.43,0.2,1.68,1,0,UP
2026-10-03 01:02:22.167756,SW2,Gi0/2,35.75,52.7,92.32507474183073,111.10868851456013,12.690994127565,1.65,293,8,UP
2026-10-03 01:02:22.167756,SW2,Gi0/10,37.97,53.41,55.0,15.92,0.2,2.58,5,0,UP
2026-10-03 01:02:22.167756,SW2,Gi0/11,37.62,56.17,27.59,12.6,0.36,2.05,2,0,UP
2026-10-03 01:03:22.167756,R1,Gi0/1,93.7175330145125,88.52551399351006,32.27,11.22,0.28,2.16,5,0,UP
2026-10-03 01:03:22.167756,R1,Gi0/2,95.33313344219111,94.81077503725622,49.65,9.36,0.0,1.69,3,0,UP
2026-10-03 01:03:22.167756,SW1,Gi0/1,35.94,50.87,45.47,8.28,0.15,2.47,3,0,UP
2026-10-03 01:03:22.167756,SW1,Gi0/10,36.52,53.09,59.04,120.75562427529016,88.73957910587163,2.29,1498,0,DOWN
2026-10-03 01:03:22.167756,SW1,Gi0/11,34.34,58.25,53.71,11.44,0.32,2.28,5,0,UP
2026-10-03 01:03:22.167756,SW2,Gi0/2,31.04,47.96,96.82108934317164,169.78971437320422,21.543004530309652,1.8,160,9,UP
2026-10-03 01:03:22.167756,SW2,Gi0/10,41.72,52.67,27.7,11.52,0.28,0.82,0,0,UP
2026-10-03 01:03:22.167756,SW2,Gi0/11,31.13,53.25,37.56,9.6,0.21,1.38,3,0,UP
2026-10-03 01:04:22.167756,R1,Gi0/1,96.64877182994744,88.4352928180902,29.46,11.09,0.25,2.2,4,0,UP
2026-10-03 01:04:22.167756,R1,Gi0/2,98.09858714839672,94.70766259297869,25.38,13.23,0.07,2.1,1,0,UP
2026-10-03 01:04:22.167756,SW1,Gi0/1,39.57,54.79,41.5,10.52,0.2,1.68,1,0,UP
2026-10-03 01:04:22.167756,SW1,Gi0/10,49.33,40.73,50.23,239.41694543662,93.72660121418036,2.17,515,0,DOWN
2026-10-03 01:04:22.167756,SW1,Gi0/11,46.6,44.33,40.87,14.02,0.18,2.27,5,0,UP
2026-10-03 01:04:22.167756,SW2,Gi0/2,42.81,46.94,99.71872954587509,121.49845663457843,15.782036005899034,1.9,138,9,UP
2026-10-03 01:04:22.167756,SW2,Gi0/10,33.58,48.82,44.37,11.81,0.16,1.85,2,0,UP
2026-10-03 01:04:22.167756,SW2,Gi0/11,47.3,38.98,50.59,11.83,0.19,1.8,4,0,UP
2026-10-03 01:05:22.167756,R1,Gi0/1,92.98642810394263,86.76121988034187,61.75,12.29,0.21,1.3,1,0,UP
2026-10-03 01:05:22.167756,R1,Gi0/2,96.33180241445365,85.73061832641942,48.33,11.08,0.4,1.92,5,0,UP
2026-10-03 01:05:22.167756,SW1,Gi0/1,39.24,51.74,47.82,13.85,0.27,1.76,5,0,UP
2026-10-03 01:05:22.167756,SW1,Gi0/10,35.05,44.08,42.67,193.20546953134172,81.40703355814446,1.96,1471,0,DOWN
2026-10-03 01:05:22.167756,SW1,Gi0/11,38.65,54.86,38.25,9.56,0.24,1.61,7,0,UP
2026-10-03 01:05:22.167756,SW2,Gi0/2,40.96,55.12,95.09697550954297,112.18126293262796,14.195735644422948,1.91,492,6,UP
2026-10-03 01:05:22.167756,SW2,Gi0/10,45.2,51.61,45.94,14.72,0.2,2.52,6,0,UP
2026-10-03 01:05:22.167756,SW2,Gi0/11,40.7,51.3,52.64,14.87,0.21,1.68,4,0,UP
